Region,Region.1,Fuel,Value,,Unit,Source,Updated at,Updated by
AT,CH,All,439,,km,Own calulation of distance - see txt.file for more Info,05.09.2023,Jonathan Hanto <joh@wip.tu-berlin.de>
AT,CZ,All,286,,km,Own calulation of distance - see txt.file for more Info,05.09.2023,Jonathan Hanto <joh@wip.tu-berlin.de>
AT,DE,All,487,,km,Own calulation of distance - see txt.file for more Info,05.09.2023,Jonathan Hanto <joh@wip.tu-berlin.de>
AT,DE_BW,All,372,,km,Own calulation of distance - see txt.file for more Info,19.09.2023,Jonathan Hanto <joh@wip.tu-berlin.de>
AT,DE_BY,All,230,,km,Own calulation of distance - see txt.file for more Info,19.09.2023,Jonathan Hanto <joh@wip.tu-berlin.de>
AT,HU,All,391,,km,Own calulation of distance - see txt.file for more Info,05.09.2023,Jonathan Hanto <joh@wip.tu-berlin.de>
AT,IT,All,576,,km,Own calulation of distance - see txt.file for more Info,05.09.2023,Jonathan Hanto <joh@wip.tu-berlin.de>
AT,SI,All,143,,km,Own calulation of distance - see txt.file for more Info,05.09.2023,Jonathan Hanto <joh@wip.tu-berlin.de>
AT,SK,All,428,,km,Own calulation of distance - see txt.file for more Info,05.09.2023,Jonathan Hanto <joh@wip.tu-berlin.de>
BE,DE,All,385,,km,Own calulation of distance - see txt.file for more Info,05.09.2023,Jonathan Hanto <joh@wip.tu-berlin.de>
BE,DE_RP,All,146,,km,Own calulation of distance - see txt.file for more Info,19.09.2023,Jonathan Hanto <joh@wip.tu-berlin.de>
BE,FR,All,477,,km,Own calulation of distance - see txt.file for more Info,05.09.2023,Jonathan Hanto <joh@wip.tu-berlin.de>
BE,LU,All,162,,km,Own calulation of distance - see txt.file for more Info,20.02.2025,Konstantin Loffler <kl@wip.tu-berlin.de>
BE,NL,All,173,,km,Own calulation of distance - see txt.file for more Info,05.09.2023,Jonathan Hanto <joh@wip.tu-berlin.de>
BE,NO,All,1294,,km,Own calulation of distance - see txt.file for more Info,20.02.2025,Konstantin Loffler <kl@wip.tu-berlin.de>
BE,UK,All,527,,km,Own calulation of distance - see txt.file for more Info,05.09.2023,Jonathan Hanto <joh@wip.tu-berlin.de>
BG,GR,All,490,,km,Own calulation of distance - see txt.file for more Info,20.02.2025,Konstantin Loffler <kl@wip.tu-berlin.de>
BG,NONEU_Balkan,All,361,,km,Own calulation of distance - see txt.file for more Info,05.09.2023,Jonathan Hanto <joh@wip.tu-berlin.de>
BG,RO,All,376,,km,Own calulation of distance - see txt.file for more Info,05.09.2023,Jonathan Hanto <joh@wip.tu-berlin.de>
BG,TR,All,425,,km,Own calulation of distance - see txt.file for more Info,05.09.2023,Jonathan Hanto <joh@wip.tu-berlin.de>
CH,AT,All,439,,km,Own calulation of distance - see txt.file for more Info,05.09.2023,Jonathan Hanto <joh@wip.tu-berlin.de>
CH,DE,All,457,,km,Own calulation of distance - see txt.file for more Info,05.09.2023,Jonathan Hanto <joh@wip.tu-berlin.de>
CH,DE_BW,All,197,,km,Own calulation of distance - see txt.file for more Info,19.09.2023,Jonathan Hanto <joh@wip.tu-berlin.de>
CH,FR,All,462,,km,Own calulation of distance - see txt.file for more Info,05.09.2023,Jonathan Hanto <joh@wip.tu-berlin.de>
CH,IT,All,601,,km,Own calulation of distance - see txt.file for more Info,05.09.2023,Jonathan Hanto <joh@wip.tu-berlin.de>
CZ,AT,All,286,,km,Own calulation of distance - see txt.file for more Info,05.09.2023,Jonathan Hanto <joh@wip.tu-berlin.de>
CZ,DE,All,398,,km,Own calulation of distance - see txt.file for more Info,05.09.2023,Jonathan Hanto <joh@wip.tu-berlin.de>
CZ,DE_BY,All,298,,km,Own calulation of distance - see txt.file for more Info,19.09.2023,Jonathan Hanto <joh@wip.tu-berlin.de>
CZ,DE_SN,All,206,,km,Own calulation of distance - see txt.file for more Info,19.09.2023,Jonathan Hanto <joh@wip.tu-berlin.de>
CZ,PL,All,415,,km,Own calulation of distance - see txt.file for more Info,05.09.2023,Jonathan Hanto <joh@wip.tu-berlin.de>
CZ,SK,All,311,,km,Own calulation of distance - see txt.file for more Info,05.09.2023,Jonathan Hanto <joh@wip.tu-berlin.de>
DE,AT,All,487,,km,Own calulation of distance - see txt.file for more Info,05.09.2023,Jonathan Hanto <joh@wip.tu-berlin.de>
DE,BE,All,385,,km,Own calulation of distance - see txt.file for more Info,05.09.2023,Jonathan Hanto <joh@wip.tu-berlin.de>
DE,CH,All,457,,km,Own calulation of distance - see txt.file for more Info,05.09.2023,Jonathan Hanto <joh@wip.tu-berlin.de>
DE,CZ,All,398,,km,Own calulation of distance - see txt.file for more Info,05.09.2023,Jonathan Hanto <joh@wip.tu-berlin.de>
DE,DK,All,591,,km,Own calulation of distance - see txt.file for more Info,05.09.2023,Jonathan Hanto <joh@wip.tu-berlin.de>
DE,FI,All,1657,,km,Own calulation of distance - see txt.file for more Info,20.02.2025,Konstantin Loffler <kl@wip.tu-berlin.de>
DE,FR,All,729,,km,Own calulation of distance - see txt.file for more Info,05.09.2023,Jonathan Hanto <joh@wip.tu-berlin.de>
DE,LU,All,314,,km,Own calulation of distance - see txt.file for more Info,05.09.2023,Jonathan Hanto <joh@wip.tu-berlin.de>
DE,NL,All,350,,km,Own calulation of distance - see txt.file for more Info,05.09.2023,Jonathan Hanto <joh@wip.tu-berlin.de>
DE,NO,All,1195,,km,Own calulation of distance - see txt.file for more Info,05.09.2023,Jonathan Hanto <joh@wip.tu-berlin.de>
DE,PL,All,677,,km,Own calulation of distance - see txt.file for more Info,05.09.2023,Jonathan Hanto <joh@wip.tu-berlin.de>
DE,SE,All,1198,,km,Own calulation of distance - see txt.file for more Info,20.02.2025,Konstantin Loffler <kl@wip.tu-berlin.de>
DE,UK,All,1016,,km,Own calulation of distance - see txt.file for more Info,20.02.2025,Konstantin Loffler <kl@wip.tu-berlin.de>
DE_Baltic,DE_MV,All,30,,km,Own calulation of distance - see txt.file for more Info,19.09.2023,Jonathan Hanto <joh@wip.tu-berlin.de>
DE_Baltic,DE_SH,All,30,,km,Own calulation of distance - see txt.file for more Info,19.09.2023,Jonathan Hanto <joh@wip.tu-berlin.de>
DE_BB,DE_BE,All,45,,km,Own calulation of distance - see txt.file for more Info,19.09.2023,Jonathan Hanto <joh@wip.tu-berlin.de>
DE_BB,DE_MV,All,174,,km,Own calulation of distance - see txt.file for more Info,19.09.2023,Jonathan Hanto <joh@wip.tu-berlin.de>
DE_BB,DE_NI,All,236,,km,Own calulation of distance - see txt.file for more Info,19.09.2023,Jonathan Hanto <joh@wip.tu-berlin.de>
DE_BB,DE_SN,All,114,,km,Own calulation of distance - see txt.file for more Info,19.09.2023,Jonathan Hanto <joh@wip.tu-berlin.de>
DE_BB,DE_ST,All,106,,km,Own calulation of distance - see txt.file for more Info,19.09.2023,Jonathan Hanto <joh@wip.tu-berlin.de>
DE_BB,PL,All,443,,km,Own calulation of distance - see txt.file for more Info,19.09.2023,Jonathan Hanto <joh@wip.tu-berlin.de>
DE_BE,DE_BB,All,45,,km,Own calulation of distance - see txt.file for more Info,19.09.2023,Jonathan Hanto <joh@wip.tu-berlin.de>
DE_BE,DE_ST,All,133,,km,Own calulation of distance - see txt.file for more Info,19.09.2023,Jonathan Hanto <joh@wip.tu-berlin.de>
DE_BW,AT,All,372,,km,Own calulation of distance - see txt.file for more Info,19.09.2023,Jonathan Hanto <joh@wip.tu-berlin.de>
DE_BW,CH,All,197,,km,Own calulation of distance - see txt.file for more Info,19.09.2023,Jonathan Hanto <joh@wip.tu-berlin.de>
DE_BW,DE_BY,All,158,,km,Own calulation of distance - see txt.file for more Info,19.09.2023,Jonathan Hanto <joh@wip.tu-berlin.de>
DE_BW,DE_HE,All,221,,km,Own calulation of distance - see txt.file for more Info,19.09.2023,Jonathan Hanto <joh@wip.tu-berlin.de>
DE_BW,DE_NRW,All,340,,km,Own calulation of distance - see txt.file for more Info,19.09.2023,Jonathan Hanto <joh@wip.tu-berlin.de>
DE_BW,DE_RP,All,288,,km,Own calulation of distance - see txt.file for more Info,19.09.2023,Jonathan Hanto <joh@wip.tu-berlin.de>
DE_BW,DE_SH,All,620,,km,Own calulation of distance - see txt.file for more Info,19.09.2023,Jonathan Hanto <joh@wip.tu-berlin.de>
DE_BW,FR,All,537,,km,Own calulation of distance - see txt.file for more Info,19.09.2023,Jonathan Hanto <joh@wip.tu-berlin.de>
DE_BY,AT,All,230,,km,Own calulation of distance - see txt.file for more Info,19.09.2023,Jonathan Hanto <joh@wip.tu-berlin.de>
DE_BY,CZ,All,298,,km,Own calulation of distance - see txt.file for more Info,19.09.2023,Jonathan Hanto <joh@wip.tu-berlin.de>
DE_BY,DE_BW,All,158,,km,Own calulation of distance - see txt.file for more Info,19.09.2023,Jonathan Hanto <joh@wip.tu-berlin.de>
DE_BY,DE_HE,All,268,,km,Own calulation of distance - see txt.file for more Info,19.09.2023,Jonathan Hanto <joh@wip.tu-berlin.de>
DE_BY,DE_SH,All,625,,km,Own calulation of distance - see txt.file for more Info,19.09.2023,Jonathan Hanto <joh@wip.tu-berlin.de>
DE_BY,DE_ST,All,350,,km,Own calulation of distance - see txt.file for more Info,19.09.2023,Jonathan Hanto <joh@wip.tu-berlin.de>
DE_BY,DE_TH,All,253,,km,Own calulation of distance - see txt.file for more Info,19.09.2023,Jonathan Hanto <joh@wip.tu-berlin.de>
DE_HB,DE_NI,All,86,,km,Own calulation of distance - see txt.file for more Info,19.09.2023,Jonathan Hanto <joh@wip.tu-berlin.de>
DE_HE,DE_BW,All,221,,km,Own calulation of distance - see txt.file for more Info,19.09.2023,Jonathan Hanto <joh@wip.tu-berlin.de>
DE_HE,DE_BY,All,268,,km,Own calulation of distance - see txt.file for more Info,19.09.2023,Jonathan Hanto <joh@wip.tu-berlin.de>
DE_HE,DE_NI,All,225,,km,Own calulation of distance - see txt.file for more Info,19.09.2023,Jonathan Hanto <joh@wip.tu-berlin.de>
DE_HE,DE_NRW,All,136,,km,Own calulation of distance - see txt.file for more Info,19.09.2023,Jonathan Hanto <joh@wip.tu-berlin.de>
DE_HE,DE_RP,All,144,,km,Own calulation of distance - see txt.file for more Info,19.09.2023,Jonathan Hanto <joh@wip.tu-berlin.de>
DE_HE,DE_TH,All,124,,km,Own calulation of distance - see txt.file for more Info,19.09.2023,Jonathan Hanto <joh@wip.tu-berlin.de>
DE_HH,DE_NI,All,102,,km,Own calulation of distance - see txt.file for more Info,19.09.2023,Jonathan Hanto <joh@wip.tu-berlin.de>
DE_HH,DE_SH,All,77,,km,Own calulation of distance - see txt.file for more Info,19.09.2023,Jonathan Hanto <joh@wip.tu-berlin.de>
DE_MV,DE_Baltic,All,30,,km,Own calulation of distance - see txt.file for more Info,19.09.2023,Jonathan Hanto <joh@wip.tu-berlin.de>
DE_MV,DE_BB,All,174,,km,Own calulation of distance - see txt.file for more Info,19.09.2023,Jonathan Hanto <joh@wip.tu-berlin.de>
DE_MV,DE_NI,All,204,,km,Own calulation of distance - see txt.file for more Info,19.09.2023,Jonathan Hanto <joh@wip.tu-berlin.de>
DE_MV,DE_SH,All,192,,km,Own calulation of distance - see txt.file for more Info,19.09.2023,Jonathan Hanto <joh@wip.tu-berlin.de>
DE_MV,DK,All,291,,km,Own calulation of distance - see txt.file for more Info,19.09.2023,Jonathan Hanto <joh@wip.tu-berlin.de>
DE_NI,DE_BB,All,236,,km,Own calulation of distance - see txt.file for more Info,19.09.2023,Jonathan Hanto <joh@wip.tu-berlin.de>
DE_NI,DE_HB,All,86,,km,Own calulation of distance - see txt.file for more Info,19.09.2023,Jonathan Hanto <joh@wip.tu-berlin.de>
DE_NI,DE_HE,All,225,,km,Own calulation of distance - see txt.file for more Info,19.09.2023,Jonathan Hanto <joh@wip.tu-berlin.de>
DE_NI,DE_HH,All,102,,km,Own calulation of distance - see txt.file for more Info,19.09.2023,Jonathan Hanto <joh@wip.tu-berlin.de>
DE_NI,DE_MV,All,204,,km,Own calulation of distance - see txt.file for more Info,19.09.2023,Jonathan Hanto <joh@wip.tu-berlin.de>
DE_NI,DE_Nord,All,30,,km,Own calulation of distance - see txt.file for more Info,19.09.2023,Jonathan Hanto <joh@wip.tu-berlin.de>
DE_NI,DE_NRW,All,200,,km,Own calulation of distance - see txt.file for more Info,19.09.2023,Jonathan Hanto <joh@wip.tu-berlin.de>
DE_NI,DE_SH,All,176,,km,Own calulation of distance - see txt.file for more Info,19.09.2023,Jonathan Hanto <joh@wip.tu-berlin.de>
DE_NI,DE_ST,All,146,,km,Own calulation of distance - see txt.file for more Info,19.09.2023,Jonathan Hanto <joh@wip.tu-berlin.de>
DE_NI,DE_TH,All,193,,km,Own calulation of distance - see txt.file for more Info,19.09.2023,Jonathan Hanto <joh@wip.tu-berlin.de>
DE_NI,NL,All,246,,km,Own calulation of distance - see txt.file for more Info,19.09.2023,Jonathan Hanto <joh@wip.tu-berlin.de>
DE_Nord,DE_NI,All,30,,km,Own calulation of distance - see txt.file for more Info,19.09.2023,Jonathan Hanto <joh@wip.tu-berlin.de>
DE_Nord,DE_SH,All,30,,km,Own calulation of distance - see txt.file for more Info,19.09.2023,Jonathan Hanto <joh@wip.tu-berlin.de>
DE_NRW,DE_BW,All,340,,km,Own calulation of distance - see txt.file for more Info,19.09.2023,Jonathan Hanto <joh@wip.tu-berlin.de>
DE_NRW,DE_HE,All,136,,km,Own calulation of distance - see txt.file for more Info,19.09.2023,Jonathan Hanto <joh@wip.tu-berlin.de>
DE_NRW,DE_NI,All,200,,km,Own calulation of distance - see txt.file for more Info,19.09.2023,Jonathan Hanto <joh@wip.tu-berlin.de>
DE_NRW,DE_RP,All,149,,km,Own calulation of distance - see txt.file for more Info,19.09.2023,Jonathan Hanto <joh@wip.tu-berlin.de>
DE_NRW,NL,All,148,,km,Own calulation of distance - see txt.file for more Info,19.09.2023,Jonathan Hanto <joh@wip.tu-berlin.de>
DE_RP,BE,All,146,,km,Own calulation of distance - see txt.file for more Info,19.09.2023,Jonathan Hanto <joh@wip.tu-berlin.de>
DE_RP,DE_BW,All,288,,km,Own calulation of distance - see txt.file for more Info,19.09.2023,Jonathan Hanto <joh@wip.tu-berlin.de>
DE_RP,DE_HE,All,144,,km,Own calulation of distance - see txt.file for more Info,19.09.2023,Jonathan Hanto <joh@wip.tu-berlin.de>
DE_RP,DE_NRW,All,149,,km,Own calulation of distance - see txt.file for more Info,19.09.2023,Jonathan Hanto <joh@wip.tu-berlin.de>
DE_RP,DE_SL,All,83,,km,Own calulation of distance - see txt.file for more Info,19.09.2023,Jonathan Hanto <joh@wip.tu-berlin.de>
DE_SH,DE_Baltic,All,30,,km,Own calulation of distance - see txt.file for more Info,19.09.2023,Jonathan Hanto <joh@wip.tu-berlin.de>
DE_SH,DE_BW,All,620,,km,Own calulation of distance - see txt.file for more Info,19.09.2023,Jonathan Hanto <joh@wip.tu-berlin.de>
DE_SH,DE_BY,All,625,,km,Own calulation of distance - see txt.file for more Info,19.09.2023,Jonathan Hanto <joh@wip.tu-berlin.de>
DE_SH,DE_HH,All,77,,km,Own calulation of distance - see txt.file for more Info,19.09.2023,Jonathan Hanto <joh@wip.tu-berlin.de>
DE_SH,DE_MV,All,192,,km,Own calulation of distance - see txt.file for more Info,19.09.2023,Jonathan Hanto <joh@wip.tu-berlin.de>
DE_SH,DE_NI,All,176,,km,Own calulation of distance - see txt.file for more Info,19.09.2023,Jonathan Hanto <joh@wip.tu-berlin.de>
DE_SH,DE_Nord,All,30,,km,Own calulation of distance - see txt.file for more Info,19.09.2023,Jonathan Hanto <joh@wip.tu-berlin.de>
DE_SH,DK,All,203,,km,Own calulation of distance - see txt.file for more Info,19.09.2023,Jonathan Hanto <joh@wip.tu-berlin.de>
DE_SL,DE_RP,All,83,,km,Own calulation of distance - see txt.file for more Info,19.09.2023,Jonathan Hanto <joh@wip.tu-berlin.de>
DE_SL,FR,All,426,,km,Own calulation of distance - see txt.file for more Info,19.09.2023,Jonathan Hanto <joh@wip.tu-berlin.de>
DE_SN,CZ,All,206,,km,Own calulation of distance - see txt.file for more Info,19.09.2023,Jonathan Hanto <joh@wip.tu-berlin.de>
DE_SN,DE_BB,All,114,,km,Own calulation of distance - see txt.file for more Info,19.09.2023,Jonathan Hanto <joh@wip.tu-berlin.de>
DE_SN,DE_ST,All,141,,km,Own calulation of distance - see txt.file for more Info,19.09.2023,Jonathan Hanto <joh@wip.tu-berlin.de>
DE_SN,DE_TH,All,165,,km,Own calulation of distance - see txt.file for more Info,19.09.2023,Jonathan Hanto <joh@wip.tu-berlin.de>
DE_SN,PL,All,433,,km,Own calulation of distance - see txt.file for more Info,19.09.2023,Jonathan Hanto <joh@wip.tu-berlin.de>
DE_ST,DE_BB,All,106,,km,Own calulation of distance - see txt.file for more Info,19.09.2023,Jonathan Hanto <joh@wip.tu-berlin.de>
DE_ST,DE_BE,All,133,,km,Own calulation of distance - see txt.file for more Info,19.09.2023,Jonathan Hanto <joh@wip.tu-berlin.de>
DE_ST,DE_BY,All,350,,km,Own calulation of distance - see txt.file for more Info,19.09.2023,Jonathan Hanto <joh@wip.tu-berlin.de>
DE_ST,DE_NI,All,146,,km,Own calulation of distance - see txt.file for more Info,19.09.2023,Jonathan Hanto <joh@wip.tu-berlin.de>
DE_ST,DE_SN,All,141,,km,Own calulation of distance - see txt.file for more Info,19.09.2023,Jonathan Hanto <joh@wip.tu-berlin.de>
DE_ST,DE_TH,All,120,,km,Own calulation of distance - see txt.file for more Info,19.09.2023,Jonathan Hanto <joh@wip.tu-berlin.de>
DE_TH,DE_BY,All,253,,km,Own calulation of distance - see txt.file for more Info,19.09.2023,Jonathan Hanto <joh@wip.tu-berlin.de>
DE_TH,DE_HE,All,124,,km,Own calulation of distance - see txt.file for more Info,19.09.2023,Jonathan Hanto <joh@wip.tu-berlin.de>
DE_TH,DE_NI,All,193,,km,Own calulation of distance - see txt.file for more Info,19.09.2023,Jonathan Hanto <joh@wip.tu-berlin.de>
DE_TH,DE_SN,All,165,,km,Own calulation of distance - see txt.file for more Info,19.09.2023,Jonathan Hanto <joh@wip.tu-berlin.de>
DE_TH,DE_ST,All,120,,km,Own calulation of distance - see txt.file for more Info,19.09.2023,Jonathan Hanto <joh@wip.tu-berlin.de>
DK,DE,All,591,,km,Own calulation of distance - see txt.file for more Info,05.09.2023,Jonathan Hanto <joh@wip.tu-berlin.de>
DK,DE_MV,All,291,,km,Own calulation of distance - see txt.file for more Info,19.09.2023,Jonathan Hanto <joh@wip.tu-berlin.de>
DK,DE_SH,All,203,,km,Own calulation of distance - see txt.file for more Info,19.09.2023,Jonathan Hanto <joh@wip.tu-berlin.de>
DK,NL,All,500,,km,Own calulation of distance - see txt.file for more Info,20.02.2025,Konstantin Loffler <kl@wip.tu-berlin.de>
DK,NO,All,611,,km,Own calulation of distance - see txt.file for more Info,05.09.2023,Jonathan Hanto <joh@wip.tu-berlin.de>
DK,SE,All,921,,km,Own calulation of distance - see txt.file for more Info,05.09.2023,Jonathan Hanto <joh@wip.tu-berlin.de>
DK,UK,All,844,,km,Own calulation of distance - see txt.file for more Info,20.02.2025,Konstantin Loffler <kl@wip.tu-berlin.de>
EE,FI,All,580,,km,Own calulation of distance - see txt.file for more Info,05.09.2023,Jonathan Hanto <joh@wip.tu-berlin.de>
EE,LV,All,197,,km,Own calulation of distance - see txt.file for more Info,05.09.2023,Jonathan Hanto <joh@wip.tu-berlin.de>
ES,FR,All,843,,km,Own calulation of distance - see txt.file for more Info,05.09.2023,Jonathan Hanto <joh@wip.tu-berlin.de>
ES,IT,All,1436,,km,Own calulation of distance - see txt.file for more Info,20.02.2025,Konstantin Loffler <kl@wip.tu-berlin.de>
ES,PT,All,415,,km,Own calulation of distance - see txt.file for more Info,05.09.2023,Jonathan Hanto <joh@wip.tu-berlin.de>
FI,DE,All,1657,,km,Own calulation of distance - see txt.file for more Info,20.02.2025,Konstantin Loffler <kl@wip.tu-berlin.de>
FI,EE,All,580,,km,Own calulation of distance - see txt.file for more Info,05.09.2023,Jonathan Hanto <joh@wip.tu-berlin.de>
FI,NO,All,919,,km,Own calulation of distance - see txt.file for more Info,05.09.2023,Jonathan Hanto <joh@wip.tu-berlin.de>
FI,SE,All,499,,km,Own calulation of distance - see txt.file for more Info,05.09.2023,Jonathan Hanto <joh@wip.tu-berlin.de>
FR,BE,All,477,,km,Own calulation of distance - see txt.file for more Info,05.09.2023,Jonathan Hanto <joh@wip.tu-berlin.de>
FR,CH,All,462,,km,Own calulation of distance - see txt.file for more Info,05.09.2023,Jonathan Hanto <joh@wip.tu-berlin.de>
FR,DE,All,729,,km,Own calulation of distance - see txt.file for more Info,05.09.2023,Jonathan Hanto <joh@wip.tu-berlin.de>
FR,DE_BW,All,537,,km,Own calulation of distance - see txt.file for more Info,19.09.2023,Jonathan Hanto <joh@wip.tu-berlin.de>
FR,DE_SL,All,426,,km,Own calulation of distance - see txt.file for more Info,19.09.2023,Jonathan Hanto <joh@wip.tu-berlin.de>
FR,ES,All,843,,km,Own calulation of distance - see txt.file for more Info,05.09.2023,Jonathan Hanto <joh@wip.tu-berlin.de>
FR,IE,All,1050,,km,Own calulation of distance - see txt.file for more Info,20.02.2025,Konstantin Loffler <kl@wip.tu-berlin.de>
FR,IT,All,960,,km,Own calulation of distance - see txt.file for more Info,05.09.2023,Jonathan Hanto <joh@wip.tu-berlin.de>
FR,LU,All,429,,km,Own calulation of distance - see txt.file for more Info,05.09.2023,Jonathan Hanto <joh@wip.tu-berlin.de>
FR,NO,All,1851,,km,Own calulation of distance - see txt.file for more Info,20.02.2025,Konstantin Loffler <kl@wip.tu-berlin.de>
FR,UK,All,791,,km,Own calulation of distance - see txt.file for more Info,05.09.2023,Jonathan Hanto <joh@wip.tu-berlin.de>
GR,BG,All,490,,km,Own calulation of distance - see txt.file for more Info,20.02.2025,Konstantin Loffler <kl@wip.tu-berlin.de>
GR,IT,All,805,,km,Own calulation of distance - see txt.file for more Info,05.09.2023,Jonathan Hanto <joh@wip.tu-berlin.de>
GR,NONEU_Balkan,All,356,,km,Own calulation of distance - see txt.file for more Info,05.09.2023,Jonathan Hanto <joh@wip.tu-berlin.de>
GR,TR,All,536,,km,Own calulation of distance - see txt.file for more Info,05.09.2023,Jonathan Hanto <joh@wip.tu-berlin.de>
HR,HU,All,290,,km,Own calulation of distance - see txt.file for more Info,05.09.2023,Jonathan Hanto <joh@wip.tu-berlin.de>
HR,NONEU_Balkan,All,473,,km,Own calulation of distance - see txt.file for more Info,05.09.2023,Jonathan Hanto <joh@wip.tu-berlin.de>
HR,SI,All,110,,km,Own calulation of distance - see txt.file for more Info,20.02.2025,Konstantin Loffler <kl@wip.tu-berlin.de>
HU,AT,All,391,,km,Own calulation of distance - see txt.file for more Info,05.09.2023,Jonathan Hanto <joh@wip.tu-berlin.de>
HU,HR,All,290,,km,Own calulation of distance - see txt.file for more Info,05.09.2023,Jonathan Hanto <joh@wip.tu-berlin.de>
HU,NONEU_Balkan,All,483,,km,Own calulation of distance - see txt.file for more Info,05.09.2023,Jonathan Hanto <joh@wip.tu-berlin.de>
HU,RO,All,450,,km,Own calulation of distance - see txt.file for more Info,05.09.2023,Jonathan Hanto <joh@wip.tu-berlin.de>
HU,SI,All,189,,km,Own calulation of distance - see txt.file for more Info,20.02.2025,Konstantin Loffler <kl@wip.tu-berlin.de>
HU,SK,All,181,,km,Own calulation of distance - see txt.file for more Info,05.09.2023,Jonathan Hanto <joh@wip.tu-berlin.de>
IE,FR,All,1050,,km,Own calulation of distance - see txt.file for more Info,20.02.2025,Konstantin Loffler <kl@wip.tu-berlin.de>
IE,UK,All,477,,km,Own calulation of distance - see txt.file for more Info,05.09.2023,Jonathan Hanto <joh@wip.tu-berlin.de>
IT,AT,All,576,,km,Own calulation of distance - see txt.file for more Info,05.09.2023,Jonathan Hanto <joh@wip.tu-berlin.de>
IT,CH,All,601,,km,Own calulation of distance - see txt.file for more Info,05.09.2023,Jonathan Hanto <joh@wip.tu-berlin.de>
IT,ES,All,1436,,km,Own calulation of distance - see txt.file for more Info,20.02.2025,Konstantin Loffler <kl@wip.tu-berlin.de>
IT,FR,All,960,,km,Own calulation of distance - see txt.file for more Info,05.09.2023,Jonathan Hanto <joh@wip.tu-berlin.de>
IT,GR,All,805,,km,Own calulation of distance - see txt.file for more Info,05.09.2023,Jonathan Hanto <joh@wip.tu-berlin.de>
IT,NONEU_Balkan,All,656,,km,Own calulation of distance - see txt.file for more Info,05.09.2023,Jonathan Hanto <joh@wip.tu-berlin.de>
IT,SI,All,436,,km,Own calulation of distance - see txt.file for more Info,05.09.2023,Jonathan Hanto <joh@wip.tu-berlin.de>
LT,LV,All,183,,km,Own calulation of distance - see txt.file for more Info,05.09.2023,Jonathan Hanto <joh@wip.tu-berlin.de>
LT,PL,All,457,,km,Own calulation of distance - see txt.file for more Info,05.09.2023,Jonathan Hanto <joh@wip.tu-berlin.de>
LT,SE,All,995,,km,Own calulation of distance - see txt.file for more Info,05.09.2023,Jonathan Hanto <joh@wip.tu-berlin.de>
LU,BE,All,162,,km,Own calulation of distance - see txt.file for more Info,20.02.2025,Konstantin Loffler <kl@wip.tu-berlin.de>
LU,DE,All,314,,km,Own calulation of distance - see txt.file for more Info,05.09.2023,Jonathan Hanto <joh@wip.tu-berlin.de>
LU,FR,All,429,,km,Own calulation of distance - see txt.file for more Info,05.09.2023,Jonathan Hanto <joh@wip.tu-berlin.de>
LV,EE,All,197,,km,Own calulation of distance - see txt.file for more Info,05.09.2023,Jonathan Hanto <joh@wip.tu-berlin.de>
LV,LT,All,183,,km,Own calulation of distance - see txt.file for more Info,05.09.2023,Jonathan Hanto <joh@wip.tu-berlin.de>
NL,BE,All,173,,km,Own calulation of distance - see txt.file for more Info,05.09.2023,Jonathan Hanto <joh@wip.tu-berlin.de>
NL,DE,All,350,,km,Own calulation of distance - see txt.file for more Info,05.09.2023,Jonathan Hanto <joh@wip.tu-berlin.de>
NL,DE_NI,All,246,,km,Own calulation of distance - see txt.file for more Info,19.09.2023,Jonathan Hanto <joh@wip.tu-berlin.de>
NL,DE_NRW,All,148,,km,Own calulation of distance - see txt.file for more Info,19.09.2023,Jonathan Hanto <joh@wip.tu-berlin.de>
NL,DK,All,500,,km,Own calulation of distance - see txt.file for more Info,20.02.2025,Konstantin Loffler <kl@wip.tu-berlin.de>
NL,NO,All,1113,,km,Own calulation of distance - see txt.file for more Info,20.02.2025,Konstantin Loffler <kl@wip.tu-berlin.de>
NL,UK,All,509,,km,Own calulation of distance - see txt.file for more Info,05.09.2023,Jonathan Hanto <joh@wip.tu-berlin.de>
NO,BE,All,1294,,km,Own calulation of distance - see txt.file for more Info,20.02.2025,Konstantin Loffler <kl@wip.tu-berlin.de>
NO,DE,All,1195,,km,Own calulation of distance - see txt.file for more Info,05.09.2023,Jonathan Hanto <joh@wip.tu-berlin.de>
NO,DK,All,611,,km,Own calulation of distance - see txt.file for more Info,05.09.2023,Jonathan Hanto <joh@wip.tu-berlin.de>
NO,FI,All,919,,km,Own calulation of distance - see txt.file for more Info,05.09.2023,Jonathan Hanto <joh@wip.tu-berlin.de>
NO,FR,All,1851,,km,Own calulation of distance - see txt.file for more Info,20.02.2025,Konstantin Loffler <kl@wip.tu-berlin.de>
NO,NL,All,1113,,km,Own calulation of distance - see txt.file for more Info,20.02.2025,Konstantin Loffler <kl@wip.tu-berlin.de>
NO,SE,All,454,,km,Own calulation of distance - see txt.file for more Info,05.09.2023,Jonathan Hanto <joh@wip.tu-berlin.de>
NO,UK,All,1100,,km,Own calulation of distance - see txt.file for more Info,05.09.2023,Jonathan Hanto <joh@wip.tu-berlin.de>
NONEU_Balkan,BG,All,361,,km,Own calulation of distance - see txt.file for more Info,05.09.2023,Jonathan Hanto <joh@wip.tu-berlin.de>
NONEU_Balkan,GR,All,356,,km,Own calulation of distance - see txt.file for more Info,05.09.2023,Jonathan Hanto <joh@wip.tu-berlin.de>
NONEU_Balkan,HR,All,473,,km,Own calulation of distance - see txt.file for more Info,05.09.2023,Jonathan Hanto <joh@wip.tu-berlin.de>
NONEU_Balkan,HU,All,483,,km,Own calulation of distance - see txt.file for more Info,05.09.2023,Jonathan Hanto <joh@wip.tu-berlin.de>
NONEU_Balkan,IT,All,656,,km,Own calulation of distance - see txt.file for more Info,05.09.2023,Jonathan Hanto <joh@wip.tu-berlin.de>
NONEU_Balkan,RO,All,474,,km,Own calulation of distance - see txt.file for more Info,05.09.2023,Jonathan Hanto <joh@wip.tu-berlin.de>
PL,CZ,All,415,,km,Own calulation of distance - see txt.file for more Info,05.09.2023,Jonathan Hanto <joh@wip.tu-berlin.de>
PL,DE,All,677,,km,Own calulation of distance - see txt.file for more Info,05.09.2023,Jonathan Hanto <joh@wip.tu-berlin.de>
PL,DE_BB,All,443,,km,Own calulation of distance - see txt.file for more Info,19.09.2023,Jonathan Hanto <joh@wip.tu-berlin.de>
PL,DE_SN,All,433,,km,Own calulation of distance - see txt.file for more Info,19.09.2023,Jonathan Hanto <joh@wip.tu-berlin.de>
PL,LT,All,457,,km,Own calulation of distance - see txt.file for more Info,05.09.2023,Jonathan Hanto <joh@wip.tu-berlin.de>
PL,SE,All,1299,,km,Own calulation of distance - see txt.file for more Info,05.09.2023,Jonathan Hanto <joh@wip.tu-berlin.de>
PL,SK,All,390,,km,Own calulation of distance - see txt.file for more Info,05.09.2023,Jonathan Hanto <joh@wip.tu-berlin.de>
PT,ES,All,415,,km,Own calulation of distance - see txt.file for more Info,05.09.2023,Jonathan Hanto <joh@wip.tu-berlin.de>
RO,BG,All,376,,km,Own calulation of distance - see txt.file for more Info,05.09.2023,Jonathan Hanto <joh@wip.tu-berlin.de>
RO,HU,All,450,,km,Own calulation of distance - see txt.file for more Info,05.09.2023,Jonathan Hanto <joh@wip.tu-berlin.de>
RO,NONEU_Balkan,All,474,,km,Own calulation of distance - see txt.file for more Info,05.09.2023,Jonathan Hanto <joh@wip.tu-berlin.de>
SE,DE,All,1198,,km,Own calulation of distance - see txt.file for more Info,20.02.2025,Konstantin Loffler <kl@wip.tu-berlin.de>
SE,DK,All,921,,km,Own calulation of distance - see txt.file for more Info,05.09.2023,Jonathan Hanto <joh@wip.tu-berlin.de>
SE,FI,All,499,,km,Own calulation of distance - see txt.file for more Info,05.09.2023,Jonathan Hanto <joh@wip.tu-berlin.de>
SE,LT,All,995,,km,Own calulation of distance - see txt.file for more Info,05.09.2023,Jonathan Hanto <joh@wip.tu-berlin.de>
SE,NO,All,454,,km,Own calulation of distance - see txt.file for more Info,05.09.2023,Jonathan Hanto <joh@wip.tu-berlin.de>
SE,PL,All,1299,,km,Own calulation of distance - see txt.file for more Info,05.09.2023,Jonathan Hanto <joh@wip.tu-berlin.de>
SI,AT,All,143,,km,Own calulation of distance - see txt.file for more Info,05.09.2023,Jonathan Hanto <joh@wip.tu-berlin.de>
SI,HR,All,110,,km,Own calulation of distance - see txt.file for more Info,20.02.2025,Konstantin Loffler <kl@wip.tu-berlin.de>
SI,HU,All,189,,km,Own calulation of distance - see txt.file for more Info,20.02.2025,Konstantin Loffler <kl@wip.tu-berlin.de>
SI,IT,All,436,,km,Own calulation of distance - see txt.file for more Info,05.09.2023,Jonathan Hanto <joh@wip.tu-berlin.de>
SK,AT,All,428,,km,Own calulation of distance - see txt.file for more Info,05.09.2023,Jonathan Hanto <joh@wip.tu-berlin.de>
SK,CZ,All,311,,km,Own calulation of distance - see txt.file for more Info,05.09.2023,Jonathan Hanto <joh@wip.tu-berlin.de>
SK,HU,All,181,,km,Own calulation of distance - see txt.file for more Info,05.09.2023,Jonathan Hanto <joh@wip.tu-berlin.de>
SK,PL,All,390,,km,Own calulation of distance - see txt.file for more Info,05.09.2023,Jonathan Hanto <joh@wip.tu-berlin.de>
TR,BG,All,425,,km,Own calulation of distance - see txt.file for more Info,05.09.2023,Jonathan Hanto <joh@wip.tu-berlin.de>
TR,GR,All,536,,km,Own calulation of distance - see txt.file for more Info,05.09.2023,Jonathan Hanto <joh@wip.tu-berlin.de>
UK,BE,All,527,,km,Own calulation of distance - see txt.file for more Info,05.09.2023,Jonathan Hanto <joh@wip.tu-berlin.de>
UK,DE,All,1016,,km,Own calulation of distance - see txt.file for more Info,20.02.2025,Konstantin Loffler <kl@wip.tu-berlin.de>
UK,DK,All,844,,km,Own calulation of distance - see txt.file for more Info,20.02.2025,Konstantin Loffler <kl@wip.tu-berlin.de>
UK,FR,All,791,,km,Own calulation of distance - see txt.file for more Info,05.09.2023,Jonathan Hanto <joh@wip.tu-berlin.de>
UK,IE,All,477,,km,Own calulation of distance - see txt.file for more Info,05.09.2023,Jonathan Hanto <joh@wip.tu-berlin.de>
UK,NL,All,509,,km,Own calulation of distance - see txt.file for more Info,05.09.2023,Jonathan Hanto <joh@wip.tu-berlin.de>
UK,NO,All,1100,,km,Own calulation of distance - see txt.file for more Info,05.09.2023,Jonathan Hanto <joh@wip.tu-berlin.de>
AT,BE,ETS,1,,km,Own calulation of distance - see txt.file for more Info,05.09.2023,Jonathan Hanto <joh@wip.tu-berlin.de>
AT,BG,ETS,1,,km,Own calulation of distance - see txt.file for more Info,05.09.2023,Jonathan Hanto <joh@wip.tu-berlin.de>
AT,CH,ETS,1,,km,Own calulation of distance - see txt.file for more Info,05.09.2023,Jonathan Hanto <joh@wip.tu-berlin.de>
AT,CZ,ETS,1,,km,Own calulation of distance - see txt.file for more Info,05.09.2023,Jonathan Hanto <joh@wip.tu-berlin.de>
AT,DE,ETS,1,,km,Own calulation of distance - see txt.file for more Info,05.09.2023,Jonathan Hanto <joh@wip.tu-berlin.de>
AT,DE_BW,ETS,372,,km,Own calulation of distance - see txt.file for more Info,19.09.2023,Jonathan Hanto <joh@wip.tu-berlin.de>
AT,DE_BY,ETS,230,,km,Own calulation of distance - see txt.file for more Info,19.09.2023,Jonathan Hanto <joh@wip.tu-berlin.de>
AT,DK,ETS,1,,km,Own calulation of distance - see txt.file for more Info,05.09.2023,Jonathan Hanto <joh@wip.tu-berlin.de>
AT,EE,ETS,1,,km,Own calulation of distance - see txt.file for more Info,05.09.2023,Jonathan Hanto <joh@wip.tu-berlin.de>
AT,ES,ETS,1,,km,Own calulation of distance - see txt.file for more Info,05.09.2023,Jonathan Hanto <joh@wip.tu-berlin.de>
AT,FI,ETS,1,,km,Own calulation of distance - see txt.file for more Info,05.09.2023,Jonathan Hanto <joh@wip.tu-berlin.de>
AT,FR,ETS,1,,km,Own calulation of distance - see txt.file for more Info,05.09.2023,Jonathan Hanto <joh@wip.tu-berlin.de>
AT,GR,ETS,1,,km,Own calulation of distance - see txt.file for more Info,05.09.2023,Jonathan Hanto <joh@wip.tu-berlin.de>
AT,HR,ETS,1,,km,Own calulation of distance - see txt.file for more Info,05.09.2023,Jonathan Hanto <joh@wip.tu-berlin.de>
AT,HU,ETS,1,,km,Own calulation of distance - see txt.file for more Info,05.09.2023,Jonathan Hanto <joh@wip.tu-berlin.de>
AT,IE,ETS,1,,km,Own calulation of distance - see txt.file for more Info,05.09.2023,Jonathan Hanto <joh@wip.tu-berlin.de>
AT,IT,ETS,1,,km,Own calulation of distance - see txt.file for more Info,05.09.2023,Jonathan Hanto <joh@wip.tu-berlin.de>
AT,LT,ETS,1,,km,Own calulation of distance - see txt.file for more Info,05.09.2023,Jonathan Hanto <joh@wip.tu-berlin.de>
AT,LU,ETS,1,,km,Own calulation of distance - see txt.file for more Info,05.09.2023,Jonathan Hanto <joh@wip.tu-berlin.de>
AT,LV,ETS,1,,km,Own calulation of distance - see txt.file for more Info,05.09.2023,Jonathan Hanto <joh@wip.tu-berlin.de>
AT,NL,ETS,1,,km,Own calulation of distance - see txt.file for more Info,05.09.2023,Jonathan Hanto <joh@wip.tu-berlin.de>
AT,NO,ETS,1,,km,Own calulation of distance - see txt.file for more Info,05.09.2023,Jonathan Hanto <joh@wip.tu-berlin.de>
AT,NONEU_Balkan,ETS,1,,km,Own calulation of distance - see txt.file for more Info,05.09.2023,Jonathan Hanto <joh@wip.tu-berlin.de>
AT,PL,ETS,1,,km,Own calulation of distance - see txt.file for more Info,05.09.2023,Jonathan Hanto <joh@wip.tu-berlin.de>
AT,PT,ETS,1,,km,Own calulation of distance - see txt.file for more Info,05.09.2023,Jonathan Hanto <joh@wip.tu-berlin.de>
AT,RO,ETS,1,,km,Own calulation of distance - see txt.file for more Info,05.09.2023,Jonathan Hanto <joh@wip.tu-berlin.de>
AT,SE,ETS,1,,km,Own calulation of distance - see txt.file for more Info,05.09.2023,Jonathan Hanto <joh@wip.tu-berlin.de>
AT,SI,ETS,1,,km,Own calulation of distance - see txt.file for more Info,05.09.2023,Jonathan Hanto <joh@wip.tu-berlin.de>
AT,SK,ETS,1,,km,Own calulation of distance - see txt.file for more Info,05.09.2023,Jonathan Hanto <joh@wip.tu-berlin.de>
AT,TR,ETS,1,,km,Own calulation of distance - see txt.file for more Info,05.09.2023,Jonathan Hanto <joh@wip.tu-berlin.de>
AT,UK,ETS,1,,km,Own calulation of distance - see txt.file for more Info,05.09.2023,Jonathan Hanto <joh@wip.tu-berlin.de>
BE,AT,ETS,1,,km,Own calulation of distance - see txt.file for more Info,05.09.2023,Jonathan Hanto <joh@wip.tu-berlin.de>
BE,BG,ETS,1,,km,Own calulation of distance - see txt.file for more Info,05.09.2023,Jonathan Hanto <joh@wip.tu-berlin.de>
BE,CH,ETS,1,,km,Own calulation of distance - see txt.file for more Info,05.09.2023,Jonathan Hanto <joh@wip.tu-berlin.de>
BE,CZ,ETS,1,,km,Own calulation of distance - see txt.file for more Info,05.09.2023,Jonathan Hanto <joh@wip.tu-berlin.de>
BE,DE,ETS,1,,km,Own calulation of distance - see txt.file for more Info,05.09.2023,Jonathan Hanto <joh@wip.tu-berlin.de>
BE,DE_RP,ETS,146,,km,Own calulation of distance - see txt.file for more Info,19.09.2023,Jonathan Hanto <joh@wip.tu-berlin.de>
BE,DK,ETS,1,,km,Own calulation of distance - see txt.file for more Info,05.09.2023,Jonathan Hanto <joh@wip.tu-berlin.de>
BE,EE,ETS,1,,km,Own calulation of distance - see txt.file for more Info,05.09.2023,Jonathan Hanto <joh@wip.tu-berlin.de>
BE,ES,ETS,1,,km,Own calulation of distance - see txt.file for more Info,05.09.2023,Jonathan Hanto <joh@wip.tu-berlin.de>
BE,FI,ETS,1,,km,Own calulation of distance - see txt.file for more Info,05.09.2023,Jonathan Hanto <joh@wip.tu-berlin.de>
BE,FR,ETS,1,,km,Own calulation of distance - see txt.file for more Info,05.09.2023,Jonathan Hanto <joh@wip.tu-berlin.de>
BE,GR,ETS,1,,km,Own calulation of distance - see txt.file for more Info,05.09.2023,Jonathan Hanto <joh@wip.tu-berlin.de>
BE,HR,ETS,1,,km,Own calulation of distance - see txt.file for more Info,05.09.2023,Jonathan Hanto <joh@wip.tu-berlin.de>
BE,HU,ETS,1,,km,Own calulation of distance - see txt.file for more Info,05.09.2023,Jonathan Hanto <joh@wip.tu-berlin.de>
BE,IE,ETS,1,,km,Own calulation of distance - see txt.file for more Info,05.09.2023,Jonathan Hanto <joh@wip.tu-berlin.de>
BE,IT,ETS,1,,km,Own calulation of distance - see txt.file for more Info,05.09.2023,Jonathan Hanto <joh@wip.tu-berlin.de>
BE,LT,ETS,1,,km,Own calulation of distance - see txt.file for more Info,05.09.2023,Jonathan Hanto <joh@wip.tu-berlin.de>
BE,LU,ETS,1,,km,Own calulation of distance - see txt.file for more Info,05.09.2023,Jonathan Hanto <joh@wip.tu-berlin.de>
BE,LV,ETS,1,,km,Own calulation of distance - see txt.file for more Info,05.09.2023,Jonathan Hanto <joh@wip.tu-berlin.de>
BE,NL,ETS,1,,km,Own calulation of distance - see txt.file for more Info,05.09.2023,Jonathan Hanto <joh@wip.tu-berlin.de>
BE,NO,ETS,1,,km,Own calulation of distance - see txt.file for more Info,05.09.2023,Jonathan Hanto <joh@wip.tu-berlin.de>
BE,NONEU_Balkan,ETS,1,,km,Own calulation of distance - see txt.file for more Info,05.09.2023,Jonathan Hanto <joh@wip.tu-berlin.de>
BE,PL,ETS,1,,km,Own calulation of distance - see txt.file for more Info,05.09.2023,Jonathan Hanto <joh@wip.tu-berlin.de>
BE,PT,ETS,1,,km,Own calulation of distance - see txt.file for more Info,05.09.2023,Jonathan Hanto <joh@wip.tu-berlin.de>
BE,RO,ETS,1,,km,Own calulation of distance - see txt.file for more Info,05.09.2023,Jonathan Hanto <joh@wip.tu-berlin.de>
BE,SE,ETS,1,,km,Own calulation of distance - see txt.file for more Info,05.09.2023,Jonathan Hanto <joh@wip.tu-berlin.de>
BE,SI,ETS,1,,km,Own calulation of distance - see txt.file for more Info,05.09.2023,Jonathan Hanto <joh@wip.tu-berlin.de>
BE,SK,ETS,1,,km,Own calulation of distance - see txt.file for more Info,05.09.2023,Jonathan Hanto <joh@wip.tu-berlin.de>
BE,TR,ETS,1,,km,Own calulation of distance - see txt.file for more Info,05.09.2023,Jonathan Hanto <joh@wip.tu-berlin.de>
BE,UK,ETS,1,,km,Own calulation of distance - see txt.file for more Info,05.09.2023,Jonathan Hanto <joh@wip.tu-berlin.de>
BG,AT,ETS,1,,km,Own calulation of distance - see txt.file for more Info,05.09.2023,Jonathan Hanto <joh@wip.tu-berlin.de>
BG,BE,ETS,1,,km,Own calulation of distance - see txt.file for more Info,05.09.2023,Jonathan Hanto <joh@wip.tu-berlin.de>
BG,CH,ETS,1,,km,Own calulation of distance - see txt.file for more Info,05.09.2023,Jonathan Hanto <joh@wip.tu-berlin.de>
BG,CZ,ETS,1,,km,Own calulation of distance - see txt.file for more Info,05.09.2023,Jonathan Hanto <joh@wip.tu-berlin.de>
BG,DE,ETS,1,,km,Own calulation of distance - see txt.file for more Info,05.09.2023,Jonathan Hanto <joh@wip.tu-berlin.de>
BG,DK,ETS,1,,km,Own calulation of distance - see txt.file for more Info,05.09.2023,Jonathan Hanto <joh@wip.tu-berlin.de>
BG,EE,ETS,1,,km,Own calulation of distance - see txt.file for more Info,05.09.2023,Jonathan Hanto <joh@wip.tu-berlin.de>
BG,ES,ETS,1,,km,Own calulation of distance - see txt.file for more Info,05.09.2023,Jonathan Hanto <joh@wip.tu-berlin.de>
BG,FI,ETS,1,,km,Own calulation of distance - see txt.file for more Info,05.09.2023,Jonathan Hanto <joh@wip.tu-berlin.de>
BG,FR,ETS,1,,km,Own calulation of distance - see txt.file for more Info,05.09.2023,Jonathan Hanto <joh@wip.tu-berlin.de>
BG,GR,ETS,1,,km,Own calulation of distance - see txt.file for more Info,05.09.2023,Jonathan Hanto <joh@wip.tu-berlin.de>
BG,HR,ETS,1,,km,Own calulation of distance - see txt.file for more Info,05.09.2023,Jonathan Hanto <joh@wip.tu-berlin.de>
BG,HU,ETS,1,,km,Own calulation of distance - see txt.file for more Info,05.09.2023,Jonathan Hanto <joh@wip.tu-berlin.de>
BG,IE,ETS,1,,km,Own calulation of distance - see txt.file for more Info,05.09.2023,Jonathan Hanto <joh@wip.tu-berlin.de>
BG,IT,ETS,1,,km,Own calulation of distance - see txt.file for more Info,05.09.2023,Jonathan Hanto <joh@wip.tu-berlin.de>
BG,LT,ETS,1,,km,Own calulation of distance - see txt.file for more Info,05.09.2023,Jonathan Hanto <joh@wip.tu-berlin.de>
BG,LU,ETS,1,,km,Own calulation of distance - see txt.file for more Info,05.09.2023,Jonathan Hanto <joh@wip.tu-berlin.de>
BG,LV,ETS,1,,km,Own calulation of distance - see txt.file for more Info,05.09.2023,Jonathan Hanto <joh@wip.tu-berlin.de>
BG,NL,ETS,1,,km,Own calulation of distance - see txt.file for more Info,05.09.2023,Jonathan Hanto <joh@wip.tu-berlin.de>
BG,NO,ETS,1,,km,Own calulation of distance - see txt.file for more Info,05.09.2023,Jonathan Hanto <joh@wip.tu-berlin.de>
BG,NONEU_Balkan,ETS,1,,km,Own calulation of distance - see txt.file for more Info,05.09.2023,Jonathan Hanto <joh@wip.tu-berlin.de>
BG,PL,ETS,1,,km,Own calulation of distance - see txt.file for more Info,05.09.2023,Jonathan Hanto <joh@wip.tu-berlin.de>
BG,PT,ETS,1,,km,Own calulation of distance - see txt.file for more Info,05.09.2023,Jonathan Hanto <joh@wip.tu-berlin.de>
BG,RO,ETS,1,,km,Own calulation of distance - see txt.file for more Info,05.09.2023,Jonathan Hanto <joh@wip.tu-berlin.de>
BG,SE,ETS,1,,km,Own calulation of distance - see txt.file for more Info,05.09.2023,Jonathan Hanto <joh@wip.tu-berlin.de>
BG,SI,ETS,1,,km,Own calulation of distance - see txt.file for more Info,05.09.2023,Jonathan Hanto <joh@wip.tu-berlin.de>
BG,SK,ETS,1,,km,Own calulation of distance - see txt.file for more Info,05.09.2023,Jonathan Hanto <joh@wip.tu-berlin.de>
BG,TR,ETS,1,,km,Own calulation of distance - see txt.file for more Info,05.09.2023,Jonathan Hanto <joh@wip.tu-berlin.de>
BG,UK,ETS,1,,km,Own calulation of distance - see txt.file for more Info,05.09.2023,Jonathan Hanto <joh@wip.tu-berlin.de>
CH,AT,ETS,1,,km,Own calulation of distance - see txt.file for more Info,05.09.2023,Jonathan Hanto <joh@wip.tu-berlin.de>
CH,BE,ETS,1,,km,Own calulation of distance - see txt.file for more Info,05.09.2023,Jonathan Hanto <joh@wip.tu-berlin.de>
CH,BG,ETS,1,,km,Own calulation of distance - see txt.file for more Info,05.09.2023,Jonathan Hanto <joh@wip.tu-berlin.de>
CH,CZ,ETS,1,,km,Own calulation of distance - see txt.file for more Info,05.09.2023,Jonathan Hanto <joh@wip.tu-berlin.de>
CH,DE,ETS,1,,km,Own calulation of distance - see txt.file for more Info,05.09.2023,Jonathan Hanto <joh@wip.tu-berlin.de>
CH,DE_BW,ETS,197,,km,Own calulation of distance - see txt.file for more Info,19.09.2023,Jonathan Hanto <joh@wip.tu-berlin.de>
CH,DK,ETS,1,,km,Own calulation of distance - see txt.file for more Info,05.09.2023,Jonathan Hanto <joh@wip.tu-berlin.de>
CH,EE,ETS,1,,km,Own calulation of distance - see txt.file for more Info,05.09.2023,Jonathan Hanto <joh@wip.tu-berlin.de>
CH,ES,ETS,1,,km,Own calulation of distance - see txt.file for more Info,05.09.2023,Jonathan Hanto <joh@wip.tu-berlin.de>
CH,FI,ETS,1,,km,Own calulation of distance - see txt.file for more Info,05.09.2023,Jonathan Hanto <joh@wip.tu-berlin.de>
CH,FR,ETS,1,,km,Own calulation of distance - see txt.file for more Info,05.09.2023,Jonathan Hanto <joh@wip.tu-berlin.de>
CH,GR,ETS,1,,km,Own calulation of distance - see txt.file for more Info,05.09.2023,Jonathan Hanto <joh@wip.tu-berlin.de>
CH,HR,ETS,1,,km,Own calulation of distance - see txt.file for more Info,05.09.2023,Jonathan Hanto <joh@wip.tu-berlin.de>
CH,HU,ETS,1,,km,Own calulation of distance - see txt.file for more Info,05.09.2023,Jonathan Hanto <joh@wip.tu-berlin.de>
CH,IE,ETS,1,,km,Own calulation of distance - see txt.file for more Info,05.09.2023,Jonathan Hanto <joh@wip.tu-berlin.de>
CH,IT,ETS,1,,km,Own calulation of distance - see txt.file for more Info,05.09.2023,Jonathan Hanto <joh@wip.tu-berlin.de>
CH,LT,ETS,1,,km,Own calulation of distance - see txt.file for more Info,05.09.2023,Jonathan Hanto <joh@wip.tu-berlin.de>
CH,LU,ETS,1,,km,Own calulation of distance - see txt.file for more Info,05.09.2023,Jonathan Hanto <joh@wip.tu-berlin.de>
CH,LV,ETS,1,,km,Own calulation of distance - see txt.file for more Info,05.09.2023,Jonathan Hanto <joh@wip.tu-berlin.de>
CH,NL,ETS,1,,km,Own calulation of distance - see txt.file for more Info,05.09.2023,Jonathan Hanto <joh@wip.tu-berlin.de>
CH,NO,ETS,1,,km,Own calulation of distance - see txt.file for more Info,05.09.2023,Jonathan Hanto <joh@wip.tu-berlin.de>
CH,NONEU_Balkan,ETS,1,,km,Own calulation of distance - see txt.file for more Info,05.09.2023,Jonathan Hanto <joh@wip.tu-berlin.de>
CH,PL,ETS,1,,km,Own calulation of distance - see txt.file for more Info,05.09.2023,Jonathan Hanto <joh@wip.tu-berlin.de>
CH,PT,ETS,1,,km,Own calulation of distance - see txt.file for more Info,05.09.2023,Jonathan Hanto <joh@wip.tu-berlin.de>
CH,RO,ETS,1,,km,Own calulation of distance - see txt.file for more Info,05.09.2023,Jonathan Hanto <joh@wip.tu-berlin.de>
CH,SE,ETS,1,,km,Own calulation of distance - see txt.file for more Info,05.09.2023,Jonathan Hanto <joh@wip.tu-berlin.de>
CH,SI,ETS,1,,km,Own calulation of distance - see txt.file for more Info,05.09.2023,Jonathan Hanto <joh@wip.tu-berlin.de>
CH,SK,ETS,1,,km,Own calulation of distance - see txt.file for more Info,05.09.2023,Jonathan Hanto <joh@wip.tu-berlin.de>
CH,TR,ETS,1,,km,Own calulation of distance - see txt.file for more Info,05.09.2023,Jonathan Hanto <joh@wip.tu-berlin.de>
CH,UK,ETS,1,,km,Own calulation of distance - see txt.file for more Info,05.09.2023,Jonathan Hanto <joh@wip.tu-berlin.de>
CZ,AT,ETS,1,,km,Own calulation of distance - see txt.file for more Info,05.09.2023,Jonathan Hanto <joh@wip.tu-berlin.de>
CZ,BE,ETS,1,,km,Own calulation of distance - see txt.file for more Info,05.09.2023,Jonathan Hanto <joh@wip.tu-berlin.de>
CZ,BG,ETS,1,,km,Own calulation of distance - see txt.file for more Info,05.09.2023,Jonathan Hanto <joh@wip.tu-berlin.de>
CZ,CH,ETS,1,,km,Own calulation of distance - see txt.file for more Info,05.09.2023,Jonathan Hanto <joh@wip.tu-berlin.de>
CZ,DE,ETS,1,,km,Own calulation of distance - see txt.file for more Info,05.09.2023,Jonathan Hanto <joh@wip.tu-berlin.de>
CZ,DE_BY,ETS,298,,km,Own calulation of distance - see txt.file for more Info,19.09.2023,Jonathan Hanto <joh@wip.tu-berlin.de>
CZ,DE_SN,ETS,206,,km,Own calulation of distance - see txt.file for more Info,19.09.2023,Jonathan Hanto <joh@wip.tu-berlin.de>
CZ,DK,ETS,1,,km,Own calulation of distance - see txt.file for more Info,05.09.2023,Jonathan Hanto <joh@wip.tu-berlin.de>
CZ,EE,ETS,1,,km,Own calulation of distance - see txt.file for more Info,05.09.2023,Jonathan Hanto <joh@wip.tu-berlin.de>
CZ,ES,ETS,1,,km,Own calulation of distance - see txt.file for more Info,05.09.2023,Jonathan Hanto <joh@wip.tu-berlin.de>
CZ,FI,ETS,1,,km,Own calulation of distance - see txt.file for more Info,05.09.2023,Jonathan Hanto <joh@wip.tu-berlin.de>
CZ,FR,ETS,1,,km,Own calulation of distance - see txt.file for more Info,05.09.2023,Jonathan Hanto <joh@wip.tu-berlin.de>
CZ,GR,ETS,1,,km,Own calulation of distance - see txt.file for more Info,05.09.2023,Jonathan Hanto <joh@wip.tu-berlin.de>
CZ,HR,ETS,1,,km,Own calulation of distance - see txt.file for more Info,05.09.2023,Jonathan Hanto <joh@wip.tu-berlin.de>
CZ,HU,ETS,1,,km,Own calulation of distance - see txt.file for more Info,05.09.2023,Jonathan Hanto <joh@wip.tu-berlin.de>
CZ,IE,ETS,1,,km,Own calulation of distance - see txt.file for more Info,05.09.2023,Jonathan Hanto <joh@wip.tu-berlin.de>
CZ,IT,ETS,1,,km,Own calulation of distance - see txt.file for more Info,05.09.2023,Jonathan Hanto <joh@wip.tu-berlin.de>
CZ,LT,ETS,1,,km,Own calulation of distance - see txt.file for more Info,05.09.2023,Jonathan Hanto <joh@wip.tu-berlin.de>
CZ,LU,ETS,1,,km,Own calulation of distance - see txt.file for more Info,05.09.2023,Jonathan Hanto <joh@wip.tu-berlin.de>
CZ,LV,ETS,1,,km,Own calulation of distance - see txt.file for more Info,05.09.2023,Jonathan Hanto <joh@wip.tu-berlin.de>
CZ,NL,ETS,1,,km,Own calulation of distance - see txt.file for more Info,05.09.2023,Jonathan Hanto <joh@wip.tu-berlin.de>
CZ,NO,ETS,1,,km,Own calulation of distance - see txt.file for more Info,05.09.2023,Jonathan Hanto <joh@wip.tu-berlin.de>
CZ,NONEU_Balkan,ETS,1,,km,Own calulation of distance - see txt.file for more Info,05.09.2023,Jonathan Hanto <joh@wip.tu-berlin.de>
CZ,PL,ETS,1,,km,Own calulation of distance - see txt.file for more Info,05.09.2023,Jonathan Hanto <joh@wip.tu-berlin.de>
CZ,PT,ETS,1,,km,Own calulation of distance - see txt.file for more Info,05.09.2023,Jonathan Hanto <joh@wip.tu-berlin.de>
CZ,RO,ETS,1,,km,Own calulation of distance - see txt.file for more Info,05.09.2023,Jonathan Hanto <joh@wip.tu-berlin.de>
CZ,SE,ETS,1,,km,Own calulation of distance - see txt.file for more Info,05.09.2023,Jonathan Hanto <joh@wip.tu-berlin.de>
CZ,SI,ETS,1,,km,Own calulation of distance - see txt.file for more Info,05.09.2023,Jonathan Hanto <joh@wip.tu-berlin.de>
CZ,SK,ETS,1,,km,Own calulation of distance - see txt.file for more Info,05.09.2023,Jonathan Hanto <joh@wip.tu-berlin.de>
CZ,TR,ETS,1,,km,Own calulation of distance - see txt.file for more Info,05.09.2023,Jonathan Hanto <joh@wip.tu-berlin.de>
CZ,UK,ETS,1,,km,Own calulation of distance - see txt.file for more Info,05.09.2023,Jonathan Hanto <joh@wip.tu-berlin.de>
DE,AT,ETS,1,,km,Own calulation of distance - see txt.file for more Info,05.09.2023,Jonathan Hanto <joh@wip.tu-berlin.de>
DE,BE,ETS,1,,km,Own calulation of distance - see txt.file for more Info,05.09.2023,Jonathan Hanto <joh@wip.tu-berlin.de>
DE,BG,ETS,1,,km,Own calulation of distance - see txt.file for more Info,05.09.2023,Jonathan Hanto <joh@wip.tu-berlin.de>
DE,CH,ETS,1,,km,Own calulation of distance - see txt.file for more Info,05.09.2023,Jonathan Hanto <joh@wip.tu-berlin.de>
DE,CZ,ETS,1,,km,Own calulation of distance - see txt.file for more Info,05.09.2023,Jonathan Hanto <joh@wip.tu-berlin.de>
DE,DK,ETS,1,,km,Own calulation of distance - see txt.file for more Info,05.09.2023,Jonathan Hanto <joh@wip.tu-berlin.de>
DE,EE,ETS,1,,km,Own calulation of distance - see txt.file for more Info,05.09.2023,Jonathan Hanto <joh@wip.tu-berlin.de>
DE,ES,ETS,1,,km,Own calulation of distance - see txt.file for more Info,05.09.2023,Jonathan Hanto <joh@wip.tu-berlin.de>
DE,FI,ETS,1,,km,Own calulation of distance - see txt.file for more Info,05.09.2023,Jonathan Hanto <joh@wip.tu-berlin.de>
DE,FR,ETS,1,,km,Own calulation of distance - see txt.file for more Info,05.09.2023,Jonathan Hanto <joh@wip.tu-berlin.de>
DE,GR,ETS,1,,km,Own calulation of distance - see txt.file for more Info,05.09.2023,Jonathan Hanto <joh@wip.tu-berlin.de>
DE,HR,ETS,1,,km,Own calulation of distance - see txt.file for more Info,05.09.2023,Jonathan Hanto <joh@wip.tu-berlin.de>
DE,HU,ETS,1,,km,Own calulation of distance - see txt.file for more Info,05.09.2023,Jonathan Hanto <joh@wip.tu-berlin.de>
DE,IE,ETS,1,,km,Own calulation of distance - see txt.file for more Info,05.09.2023,Jonathan Hanto <joh@wip.tu-berlin.de>
DE,IT,ETS,1,,km,Own calulation of distance - see txt.file for more Info,05.09.2023,Jonathan Hanto <joh@wip.tu-berlin.de>
DE,LT,ETS,1,,km,Own calulation of distance - see txt.file for more Info,05.09.2023,Jonathan Hanto <joh@wip.tu-berlin.de>
DE,LU,ETS,1,,km,Own calulation of distance - see txt.file for more Info,05.09.2023,Jonathan Hanto <joh@wip.tu-berlin.de>
DE,LV,ETS,1,,km,Own calulation of distance - see txt.file for more Info,05.09.2023,Jonathan Hanto <joh@wip.tu-berlin.de>
DE,NL,ETS,1,,km,Own calulation of distance - see txt.file for more Info,05.09.2023,Jonathan Hanto <joh@wip.tu-berlin.de>
DE,NO,ETS,1,,km,Own calulation of distance - see txt.file for more Info,05.09.2023,Jonathan Hanto <joh@wip.tu-berlin.de>
DE,NONEU_Balkan,ETS,1,,km,Own calulation of distance - see txt.file for more Info,05.09.2023,Jonathan Hanto <joh@wip.tu-berlin.de>
DE,PL,ETS,1,,km,Own calulation of distance - see txt.file for more Info,05.09.2023,Jonathan Hanto <joh@wip.tu-berlin.de>
DE,PT,ETS,1,,km,Own calulation of distance - see txt.file for more Info,05.09.2023,Jonathan Hanto <joh@wip.tu-berlin.de>
DE,RO,ETS,1,,km,Own calulation of distance - see txt.file for more Info,05.09.2023,Jonathan Hanto <joh@wip.tu-berlin.de>
DE,SE,ETS,1,,km,Own calulation of distance - see txt.file for more Info,05.09.2023,Jonathan Hanto <joh@wip.tu-berlin.de>
DE,SI,ETS,1,,km,Own calulation of distance - see txt.file for more Info,05.09.2023,Jonathan Hanto <joh@wip.tu-berlin.de>
DE,SK,ETS,1,,km,Own calulation of distance - see txt.file for more Info,05.09.2023,Jonathan Hanto <joh@wip.tu-berlin.de>
DE,TR,ETS,1,,km,Own calulation of distance - see txt.file for more Info,05.09.2023,Jonathan Hanto <joh@wip.tu-berlin.de>
DE,UK,ETS,1,,km,Own calulation of distance - see txt.file for more Info,05.09.2023,Jonathan Hanto <joh@wip.tu-berlin.de>
DE_BB,DE_BE,ETS,45,,km,Own calulation of distance - see txt.file for more Info,19.09.2023,Jonathan Hanto <joh@wip.tu-berlin.de>
DE_BB,DE_MV,ETS,174,,km,Own calulation of distance - see txt.file for more Info,19.09.2023,Jonathan Hanto <joh@wip.tu-berlin.de>
DE_BB,DE_NI,ETS,236,,km,Own calulation of distance - see txt.file for more Info,19.09.2023,Jonathan Hanto <joh@wip.tu-berlin.de>
DE_BB,DE_SN,ETS,114,,km,Own calulation of distance - see txt.file for more Info,19.09.2023,Jonathan Hanto <joh@wip.tu-berlin.de>
DE_BB,DE_ST,ETS,106,,km,Own calulation of distance - see txt.file for more Info,19.09.2023,Jonathan Hanto <joh@wip.tu-berlin.de>
DE_BB,PL,ETS,443,,km,Own calulation of distance - see txt.file for more Info,19.09.2023,Jonathan Hanto <joh@wip.tu-berlin.de>
DE_BE,DE_BB,ETS,45,,km,Own calulation of distance - see txt.file for more Info,19.09.2023,Jonathan Hanto <joh@wip.tu-berlin.de>
DE_BE,DE_ST,ETS,133,,km,Own calulation of distance - see txt.file for more Info,19.09.2023,Jonathan Hanto <joh@wip.tu-berlin.de>
DE_BW,AT,ETS,372,,km,Own calulation of distance - see txt.file for more Info,19.09.2023,Jonathan Hanto <joh@wip.tu-berlin.de>
DE_BW,CH,ETS,197,,km,Own calulation of distance - see txt.file for more Info,19.09.2023,Jonathan Hanto <joh@wip.tu-berlin.de>
DE_BW,DE_BY,ETS,158,,km,Own calulation of distance - see txt.file for more Info,19.09.2023,Jonathan Hanto <joh@wip.tu-berlin.de>
DE_BW,DE_HE,ETS,221,,km,Own calulation of distance - see txt.file for more Info,19.09.2023,Jonathan Hanto <joh@wip.tu-berlin.de>
DE_BW,DE_NRW,ETS,340,,km,Own calulation of distance - see txt.file for more Info,19.09.2023,Jonathan Hanto <joh@wip.tu-berlin.de>
DE_BW,DE_RP,ETS,288,,km,Own calulation of distance - see txt.file for more Info,19.09.2023,Jonathan Hanto <joh@wip.tu-berlin.de>
DE_BW,DE_SH,ETS,620,,km,Own calulation of distance - see txt.file for more Info,19.09.2023,Jonathan Hanto <joh@wip.tu-berlin.de>
DE_BW,FR,ETS,537,,km,Own calulation of distance - see txt.file for more Info,19.09.2023,Jonathan Hanto <joh@wip.tu-berlin.de>
DE_BY,AT,ETS,230,,km,Own calulation of distance - see txt.file for more Info,19.09.2023,Jonathan Hanto <joh@wip.tu-berlin.de>
DE_BY,CZ,ETS,298,,km,Own calulation of distance - see txt.file for more Info,19.09.2023,Jonathan Hanto <joh@wip.tu-berlin.de>
DE_BY,DE_BW,ETS,158,,km,Own calulation of distance - see txt.file for more Info,19.09.2023,Jonathan Hanto <joh@wip.tu-berlin.de>
DE_BY,DE_HE,ETS,268,,km,Own calulation of distance - see txt.file for more Info,19.09.2023,Jonathan Hanto <joh@wip.tu-berlin.de>
DE_BY,DE_SH,ETS,625,,km,Own calulation of distance - see txt.file for more Info,19.09.2023,Jonathan Hanto <joh@wip.tu-berlin.de>
DE_BY,DE_ST,ETS,350,,km,Own calulation of distance - see txt.file for more Info,19.09.2023,Jonathan Hanto <joh@wip.tu-berlin.de>
DE_BY,DE_TH,ETS,253,,km,Own calulation of distance - see txt.file for more Info,19.09.2023,Jonathan Hanto <joh@wip.tu-berlin.de>
DE_HB,DE_NI,ETS,86,,km,Own calulation of distance - see txt.file for more Info,19.09.2023,Jonathan Hanto <joh@wip.tu-berlin.de>
DE_HE,DE_BW,ETS,221,,km,Own calulation of distance - see txt.file for more Info,19.09.2023,Jonathan Hanto <joh@wip.tu-berlin.de>
DE_HE,DE_BY,ETS,268,,km,Own calulation of distance - see txt.file for more Info,19.09.2023,Jonathan Hanto <joh@wip.tu-berlin.de>
DE_HE,DE_NI,ETS,225,,km,Own calulation of distance - see txt.file for more Info,19.09.2023,Jonathan Hanto <joh@wip.tu-berlin.de>
DE_HE,DE_NRW,ETS,136,,km,Own calulation of distance - see txt.file for more Info,19.09.2023,Jonathan Hanto <joh@wip.tu-berlin.de>
DE_HE,DE_RP,ETS,144,,km,Own calulation of distance - see txt.file for more Info,19.09.2023,Jonathan Hanto <joh@wip.tu-berlin.de>
DE_HE,DE_TH,ETS,124,,km,Own calulation of distance - see txt.file for more Info,19.09.2023,Jonathan Hanto <joh@wip.tu-berlin.de>
DE_HH,DE_NI,ETS,102,,km,Own calulation of distance - see txt.file for more Info,19.09.2023,Jonathan Hanto <joh@wip.tu-berlin.de>
DE_HH,DE_SH,ETS,77,,km,Own calulation of distance - see txt.file for more Info,19.09.2023,Jonathan Hanto <joh@wip.tu-berlin.de>
DE_MV,DE_Baltic,ETS,30,,km,Own calulation of distance - see txt.file for more Info,19.09.2023,Jonathan Hanto <joh@wip.tu-berlin.de>
DE_MV,DE_BB,ETS,174,,km,Own calulation of distance - see txt.file for more Info,19.09.2023,Jonathan Hanto <joh@wip.tu-berlin.de>
DE_MV,DE_NI,ETS,204,,km,Own calulation of distance - see txt.file for more Info,19.09.2023,Jonathan Hanto <joh@wip.tu-berlin.de>
DE_MV,DE_SH,ETS,192,,km,Own calulation of distance - see txt.file for more Info,19.09.2023,Jonathan Hanto <joh@wip.tu-berlin.de>
DE_MV,DK,ETS,291,,km,Own calulation of distance - see txt.file for more Info,19.09.2023,Jonathan Hanto <joh@wip.tu-berlin.de>
DE_NI,DE_BB,ETS,236,,km,Own calulation of distance - see txt.file for more Info,19.09.2023,Jonathan Hanto <joh@wip.tu-berlin.de>
DE_NI,DE_HB,ETS,86,,km,Own calulation of distance - see txt.file for more Info,19.09.2023,Jonathan Hanto <joh@wip.tu-berlin.de>
DE_NI,DE_HE,ETS,225,,km,Own calulation of distance - see txt.file for more Info,19.09.2023,Jonathan Hanto <joh@wip.tu-berlin.de>
DE_NI,DE_HH,ETS,102,,km,Own calulation of distance - see txt.file for more Info,19.09.2023,Jonathan Hanto <joh@wip.tu-berlin.de>
DE_NI,DE_MV,ETS,204,,km,Own calulation of distance - see txt.file for more Info,19.09.2023,Jonathan Hanto <joh@wip.tu-berlin.de>
DE_NI,DE_Nord,ETS,30,,km,Own calulation of distance - see txt.file for more Info,19.09.2023,Jonathan Hanto <joh@wip.tu-berlin.de>
DE_NI,DE_NRW,ETS,200,,km,Own calulation of distance - see txt.file for more Info,19.09.2023,Jonathan Hanto <joh@wip.tu-berlin.de>
DE_NI,DE_SH,ETS,176,,km,Own calulation of distance - see txt.file for more Info,19.09.2023,Jonathan Hanto <joh@wip.tu-berlin.de>
DE_NI,DE_ST,ETS,146,,km,Own calulation of distance - see txt.file for more Info,19.09.2023,Jonathan Hanto <joh@wip.tu-berlin.de>
DE_NI,DE_TH,ETS,193,,km,Own calulation of distance - see txt.file for more Info,19.09.2023,Jonathan Hanto <joh@wip.tu-berlin.de>
DE_NI,NL,ETS,246,,km,Own calulation of distance - see txt.file for more Info,19.09.2023,Jonathan Hanto <joh@wip.tu-berlin.de>
DE_NRW,DE_BW,ETS,340,,km,Own calulation of distance - see txt.file for more Info,19.09.2023,Jonathan Hanto <joh@wip.tu-berlin.de>
DE_NRW,DE_HE,ETS,136,,km,Own calulation of distance - see txt.file for more Info,19.09.2023,Jonathan Hanto <joh@wip.tu-berlin.de>
DE_NRW,DE_NI,ETS,200,,km,Own calulation of distance - see txt.file for more Info,19.09.2023,Jonathan Hanto <joh@wip.tu-berlin.de>
DE_NRW,DE_RP,ETS,149,,km,Own calulation of distance - see txt.file for more Info,19.09.2023,Jonathan Hanto <joh@wip.tu-berlin.de>
DE_NRW,NL,ETS,148,,km,Own calulation of distance - see txt.file for more Info,19.09.2023,Jonathan Hanto <joh@wip.tu-berlin.de>
DE_RP,BE,ETS,146,,km,Own calulation of distance - see txt.file for more Info,19.09.2023,Jonathan Hanto <joh@wip.tu-berlin.de>
DE_RP,DE_BW,ETS,288,,km,Own calulation of distance - see txt.file for more Info,19.09.2023,Jonathan Hanto <joh@wip.tu-berlin.de>
DE_RP,DE_HE,ETS,144,,km,Own calulation of distance - see txt.file for more Info,19.09.2023,Jonathan Hanto <joh@wip.tu-berlin.de>
DE_RP,DE_NRW,ETS,149,,km,Own calulation of distance - see txt.file for more Info,19.09.2023,Jonathan Hanto <joh@wip.tu-berlin.de>
DE_RP,DE_SL,ETS,83,,km,Own calulation of distance - see txt.file for more Info,19.09.2023,Jonathan Hanto <joh@wip.tu-berlin.de>
DE_SH,DE_Baltic,ETS,30,,km,Own calulation of distance - see txt.file for more Info,19.09.2023,Jonathan Hanto <joh@wip.tu-berlin.de>
DE_SH,DE_BW,ETS,620,,km,Own calulation of distance - see txt.file for more Info,19.09.2023,Jonathan Hanto <joh@wip.tu-berlin.de>
DE_SH,DE_BY,ETS,625,,km,Own calulation of distance - see txt.file for more Info,19.09.2023,Jonathan Hanto <joh@wip.tu-berlin.de>
DE_SH,DE_HH,ETS,77,,km,Own calulation of distance - see txt.file for more Info,19.09.2023,Jonathan Hanto <joh@wip.tu-berlin.de>
DE_SH,DE_MV,ETS,192,,km,Own calulation of distance - see txt.file for more Info,19.09.2023,Jonathan Hanto <joh@wip.tu-berlin.de>
DE_SH,DE_NI,ETS,176,,km,Own calulation of distance - see txt.file for more Info,19.09.2023,Jonathan Hanto <joh@wip.tu-berlin.de>
DE_SH,DE_Nord,ETS,30,,km,Own calulation of distance - see txt.file for more Info,19.09.2023,Jonathan Hanto <joh@wip.tu-berlin.de>
DE_SH,DK,ETS,203,,km,Own calulation of distance - see txt.file for more Info,19.09.2023,Jonathan Hanto <joh@wip.tu-berlin.de>
DE_SL,DE_RP,ETS,83,,km,Own calulation of distance - see txt.file for more Info,19.09.2023,Jonathan Hanto <joh@wip.tu-berlin.de>
DE_SL,FR,ETS,426,,km,Own calulation of distance - see txt.file for more Info,19.09.2023,Jonathan Hanto <joh@wip.tu-berlin.de>
DE_SN,CZ,ETS,206,,km,Own calulation of distance - see txt.file for more Info,19.09.2023,Jonathan Hanto <joh@wip.tu-berlin.de>
DE_SN,DE_BB,ETS,114,,km,Own calulation of distance - see txt.file for more Info,19.09.2023,Jonathan Hanto <joh@wip.tu-berlin.de>
DE_SN,DE_ST,ETS,141,,km,Own calulation of distance - see txt.file for more Info,19.09.2023,Jonathan Hanto <joh@wip.tu-berlin.de>
DE_SN,DE_TH,ETS,165,,km,Own calulation of distance - see txt.file for more Info,19.09.2023,Jonathan Hanto <joh@wip.tu-berlin.de>
DE_SN,PL,ETS,433,,km,Own calulation of distance - see txt.file for more Info,19.09.2023,Jonathan Hanto <joh@wip.tu-berlin.de>
DE_ST,DE_BB,ETS,106,,km,Own calulation of distance - see txt.file for more Info,19.09.2023,Jonathan Hanto <joh@wip.tu-berlin.de>
DE_ST,DE_BE,ETS,133,,km,Own calulation of distance - see txt.file for more Info,19.09.2023,Jonathan Hanto <joh@wip.tu-berlin.de>
DE_ST,DE_BY,ETS,350,,km,Own calulation of distance - see txt.file for more Info,19.09.2023,Jonathan Hanto <joh@wip.tu-berlin.de>
DE_ST,DE_NI,ETS,146,,km,Own calulation of distance - see txt.file for more Info,19.09.2023,Jonathan Hanto <joh@wip.tu-berlin.de>
DE_ST,DE_SN,ETS,141,,km,Own calulation of distance - see txt.file for more Info,19.09.2023,Jonathan Hanto <joh@wip.tu-berlin.de>
DE_ST,DE_TH,ETS,120,,km,Own calulation of distance - see txt.file for more Info,19.09.2023,Jonathan Hanto <joh@wip.tu-berlin.de>
DE_TH,DE_BY,ETS,253,,km,Own calulation of distance - see txt.file for more Info,19.09.2023,Jonathan Hanto <joh@wip.tu-berlin.de>
DE_TH,DE_HE,ETS,124,,km,Own calulation of distance - see txt.file for more Info,19.09.2023,Jonathan Hanto <joh@wip.tu-berlin.de>
DE_TH,DE_NI,ETS,193,,km,Own calulation of distance - see txt.file for more Info,19.09.2023,Jonathan Hanto <joh@wip.tu-berlin.de>
DE_TH,DE_SN,ETS,165,,km,Own calulation of distance - see txt.file for more Info,19.09.2023,Jonathan Hanto <joh@wip.tu-berlin.de>
DE_TH,DE_ST,ETS,120,,km,Own calulation of distance - see txt.file for more Info,19.09.2023,Jonathan Hanto <joh@wip.tu-berlin.de>
DK,AT,ETS,1,,km,Own calulation of distance - see txt.file for more Info,05.09.2023,Jonathan Hanto <joh@wip.tu-berlin.de>
DK,BE,ETS,1,,km,Own calulation of distance - see txt.file for more Info,05.09.2023,Jonathan Hanto <joh@wip.tu-berlin.de>
DK,BG,ETS,1,,km,Own calulation of distance - see txt.file for more Info,05.09.2023,Jonathan Hanto <joh@wip.tu-berlin.de>
DK,CH,ETS,1,,km,Own calulation of distance - see txt.file for more Info,05.09.2023,Jonathan Hanto <joh@wip.tu-berlin.de>
DK,CZ,ETS,1,,km,Own calulation of distance - see txt.file for more Info,05.09.2023,Jonathan Hanto <joh@wip.tu-berlin.de>
DK,DE_MV,ETS,291,,km,Own calulation of distance - see txt.file for more Info,19.09.2023,Jonathan Hanto <joh@wip.tu-berlin.de>
DK,DE_SH,ETS,203,,km,Own calulation of distance - see txt.file for more Info,19.09.2023,Jonathan Hanto <joh@wip.tu-berlin.de>
DK,DE,ETS,1,,km,Own calulation of distance - see txt.file for more Info,05.09.2023,Jonathan Hanto <joh@wip.tu-berlin.de>
DK,EE,ETS,1,,km,Own calulation of distance - see txt.file for more Info,05.09.2023,Jonathan Hanto <joh@wip.tu-berlin.de>
DK,ES,ETS,1,,km,Own calulation of distance - see txt.file for more Info,05.09.2023,Jonathan Hanto <joh@wip.tu-berlin.de>
DK,FI,ETS,1,,km,Own calulation of distance - see txt.file for more Info,05.09.2023,Jonathan Hanto <joh@wip.tu-berlin.de>
DK,FR,ETS,1,,km,Own calulation of distance - see txt.file for more Info,05.09.2023,Jonathan Hanto <joh@wip.tu-berlin.de>
DK,GR,ETS,1,,km,Own calulation of distance - see txt.file for more Info,05.09.2023,Jonathan Hanto <joh@wip.tu-berlin.de>
DK,HR,ETS,1,,km,Own calulation of distance - see txt.file for more Info,05.09.2023,Jonathan Hanto <joh@wip.tu-berlin.de>
DK,HU,ETS,1,,km,Own calulation of distance - see txt.file for more Info,05.09.2023,Jonathan Hanto <joh@wip.tu-berlin.de>
DK,IE,ETS,1,,km,Own calulation of distance - see txt.file for more Info,05.09.2023,Jonathan Hanto <joh@wip.tu-berlin.de>
DK,IT,ETS,1,,km,Own calulation of distance - see txt.file for more Info,05.09.2023,Jonathan Hanto <joh@wip.tu-berlin.de>
DK,LT,ETS,1,,km,Own calulation of distance - see txt.file for more Info,05.09.2023,Jonathan Hanto <joh@wip.tu-berlin.de>
DK,LU,ETS,1,,km,Own calulation of distance - see txt.file for more Info,05.09.2023,Jonathan Hanto <joh@wip.tu-berlin.de>
DK,LV,ETS,1,,km,Own calulation of distance - see txt.file for more Info,05.09.2023,Jonathan Hanto <joh@wip.tu-berlin.de>
DK,NL,ETS,1,,km,Own calulation of distance - see txt.file for more Info,05.09.2023,Jonathan Hanto <joh@wip.tu-berlin.de>
DK,NO,ETS,1,,km,Own calulation of distance - see txt.file for more Info,05.09.2023,Jonathan Hanto <joh@wip.tu-berlin.de>
DK,NONEU_Balkan,ETS,1,,km,Own calulation of distance - see txt.file for more Info,05.09.2023,Jonathan Hanto <joh@wip.tu-berlin.de>
DK,PL,ETS,1,,km,Own calulation of distance - see txt.file for more Info,05.09.2023,Jonathan Hanto <joh@wip.tu-berlin.de>
DK,PT,ETS,1,,km,Own calulation of distance - see txt.file for more Info,05.09.2023,Jonathan Hanto <joh@wip.tu-berlin.de>
DK,RO,ETS,1,,km,Own calulation of distance - see txt.file for more Info,05.09.2023,Jonathan Hanto <joh@wip.tu-berlin.de>
DK,SE,ETS,1,,km,Own calulation of distance - see txt.file for more Info,05.09.2023,Jonathan Hanto <joh@wip.tu-berlin.de>
DK,SI,ETS,1,,km,Own calulation of distance - see txt.file for more Info,05.09.2023,Jonathan Hanto <joh@wip.tu-berlin.de>
DK,SK,ETS,1,,km,Own calulation of distance - see txt.file for more Info,05.09.2023,Jonathan Hanto <joh@wip.tu-berlin.de>
DK,TR,ETS,1,,km,Own calulation of distance - see txt.file for more Info,05.09.2023,Jonathan Hanto <joh@wip.tu-berlin.de>
DK,UK,ETS,1,,km,Own calulation of distance - see txt.file for more Info,05.09.2023,Jonathan Hanto <joh@wip.tu-berlin.de>
EE,AT,ETS,1,,km,Own calulation of distance - see txt.file for more Info,05.09.2023,Jonathan Hanto <joh@wip.tu-berlin.de>
EE,BE,ETS,1,,km,Own calulation of distance - see txt.file for more Info,05.09.2023,Jonathan Hanto <joh@wip.tu-berlin.de>
EE,BG,ETS,1,,km,Own calulation of distance - see txt.file for more Info,05.09.2023,Jonathan Hanto <joh@wip.tu-berlin.de>
EE,CH,ETS,1,,km,Own calulation of distance - see txt.file for more Info,05.09.2023,Jonathan Hanto <joh@wip.tu-berlin.de>
EE,CZ,ETS,1,,km,Own calulation of distance - see txt.file for more Info,05.09.2023,Jonathan Hanto <joh@wip.tu-berlin.de>
EE,DE,ETS,1,,km,Own calulation of distance - see txt.file for more Info,05.09.2023,Jonathan Hanto <joh@wip.tu-berlin.de>
EE,DK,ETS,1,,km,Own calulation of distance - see txt.file for more Info,05.09.2023,Jonathan Hanto <joh@wip.tu-berlin.de>
EE,ES,ETS,1,,km,Own calulation of distance - see txt.file for more Info,05.09.2023,Jonathan Hanto <joh@wip.tu-berlin.de>
EE,FI,ETS,1,,km,Own calulation of distance - see txt.file for more Info,05.09.2023,Jonathan Hanto <joh@wip.tu-berlin.de>
EE,FR,ETS,1,,km,Own calulation of distance - see txt.file for more Info,05.09.2023,Jonathan Hanto <joh@wip.tu-berlin.de>
EE,GR,ETS,1,,km,Own calulation of distance - see txt.file for more Info,05.09.2023,Jonathan Hanto <joh@wip.tu-berlin.de>
EE,HR,ETS,1,,km,Own calulation of distance - see txt.file for more Info,05.09.2023,Jonathan Hanto <joh@wip.tu-berlin.de>
EE,HU,ETS,1,,km,Own calulation of distance - see txt.file for more Info,05.09.2023,Jonathan Hanto <joh@wip.tu-berlin.de>
EE,IE,ETS,1,,km,Own calulation of distance - see txt.file for more Info,05.09.2023,Jonathan Hanto <joh@wip.tu-berlin.de>
EE,IT,ETS,1,,km,Own calulation of distance - see txt.file for more Info,05.09.2023,Jonathan Hanto <joh@wip.tu-berlin.de>
EE,LT,ETS,1,,km,Own calulation of distance - see txt.file for more Info,05.09.2023,Jonathan Hanto <joh@wip.tu-berlin.de>
EE,LU,ETS,1,,km,Own calulation of distance - see txt.file for more Info,05.09.2023,Jonathan Hanto <joh@wip.tu-berlin.de>
EE,LV,ETS,1,,km,Own calulation of distance - see txt.file for more Info,05.09.2023,Jonathan Hanto <joh@wip.tu-berlin.de>
EE,NL,ETS,1,,km,Own calulation of distance - see txt.file for more Info,05.09.2023,Jonathan Hanto <joh@wip.tu-berlin.de>
EE,NO,ETS,1,,km,Own calulation of distance - see txt.file for more Info,05.09.2023,Jonathan Hanto <joh@wip.tu-berlin.de>
EE,NONEU_Balkan,ETS,1,,km,Own calulation of distance - see txt.file for more Info,05.09.2023,Jonathan Hanto <joh@wip.tu-berlin.de>
EE,PL,ETS,1,,km,Own calulation of distance - see txt.file for more Info,05.09.2023,Jonathan Hanto <joh@wip.tu-berlin.de>
EE,PT,ETS,1,,km,Own calulation of distance - see txt.file for more Info,05.09.2023,Jonathan Hanto <joh@wip.tu-berlin.de>
EE,RO,ETS,1,,km,Own calulation of distance - see txt.file for more Info,05.09.2023,Jonathan Hanto <joh@wip.tu-berlin.de>
EE,SE,ETS,1,,km,Own calulation of distance - see txt.file for more Info,05.09.2023,Jonathan Hanto <joh@wip.tu-berlin.de>
EE,SI,ETS,1,,km,Own calulation of distance - see txt.file for more Info,05.09.2023,Jonathan Hanto <joh@wip.tu-berlin.de>
EE,SK,ETS,1,,km,Own calulation of distance - see txt.file for more Info,05.09.2023,Jonathan Hanto <joh@wip.tu-berlin.de>
EE,TR,ETS,1,,km,Own calulation of distance - see txt.file for more Info,05.09.2023,Jonathan Hanto <joh@wip.tu-berlin.de>
EE,UK,ETS,1,,km,Own calulation of distance - see txt.file for more Info,05.09.2023,Jonathan Hanto <joh@wip.tu-berlin.de>
ES,AT,ETS,1,,km,Own calulation of distance - see txt.file for more Info,05.09.2023,Jonathan Hanto <joh@wip.tu-berlin.de>
ES,BE,ETS,1,,km,Own calulation of distance - see txt.file for more Info,05.09.2023,Jonathan Hanto <joh@wip.tu-berlin.de>
ES,BG,ETS,1,,km,Own calulation of distance - see txt.file for more Info,05.09.2023,Jonathan Hanto <joh@wip.tu-berlin.de>
ES,CH,ETS,1,,km,Own calulation of distance - see txt.file for more Info,05.09.2023,Jonathan Hanto <joh@wip.tu-berlin.de>
ES,CZ,ETS,1,,km,Own calulation of distance - see txt.file for more Info,05.09.2023,Jonathan Hanto <joh@wip.tu-berlin.de>
ES,DE,ETS,1,,km,Own calulation of distance - see txt.file for more Info,05.09.2023,Jonathan Hanto <joh@wip.tu-berlin.de>
ES,DK,ETS,1,,km,Own calulation of distance - see txt.file for more Info,05.09.2023,Jonathan Hanto <joh@wip.tu-berlin.de>
ES,EE,ETS,1,,km,Own calulation of distance - see txt.file for more Info,05.09.2023,Jonathan Hanto <joh@wip.tu-berlin.de>
ES,FI,ETS,1,,km,Own calulation of distance - see txt.file for more Info,05.09.2023,Jonathan Hanto <joh@wip.tu-berlin.de>
ES,FR,ETS,1,,km,Own calulation of distance - see txt.file for more Info,05.09.2023,Jonathan Hanto <joh@wip.tu-berlin.de>
ES,GR,ETS,1,,km,Own calulation of distance - see txt.file for more Info,05.09.2023,Jonathan Hanto <joh@wip.tu-berlin.de>
ES,HR,ETS,1,,km,Own calulation of distance - see txt.file for more Info,05.09.2023,Jonathan Hanto <joh@wip.tu-berlin.de>
ES,HU,ETS,1,,km,Own calulation of distance - see txt.file for more Info,05.09.2023,Jonathan Hanto <joh@wip.tu-berlin.de>
ES,IE,ETS,1,,km,Own calulation of distance - see txt.file for more Info,05.09.2023,Jonathan Hanto <joh@wip.tu-berlin.de>
ES,IT,ETS,1,,km,Own calulation of distance - see txt.file for more Info,05.09.2023,Jonathan Hanto <joh@wip.tu-berlin.de>
ES,LT,ETS,1,,km,Own calulation of distance - see txt.file for more Info,05.09.2023,Jonathan Hanto <joh@wip.tu-berlin.de>
ES,LU,ETS,1,,km,Own calulation of distance - see txt.file for more Info,05.09.2023,Jonathan Hanto <joh@wip.tu-berlin.de>
ES,LV,ETS,1,,km,Own calulation of distance - see txt.file for more Info,05.09.2023,Jonathan Hanto <joh@wip.tu-berlin.de>
ES,NL,ETS,1,,km,Own calulation of distance - see txt.file for more Info,05.09.2023,Jonathan Hanto <joh@wip.tu-berlin.de>
ES,NO,ETS,1,,km,Own calulation of distance - see txt.file for more Info,05.09.2023,Jonathan Hanto <joh@wip.tu-berlin.de>
ES,NONEU_Balkan,ETS,1,,km,Own calulation of distance - see txt.file for more Info,05.09.2023,Jonathan Hanto <joh@wip.tu-berlin.de>
ES,PL,ETS,1,,km,Own calulation of distance - see txt.file for more Info,05.09.2023,Jonathan Hanto <joh@wip.tu-berlin.de>
ES,PT,ETS,1,,km,Own calulation of distance - see txt.file for more Info,05.09.2023,Jonathan Hanto <joh@wip.tu-berlin.de>
ES,RO,ETS,1,,km,Own calulation of distance - see txt.file for more Info,05.09.2023,Jonathan Hanto <joh@wip.tu-berlin.de>
ES,SE,ETS,1,,km,Own calulation of distance - see txt.file for more Info,05.09.2023,Jonathan Hanto <joh@wip.tu-berlin.de>
ES,SI,ETS,1,,km,Own calulation of distance - see txt.file for more Info,05.09.2023,Jonathan Hanto <joh@wip.tu-berlin.de>
ES,SK,ETS,1,,km,Own calulation of distance - see txt.file for more Info,05.09.2023,Jonathan Hanto <joh@wip.tu-berlin.de>
ES,TR,ETS,1,,km,Own calulation of distance - see txt.file for more Info,05.09.2023,Jonathan Hanto <joh@wip.tu-berlin.de>
ES,UK,ETS,1,,km,Own calulation of distance - see txt.file for more Info,05.09.2023,Jonathan Hanto <joh@wip.tu-berlin.de>
FI,AT,ETS,1,,km,Own calulation of distance - see txt.file for more Info,05.09.2023,Jonathan Hanto <joh@wip.tu-berlin.de>
FI,BE,ETS,1,,km,Own calulation of distance - see txt.file for more Info,05.09.2023,Jonathan Hanto <joh@wip.tu-berlin.de>
FI,BG,ETS,1,,km,Own calulation of distance - see txt.file for more Info,05.09.2023,Jonathan Hanto <joh@wip.tu-berlin.de>
FI,CH,ETS,1,,km,Own calulation of distance - see txt.file for more Info,05.09.2023,Jonathan Hanto <joh@wip.tu-berlin.de>
FI,CZ,ETS,1,,km,Own calulation of distance - see txt.file for more Info,05.09.2023,Jonathan Hanto <joh@wip.tu-berlin.de>
FI,DE,ETS,1,,km,Own calulation of distance - see txt.file for more Info,05.09.2023,Jonathan Hanto <joh@wip.tu-berlin.de>
FI,DK,ETS,1,,km,Own calulation of distance - see txt.file for more Info,05.09.2023,Jonathan Hanto <joh@wip.tu-berlin.de>
FI,EE,ETS,1,,km,Own calulation of distance - see txt.file for more Info,05.09.2023,Jonathan Hanto <joh@wip.tu-berlin.de>
FI,ES,ETS,1,,km,Own calulation of distance - see txt.file for more Info,05.09.2023,Jonathan Hanto <joh@wip.tu-berlin.de>
FI,FR,ETS,1,,km,Own calulation of distance - see txt.file for more Info,05.09.2023,Jonathan Hanto <joh@wip.tu-berlin.de>
FI,GR,ETS,1,,km,Own calulation of distance - see txt.file for more Info,05.09.2023,Jonathan Hanto <joh@wip.tu-berlin.de>
FI,HR,ETS,1,,km,Own calulation of distance - see txt.file for more Info,05.09.2023,Jonathan Hanto <joh@wip.tu-berlin.de>
FI,HU,ETS,1,,km,Own calulation of distance - see txt.file for more Info,05.09.2023,Jonathan Hanto <joh@wip.tu-berlin.de>
FI,IE,ETS,1,,km,Own calulation of distance - see txt.file for more Info,05.09.2023,Jonathan Hanto <joh@wip.tu-berlin.de>
FI,IT,ETS,1,,km,Own calulation of distance - see txt.file for more Info,05.09.2023,Jonathan Hanto <joh@wip.tu-berlin.de>
FI,LT,ETS,1,,km,Own calulation of distance - see txt.file for more Info,05.09.2023,Jonathan Hanto <joh@wip.tu-berlin.de>
FI,LU,ETS,1,,km,Own calulation of distance - see txt.file for more Info,05.09.2023,Jonathan Hanto <joh@wip.tu-berlin.de>
FI,LV,ETS,1,,km,Own calulation of distance - see txt.file for more Info,05.09.2023,Jonathan Hanto <joh@wip.tu-berlin.de>
FI,NL,ETS,1,,km,Own calulation of distance - see txt.file for more Info,05.09.2023,Jonathan Hanto <joh@wip.tu-berlin.de>
FI,NO,ETS,1,,km,Own calulation of distance - see txt.file for more Info,05.09.2023,Jonathan Hanto <joh@wip.tu-berlin.de>
FI,NONEU_Balkan,ETS,1,,km,Own calulation of distance - see txt.file for more Info,05.09.2023,Jonathan Hanto <joh@wip.tu-berlin.de>
FI,PL,ETS,1,,km,Own calulation of distance - see txt.file for more Info,05.09.2023,Jonathan Hanto <joh@wip.tu-berlin.de>
FI,PT,ETS,1,,km,Own calulation of distance - see txt.file for more Info,05.09.2023,Jonathan Hanto <joh@wip.tu-berlin.de>
FI,RO,ETS,1,,km,Own calulation of distance - see txt.file for more Info,05.09.2023,Jonathan Hanto <joh@wip.tu-berlin.de>
FI,SE,ETS,1,,km,Own calulation of distance - see txt.file for more Info,05.09.2023,Jonathan Hanto <joh@wip.tu-berlin.de>
FI,SI,ETS,1,,km,Own calulation of distance - see txt.file for more Info,05.09.2023,Jonathan Hanto <joh@wip.tu-berlin.de>
FI,SK,ETS,1,,km,Own calulation of distance - see txt.file for more Info,05.09.2023,Jonathan Hanto <joh@wip.tu-berlin.de>
FI,TR,ETS,1,,km,Own calulation of distance - see txt.file for more Info,05.09.2023,Jonathan Hanto <joh@wip.tu-berlin.de>
FI,UK,ETS,1,,km,Own calulation of distance - see txt.file for more Info,05.09.2023,Jonathan Hanto <joh@wip.tu-berlin.de>
FR,AT,ETS,1,,km,Own calulation of distance - see txt.file for more Info,05.09.2023,Jonathan Hanto <joh@wip.tu-berlin.de>
FR,BE,ETS,1,,km,Own calulation of distance - see txt.file for more Info,05.09.2023,Jonathan Hanto <joh@wip.tu-berlin.de>
FR,BG,ETS,1,,km,Own calulation of distance - see txt.file for more Info,05.09.2023,Jonathan Hanto <joh@wip.tu-berlin.de>
FR,CH,ETS,1,,km,Own calulation of distance - see txt.file for more Info,05.09.2023,Jonathan Hanto <joh@wip.tu-berlin.de>
FR,CZ,ETS,1,,km,Own calulation of distance - see txt.file for more Info,05.09.2023,Jonathan Hanto <joh@wip.tu-berlin.de>
FR,DE,ETS,1,,km,Own calulation of distance - see txt.file for more Info,05.09.2023,Jonathan Hanto <joh@wip.tu-berlin.de>
FR,DE_BW,ETS,537,,km,Own calulation of distance - see txt.file for more Info,19.09.2023,Jonathan Hanto <joh@wip.tu-berlin.de>
FR,DE_SL,ETS,426,,km,Own calulation of distance - see txt.file for more Info,19.09.2023,Jonathan Hanto <joh@wip.tu-berlin.de>
FR,DK,ETS,1,,km,Own calulation of distance - see txt.file for more Info,05.09.2023,Jonathan Hanto <joh@wip.tu-berlin.de>
FR,EE,ETS,1,,km,Own calulation of distance - see txt.file for more Info,05.09.2023,Jonathan Hanto <joh@wip.tu-berlin.de>
FR,ES,ETS,1,,km,Own calulation of distance - see txt.file for more Info,05.09.2023,Jonathan Hanto <joh@wip.tu-berlin.de>
FR,FI,ETS,1,,km,Own calulation of distance - see txt.file for more Info,05.09.2023,Jonathan Hanto <joh@wip.tu-berlin.de>
FR,GR,ETS,1,,km,Own calulation of distance - see txt.file for more Info,05.09.2023,Jonathan Hanto <joh@wip.tu-berlin.de>
FR,HR,ETS,1,,km,Own calulation of distance - see txt.file for more Info,05.09.2023,Jonathan Hanto <joh@wip.tu-berlin.de>
FR,HU,ETS,1,,km,Own calulation of distance - see txt.file for more Info,05.09.2023,Jonathan Hanto <joh@wip.tu-berlin.de>
FR,IE,ETS,1,,km,Own calulation of distance - see txt.file for more Info,05.09.2023,Jonathan Hanto <joh@wip.tu-berlin.de>
FR,IT,ETS,1,,km,Own calulation of distance - see txt.file for more Info,05.09.2023,Jonathan Hanto <joh@wip.tu-berlin.de>
FR,LT,ETS,1,,km,Own calulation of distance - see txt.file for more Info,05.09.2023,Jonathan Hanto <joh@wip.tu-berlin.de>
FR,LU,ETS,1,,km,Own calulation of distance - see txt.file for more Info,05.09.2023,Jonathan Hanto <joh@wip.tu-berlin.de>
FR,LV,ETS,1,,km,Own calulation of distance - see txt.file for more Info,05.09.2023,Jonathan Hanto <joh@wip.tu-berlin.de>
FR,NL,ETS,1,,km,Own calulation of distance - see txt.file for more Info,05.09.2023,Jonathan Hanto <joh@wip.tu-berlin.de>
FR,NO,ETS,1,,km,Own calulation of distance - see txt.file for more Info,05.09.2023,Jonathan Hanto <joh@wip.tu-berlin.de>
FR,NONEU_Balkan,ETS,1,,km,Own calulation of distance - see txt.file for more Info,05.09.2023,Jonathan Hanto <joh@wip.tu-berlin.de>
FR,PL,ETS,1,,km,Own calulation of distance - see txt.file for more Info,05.09.2023,Jonathan Hanto <joh@wip.tu-berlin.de>
FR,PT,ETS,1,,km,Own calulation of distance - see txt.file for more Info,05.09.2023,Jonathan Hanto <joh@wip.tu-berlin.de>
FR,RO,ETS,1,,km,Own calulation of distance - see txt.file for more Info,05.09.2023,Jonathan Hanto <joh@wip.tu-berlin.de>
FR,SE,ETS,1,,km,Own calulation of distance - see txt.file for more Info,05.09.2023,Jonathan Hanto <joh@wip.tu-berlin.de>
FR,SI,ETS,1,,km,Own calulation of distance - see txt.file for more Info,05.09.2023,Jonathan Hanto <joh@wip.tu-berlin.de>
FR,SK,ETS,1,,km,Own calulation of distance - see txt.file for more Info,05.09.2023,Jonathan Hanto <joh@wip.tu-berlin.de>
FR,TR,ETS,1,,km,Own calulation of distance - see txt.file for more Info,05.09.2023,Jonathan Hanto <joh@wip.tu-berlin.de>
FR,UK,ETS,1,,km,Own calulation of distance - see txt.file for more Info,05.09.2023,Jonathan Hanto <joh@wip.tu-berlin.de>
GR,AT,ETS,1,,km,Own calulation of distance - see txt.file for more Info,05.09.2023,Jonathan Hanto <joh@wip.tu-berlin.de>
GR,BE,ETS,1,,km,Own calulation of distance - see txt.file for more Info,05.09.2023,Jonathan Hanto <joh@wip.tu-berlin.de>
GR,BG,ETS,1,,km,Own calulation of distance - see txt.file for more Info,05.09.2023,Jonathan Hanto <joh@wip.tu-berlin.de>
GR,CH,ETS,1,,km,Own calulation of distance - see txt.file for more Info,05.09.2023,Jonathan Hanto <joh@wip.tu-berlin.de>
GR,CZ,ETS,1,,km,Own calulation of distance - see txt.file for more Info,05.09.2023,Jonathan Hanto <joh@wip.tu-berlin.de>
GR,DE,ETS,1,,km,Own calulation of distance - see txt.file for more Info,05.09.2023,Jonathan Hanto <joh@wip.tu-berlin.de>
GR,DK,ETS,1,,km,Own calulation of distance - see txt.file for more Info,05.09.2023,Jonathan Hanto <joh@wip.tu-berlin.de>
GR,EE,ETS,1,,km,Own calulation of distance - see txt.file for more Info,05.09.2023,Jonathan Hanto <joh@wip.tu-berlin.de>
GR,ES,ETS,1,,km,Own calulation of distance - see txt.file for more Info,05.09.2023,Jonathan Hanto <joh@wip.tu-berlin.de>
GR,FI,ETS,1,,km,Own calulation of distance - see txt.file for more Info,05.09.2023,Jonathan Hanto <joh@wip.tu-berlin.de>
GR,FR,ETS,1,,km,Own calulation of distance - see txt.file for more Info,05.09.2023,Jonathan Hanto <joh@wip.tu-berlin.de>
GR,HR,ETS,1,,km,Own calulation of distance - see txt.file for more Info,05.09.2023,Jonathan Hanto <joh@wip.tu-berlin.de>
GR,HU,ETS,1,,km,Own calulation of distance - see txt.file for more Info,05.09.2023,Jonathan Hanto <joh@wip.tu-berlin.de>
GR,IE,ETS,1,,km,Own calulation of distance - see txt.file for more Info,05.09.2023,Jonathan Hanto <joh@wip.tu-berlin.de>
GR,IT,ETS,1,,km,Own calulation of distance - see txt.file for more Info,05.09.2023,Jonathan Hanto <joh@wip.tu-berlin.de>
GR,LT,ETS,1,,km,Own calulation of distance - see txt.file for more Info,05.09.2023,Jonathan Hanto <joh@wip.tu-berlin.de>
GR,LU,ETS,1,,km,Own calulation of distance - see txt.file for more Info,05.09.2023,Jonathan Hanto <joh@wip.tu-berlin.de>
GR,LV,ETS,1,,km,Own calulation of distance - see txt.file for more Info,05.09.2023,Jonathan Hanto <joh@wip.tu-berlin.de>
GR,NL,ETS,1,,km,Own calulation of distance - see txt.file for more Info,05.09.2023,Jonathan Hanto <joh@wip.tu-berlin.de>
GR,NO,ETS,1,,km,Own calulation of distance - see txt.file for more Info,05.09.2023,Jonathan Hanto <joh@wip.tu-berlin.de>
GR,NONEU_Balkan,ETS,1,,km,Own calulation of distance - see txt.file for more Info,05.09.2023,Jonathan Hanto <joh@wip.tu-berlin.de>
GR,PL,ETS,1,,km,Own calulation of distance - see txt.file for more Info,05.09.2023,Jonathan Hanto <joh@wip.tu-berlin.de>
GR,PT,ETS,1,,km,Own calulation of distance - see txt.file for more Info,05.09.2023,Jonathan Hanto <joh@wip.tu-berlin.de>
GR,RO,ETS,1,,km,Own calulation of distance - see txt.file for more Info,05.09.2023,Jonathan Hanto <joh@wip.tu-berlin.de>
GR,SE,ETS,1,,km,Own calulation of distance - see txt.file for more Info,05.09.2023,Jonathan Hanto <joh@wip.tu-berlin.de>
GR,SI,ETS,1,,km,Own calulation of distance - see txt.file for more Info,05.09.2023,Jonathan Hanto <joh@wip.tu-berlin.de>
GR,SK,ETS,1,,km,Own calulation of distance - see txt.file for more Info,05.09.2023,Jonathan Hanto <joh@wip.tu-berlin.de>
GR,TR,ETS,1,,km,Own calulation of distance - see txt.file for more Info,05.09.2023,Jonathan Hanto <joh@wip.tu-berlin.de>
GR,UK,ETS,1,,km,Own calulation of distance - see txt.file for more Info,05.09.2023,Jonathan Hanto <joh@wip.tu-berlin.de>
HR,AT,ETS,1,,km,Own calulation of distance - see txt.file for more Info,05.09.2023,Jonathan Hanto <joh@wip.tu-berlin.de>
HR,BE,ETS,1,,km,Own calulation of distance - see txt.file for more Info,05.09.2023,Jonathan Hanto <joh@wip.tu-berlin.de>
HR,BG,ETS,1,,km,Own calulation of distance - see txt.file for more Info,05.09.2023,Jonathan Hanto <joh@wip.tu-berlin.de>
HR,CH,ETS,1,,km,Own calulation of distance - see txt.file for more Info,05.09.2023,Jonathan Hanto <joh@wip.tu-berlin.de>
HR,CZ,ETS,1,,km,Own calulation of distance - see txt.file for more Info,05.09.2023,Jonathan Hanto <joh@wip.tu-berlin.de>
HR,DE,ETS,1,,km,Own calulation of distance - see txt.file for more Info,05.09.2023,Jonathan Hanto <joh@wip.tu-berlin.de>
HR,DK,ETS,1,,km,Own calulation of distance - see txt.file for more Info,05.09.2023,Jonathan Hanto <joh@wip.tu-berlin.de>
HR,EE,ETS,1,,km,Own calulation of distance - see txt.file for more Info,05.09.2023,Jonathan Hanto <joh@wip.tu-berlin.de>
HR,ES,ETS,1,,km,Own calulation of distance - see txt.file for more Info,05.09.2023,Jonathan Hanto <joh@wip.tu-berlin.de>
HR,FI,ETS,1,,km,Own calulation of distance - see txt.file for more Info,05.09.2023,Jonathan Hanto <joh@wip.tu-berlin.de>
HR,FR,ETS,1,,km,Own calulation of distance - see txt.file for more Info,05.09.2023,Jonathan Hanto <joh@wip.tu-berlin.de>
HR,GR,ETS,1,,km,Own calulation of distance - see txt.file for more Info,05.09.2023,Jonathan Hanto <joh@wip.tu-berlin.de>
HR,HU,ETS,1,,km,Own calulation of distance - see txt.file for more Info,05.09.2023,Jonathan Hanto <joh@wip.tu-berlin.de>
HR,IE,ETS,1,,km,Own calulation of distance - see txt.file for more Info,05.09.2023,Jonathan Hanto <joh@wip.tu-berlin.de>
HR,IT,ETS,1,,km,Own calulation of distance - see txt.file for more Info,05.09.2023,Jonathan Hanto <joh@wip.tu-berlin.de>
HR,LT,ETS,1,,km,Own calulation of distance - see txt.file for more Info,05.09.2023,Jonathan Hanto <joh@wip.tu-berlin.de>
HR,LU,ETS,1,,km,Own calulation of distance - see txt.file for more Info,05.09.2023,Jonathan Hanto <joh@wip.tu-berlin.de>
HR,LV,ETS,1,,km,Own calulation of distance - see txt.file for more Info,05.09.2023,Jonathan Hanto <joh@wip.tu-berlin.de>
HR,NL,ETS,1,,km,Own calulation of distance - see txt.file for more Info,05.09.2023,Jonathan Hanto <joh@wip.tu-berlin.de>
HR,NO,ETS,1,,km,Own calulation of distance - see txt.file for more Info,05.09.2023,Jonathan Hanto <joh@wip.tu-berlin.de>
HR,NONEU_Balkan,ETS,1,,km,Own calulation of distance - see txt.file for more Info,05.09.2023,Jonathan Hanto <joh@wip.tu-berlin.de>
HR,PL,ETS,1,,km,Own calulation of distance - see txt.file for more Info,05.09.2023,Jonathan Hanto <joh@wip.tu-berlin.de>
HR,PT,ETS,1,,km,Own calulation of distance - see txt.file for more Info,05.09.2023,Jonathan Hanto <joh@wip.tu-berlin.de>
HR,RO,ETS,1,,km,Own calulation of distance - see txt.file for more Info,05.09.2023,Jonathan Hanto <joh@wip.tu-berlin.de>
HR,SE,ETS,1,,km,Own calulation of distance - see txt.file for more Info,05.09.2023,Jonathan Hanto <joh@wip.tu-berlin.de>
HR,SI,ETS,1,,km,Own calulation of distance - see txt.file for more Info,05.09.2023,Jonathan Hanto <joh@wip.tu-berlin.de>
HR,SK,ETS,1,,km,Own calulation of distance - see txt.file for more Info,05.09.2023,Jonathan Hanto <joh@wip.tu-berlin.de>
HR,TR,ETS,1,,km,Own calulation of distance - see txt.file for more Info,05.09.2023,Jonathan Hanto <joh@wip.tu-berlin.de>
HR,UK,ETS,1,,km,Own calulation of distance - see txt.file for more Info,05.09.2023,Jonathan Hanto <joh@wip.tu-berlin.de>
HU,AT,ETS,1,,km,Own calulation of distance - see txt.file for more Info,05.09.2023,Jonathan Hanto <joh@wip.tu-berlin.de>
HU,BE,ETS,1,,km,Own calulation of distance - see txt.file for more Info,05.09.2023,Jonathan Hanto <joh@wip.tu-berlin.de>
HU,BG,ETS,1,,km,Own calulation of distance - see txt.file for more Info,05.09.2023,Jonathan Hanto <joh@wip.tu-berlin.de>
HU,CH,ETS,1,,km,Own calulation of distance - see txt.file for more Info,05.09.2023,Jonathan Hanto <joh@wip.tu-berlin.de>
HU,CZ,ETS,1,,km,Own calulation of distance - see txt.file for more Info,05.09.2023,Jonathan Hanto <joh@wip.tu-berlin.de>
HU,DE,ETS,1,,km,Own calulation of distance - see txt.file for more Info,05.09.2023,Jonathan Hanto <joh@wip.tu-berlin.de>
HU,DK,ETS,1,,km,Own calulation of distance - see txt.file for more Info,05.09.2023,Jonathan Hanto <joh@wip.tu-berlin.de>
HU,EE,ETS,1,,km,Own calulation of distance - see txt.file for more Info,05.09.2023,Jonathan Hanto <joh@wip.tu-berlin.de>
HU,ES,ETS,1,,km,Own calulation of distance - see txt.file for more Info,05.09.2023,Jonathan Hanto <joh@wip.tu-berlin.de>
HU,FI,ETS,1,,km,Own calulation of distance - see txt.file for more Info,05.09.2023,Jonathan Hanto <joh@wip.tu-berlin.de>
HU,FR,ETS,1,,km,Own calulation of distance - see txt.file for more Info,05.09.2023,Jonathan Hanto <joh@wip.tu-berlin.de>
HU,GR,ETS,1,,km,Own calulation of distance - see txt.file for more Info,05.09.2023,Jonathan Hanto <joh@wip.tu-berlin.de>
HU,HR,ETS,1,,km,Own calulation of distance - see txt.file for more Info,05.09.2023,Jonathan Hanto <joh@wip.tu-berlin.de>
HU,IE,ETS,1,,km,Own calulation of distance - see txt.file for more Info,05.09.2023,Jonathan Hanto <joh@wip.tu-berlin.de>
HU,IT,ETS,1,,km,Own calulation of distance - see txt.file for more Info,05.09.2023,Jonathan Hanto <joh@wip.tu-berlin.de>
HU,LT,ETS,1,,km,Own calulation of distance - see txt.file for more Info,05.09.2023,Jonathan Hanto <joh@wip.tu-berlin.de>
HU,LU,ETS,1,,km,Own calulation of distance - see txt.file for more Info,05.09.2023,Jonathan Hanto <joh@wip.tu-berlin.de>
HU,LV,ETS,1,,km,Own calulation of distance - see txt.file for more Info,05.09.2023,Jonathan Hanto <joh@wip.tu-berlin.de>
HU,NL,ETS,1,,km,Own calulation of distance - see txt.file for more Info,05.09.2023,Jonathan Hanto <joh@wip.tu-berlin.de>
HU,NO,ETS,1,,km,Own calulation of distance - see txt.file for more Info,05.09.2023,Jonathan Hanto <joh@wip.tu-berlin.de>
HU,NONEU_Balkan,ETS,1,,km,Own calulation of distance - see txt.file for more Info,05.09.2023,Jonathan Hanto <joh@wip.tu-berlin.de>
HU,PL,ETS,1,,km,Own calulation of distance - see txt.file for more Info,05.09.2023,Jonathan Hanto <joh@wip.tu-berlin.de>
HU,PT,ETS,1,,km,Own calulation of distance - see txt.file for more Info,05.09.2023,Jonathan Hanto <joh@wip.tu-berlin.de>
HU,RO,ETS,1,,km,Own calulation of distance - see txt.file for more Info,05.09.2023,Jonathan Hanto <joh@wip.tu-berlin.de>
HU,SE,ETS,1,,km,Own calulation of distance - see txt.file for more Info,05.09.2023,Jonathan Hanto <joh@wip.tu-berlin.de>
HU,SI,ETS,1,,km,Own calulation of distance - see txt.file for more Info,05.09.2023,Jonathan Hanto <joh@wip.tu-berlin.de>
HU,SK,ETS,1,,km,Own calulation of distance - see txt.file for more Info,05.09.2023,Jonathan Hanto <joh@wip.tu-berlin.de>
HU,TR,ETS,1,,km,Own calulation of distance - see txt.file for more Info,05.09.2023,Jonathan Hanto <joh@wip.tu-berlin.de>
HU,UK,ETS,1,,km,Own calulation of distance - see txt.file for more Info,05.09.2023,Jonathan Hanto <joh@wip.tu-berlin.de>
IE,AT,ETS,1,,km,Own calulation of distance - see txt.file for more Info,05.09.2023,Jonathan Hanto <joh@wip.tu-berlin.de>
IE,BE,ETS,1,,km,Own calulation of distance - see txt.file for more Info,05.09.2023,Jonathan Hanto <joh@wip.tu-berlin.de>
IE,BG,ETS,1,,km,Own calulation of distance - see txt.file for more Info,05.09.2023,Jonathan Hanto <joh@wip.tu-berlin.de>
IE,CH,ETS,1,,km,Own calulation of distance - see txt.file for more Info,05.09.2023,Jonathan Hanto <joh@wip.tu-berlin.de>
IE,CZ,ETS,1,,km,Own calulation of distance - see txt.file for more Info,05.09.2023,Jonathan Hanto <joh@wip.tu-berlin.de>
IE,DE,ETS,1,,km,Own calulation of distance - see txt.file for more Info,05.09.2023,Jonathan Hanto <joh@wip.tu-berlin.de>
IE,DK,ETS,1,,km,Own calulation of distance - see txt.file for more Info,05.09.2023,Jonathan Hanto <joh@wip.tu-berlin.de>
IE,EE,ETS,1,,km,Own calulation of distance - see txt.file for more Info,05.09.2023,Jonathan Hanto <joh@wip.tu-berlin.de>
IE,ES,ETS,1,,km,Own calulation of distance - see txt.file for more Info,05.09.2023,Jonathan Hanto <joh@wip.tu-berlin.de>
IE,FI,ETS,1,,km,Own calulation of distance - see txt.file for more Info,05.09.2023,Jonathan Hanto <joh@wip.tu-berlin.de>
IE,FR,ETS,1,,km,Own calulation of distance - see txt.file for more Info,05.09.2023,Jonathan Hanto <joh@wip.tu-berlin.de>
IE,GR,ETS,1,,km,Own calulation of distance - see txt.file for more Info,05.09.2023,Jonathan Hanto <joh@wip.tu-berlin.de>
IE,HR,ETS,1,,km,Own calulation of distance - see txt.file for more Info,05.09.2023,Jonathan Hanto <joh@wip.tu-berlin.de>
IE,HU,ETS,1,,km,Own calulation of distance - see txt.file for more Info,05.09.2023,Jonathan Hanto <joh@wip.tu-berlin.de>
IE,IT,ETS,1,,km,Own calulation of distance - see txt.file for more Info,05.09.2023,Jonathan Hanto <joh@wip.tu-berlin.de>
IE,LT,ETS,1,,km,Own calulation of distance - see txt.file for more Info,05.09.2023,Jonathan Hanto <joh@wip.tu-berlin.de>
IE,LU,ETS,1,,km,Own calulation of distance - see txt.file for more Info,05.09.2023,Jonathan Hanto <joh@wip.tu-berlin.de>
IE,LV,ETS,1,,km,Own calulation of distance - see txt.file for more Info,05.09.2023,Jonathan Hanto <joh@wip.tu-berlin.de>
IE,NL,ETS,1,,km,Own calulation of distance - see txt.file for more Info,05.09.2023,Jonathan Hanto <joh@wip.tu-berlin.de>
IE,NO,ETS,1,,km,Own calulation of distance - see txt.file for more Info,05.09.2023,Jonathan Hanto <joh@wip.tu-berlin.de>
IE,NONEU_Balkan,ETS,1,,km,Own calulation of distance - see txt.file for more Info,05.09.2023,Jonathan Hanto <joh@wip.tu-berlin.de>
IE,PL,ETS,1,,km,Own calulation of distance - see txt.file for more Info,05.09.2023,Jonathan Hanto <joh@wip.tu-berlin.de>
IE,PT,ETS,1,,km,Own calulation of distance - see txt.file for more Info,05.09.2023,Jonathan Hanto <joh@wip.tu-berlin.de>
IE,RO,ETS,1,,km,Own calulation of distance - see txt.file for more Info,05.09.2023,Jonathan Hanto <joh@wip.tu-berlin.de>
IE,SE,ETS,1,,km,Own calulation of distance - see txt.file for more Info,05.09.2023,Jonathan Hanto <joh@wip.tu-berlin.de>
IE,SI,ETS,1,,km,Own calulation of distance - see txt.file for more Info,05.09.2023,Jonathan Hanto <joh@wip.tu-berlin.de>
IE,SK,ETS,1,,km,Own calulation of distance - see txt.file for more Info,05.09.2023,Jonathan Hanto <joh@wip.tu-berlin.de>
IE,TR,ETS,1,,km,Own calulation of distance - see txt.file for more Info,05.09.2023,Jonathan Hanto <joh@wip.tu-berlin.de>
IE,UK,ETS,1,,km,Own calulation of distance - see txt.file for more Info,05.09.2023,Jonathan Hanto <joh@wip.tu-berlin.de>
IT,AT,ETS,1,,km,Own calulation of distance - see txt.file for more Info,05.09.2023,Jonathan Hanto <joh@wip.tu-berlin.de>
IT,BE,ETS,1,,km,Own calulation of distance - see txt.file for more Info,05.09.2023,Jonathan Hanto <joh@wip.tu-berlin.de>
IT,BG,ETS,1,,km,Own calulation of distance - see txt.file for more Info,05.09.2023,Jonathan Hanto <joh@wip.tu-berlin.de>
IT,CH,ETS,1,,km,Own calulation of distance - see txt.file for more Info,05.09.2023,Jonathan Hanto <joh@wip.tu-berlin.de>
IT,CZ,ETS,1,,km,Own calulation of distance - see txt.file for more Info,05.09.2023,Jonathan Hanto <joh@wip.tu-berlin.de>
IT,DE,ETS,1,,km,Own calulation of distance - see txt.file for more Info,05.09.2023,Jonathan Hanto <joh@wip.tu-berlin.de>
IT,DK,ETS,1,,km,Own calulation of distance - see txt.file for more Info,05.09.2023,Jonathan Hanto <joh@wip.tu-berlin.de>
IT,EE,ETS,1,,km,Own calulation of distance - see txt.file for more Info,05.09.2023,Jonathan Hanto <joh@wip.tu-berlin.de>
IT,ES,ETS,1,,km,Own calulation of distance - see txt.file for more Info,05.09.2023,Jonathan Hanto <joh@wip.tu-berlin.de>
IT,FI,ETS,1,,km,Own calulation of distance - see txt.file for more Info,05.09.2023,Jonathan Hanto <joh@wip.tu-berlin.de>
IT,FR,ETS,1,,km,Own calulation of distance - see txt.file for more Info,05.09.2023,Jonathan Hanto <joh@wip.tu-berlin.de>
IT,GR,ETS,1,,km,Own calulation of distance - see txt.file for more Info,05.09.2023,Jonathan Hanto <joh@wip.tu-berlin.de>
IT,HR,ETS,1,,km,Own calulation of distance - see txt.file for more Info,05.09.2023,Jonathan Hanto <joh@wip.tu-berlin.de>
IT,HU,ETS,1,,km,Own calulation of distance - see txt.file for more Info,05.09.2023,Jonathan Hanto <joh@wip.tu-berlin.de>
IT,IE,ETS,1,,km,Own calulation of distance - see txt.file for more Info,05.09.2023,Jonathan Hanto <joh@wip.tu-berlin.de>
IT,LT,ETS,1,,km,Own calulation of distance - see txt.file for more Info,05.09.2023,Jonathan Hanto <joh@wip.tu-berlin.de>
IT,LU,ETS,1,,km,Own calulation of distance - see txt.file for more Info,05.09.2023,Jonathan Hanto <joh@wip.tu-berlin.de>
IT,LV,ETS,1,,km,Own calulation of distance - see txt.file for more Info,05.09.2023,Jonathan Hanto <joh@wip.tu-berlin.de>
IT,NL,ETS,1,,km,Own calulation of distance - see txt.file for more Info,05.09.2023,Jonathan Hanto <joh@wip.tu-berlin.de>
IT,NO,ETS,1,,km,Own calulation of distance - see txt.file for more Info,05.09.2023,Jonathan Hanto <joh@wip.tu-berlin.de>
IT,NONEU_Balkan,ETS,1,,km,Own calulation of distance - see txt.file for more Info,05.09.2023,Jonathan Hanto <joh@wip.tu-berlin.de>
IT,PL,ETS,1,,km,Own calulation of distance - see txt.file for more Info,05.09.2023,Jonathan Hanto <joh@wip.tu-berlin.de>
IT,PT,ETS,1,,km,Own calulation of distance - see txt.file for more Info,05.09.2023,Jonathan Hanto <joh@wip.tu-berlin.de>
IT,RO,ETS,1,,km,Own calulation of distance - see txt.file for more Info,05.09.2023,Jonathan Hanto <joh@wip.tu-berlin.de>
IT,SE,ETS,1,,km,Own calulation of distance - see txt.file for more Info,05.09.2023,Jonathan Hanto <joh@wip.tu-berlin.de>
IT,SI,ETS,1,,km,Own calulation of distance - see txt.file for more Info,05.09.2023,Jonathan Hanto <joh@wip.tu-berlin.de>
IT,SK,ETS,1,,km,Own calulation of distance - see txt.file for more Info,05.09.2023,Jonathan Hanto <joh@wip.tu-berlin.de>
IT,TR,ETS,1,,km,Own calulation of distance - see txt.file for more Info,05.09.2023,Jonathan Hanto <joh@wip.tu-berlin.de>
IT,UK,ETS,1,,km,Own calulation of distance - see txt.file for more Info,05.09.2023,Jonathan Hanto <joh@wip.tu-berlin.de>
LT,AT,ETS,1,,km,Own calulation of distance - see txt.file for more Info,05.09.2023,Jonathan Hanto <joh@wip.tu-berlin.de>
LT,BE,ETS,1,,km,Own calulation of distance - see txt.file for more Info,05.09.2023,Jonathan Hanto <joh@wip.tu-berlin.de>
LT,BG,ETS,1,,km,Own calulation of distance - see txt.file for more Info,05.09.2023,Jonathan Hanto <joh@wip.tu-berlin.de>
LT,CH,ETS,1,,km,Own calulation of distance - see txt.file for more Info,05.09.2023,Jonathan Hanto <joh@wip.tu-berlin.de>
LT,CZ,ETS,1,,km,Own calulation of distance - see txt.file for more Info,05.09.2023,Jonathan Hanto <joh@wip.tu-berlin.de>
LT,DE,ETS,1,,km,Own calulation of distance - see txt.file for more Info,05.09.2023,Jonathan Hanto <joh@wip.tu-berlin.de>
LT,DK,ETS,1,,km,Own calulation of distance - see txt.file for more Info,05.09.2023,Jonathan Hanto <joh@wip.tu-berlin.de>
LT,EE,ETS,1,,km,Own calulation of distance - see txt.file for more Info,05.09.2023,Jonathan Hanto <joh@wip.tu-berlin.de>
LT,ES,ETS,1,,km,Own calulation of distance - see txt.file for more Info,05.09.2023,Jonathan Hanto <joh@wip.tu-berlin.de>
LT,FI,ETS,1,,km,Own calulation of distance - see txt.file for more Info,05.09.2023,Jonathan Hanto <joh@wip.tu-berlin.de>
LT,FR,ETS,1,,km,Own calulation of distance - see txt.file for more Info,05.09.2023,Jonathan Hanto <joh@wip.tu-berlin.de>
LT,GR,ETS,1,,km,Own calulation of distance - see txt.file for more Info,05.09.2023,Jonathan Hanto <joh@wip.tu-berlin.de>
LT,HR,ETS,1,,km,Own calulation of distance - see txt.file for more Info,05.09.2023,Jonathan Hanto <joh@wip.tu-berlin.de>
LT,HU,ETS,1,,km,Own calulation of distance - see txt.file for more Info,05.09.2023,Jonathan Hanto <joh@wip.tu-berlin.de>
LT,IE,ETS,1,,km,Own calulation of distance - see txt.file for more Info,05.09.2023,Jonathan Hanto <joh@wip.tu-berlin.de>
LT,IT,ETS,1,,km,Own calulation of distance - see txt.file for more Info,05.09.2023,Jonathan Hanto <joh@wip.tu-berlin.de>
LT,LU,ETS,1,,km,Own calulation of distance - see txt.file for more Info,05.09.2023,Jonathan Hanto <joh@wip.tu-berlin.de>
LT,LV,ETS,1,,km,Own calulation of distance - see txt.file for more Info,05.09.2023,Jonathan Hanto <joh@wip.tu-berlin.de>
LT,NL,ETS,1,,km,Own calulation of distance - see txt.file for more Info,05.09.2023,Jonathan Hanto <joh@wip.tu-berlin.de>
LT,NO,ETS,1,,km,Own calulation of distance - see txt.file for more Info,05.09.2023,Jonathan Hanto <joh@wip.tu-berlin.de>
LT,NONEU_Balkan,ETS,1,,km,Own calulation of distance - see txt.file for more Info,05.09.2023,Jonathan Hanto <joh@wip.tu-berlin.de>
LT,PL,ETS,1,,km,Own calulation of distance - see txt.file for more Info,05.09.2023,Jonathan Hanto <joh@wip.tu-berlin.de>
LT,PT,ETS,1,,km,Own calulation of distance - see txt.file for more Info,05.09.2023,Jonathan Hanto <joh@wip.tu-berlin.de>
LT,RO,ETS,1,,km,Own calulation of distance - see txt.file for more Info,05.09.2023,Jonathan Hanto <joh@wip.tu-berlin.de>
LT,SE,ETS,1,,km,Own calulation of distance - see txt.file for more Info,05.09.2023,Jonathan Hanto <joh@wip.tu-berlin.de>
LT,SI,ETS,1,,km,Own calulation of distance - see txt.file for more Info,05.09.2023,Jonathan Hanto <joh@wip.tu-berlin.de>
LT,SK,ETS,1,,km,Own calulation of distance - see txt.file for more Info,05.09.2023,Jonathan Hanto <joh@wip.tu-berlin.de>
LT,TR,ETS,1,,km,Own calulation of distance - see txt.file for more Info,05.09.2023,Jonathan Hanto <joh@wip.tu-berlin.de>
LT,UK,ETS,1,,km,Own calulation of distance - see txt.file for more Info,05.09.2023,Jonathan Hanto <joh@wip.tu-berlin.de>
LU,AT,ETS,1,,km,Own calulation of distance - see txt.file for more Info,05.09.2023,Jonathan Hanto <joh@wip.tu-berlin.de>
LU,BE,ETS,1,,km,Own calulation of distance - see txt.file for more Info,05.09.2023,Jonathan Hanto <joh@wip.tu-berlin.de>
LU,BG,ETS,1,,km,Own calulation of distance - see txt.file for more Info,05.09.2023,Jonathan Hanto <joh@wip.tu-berlin.de>
LU,CH,ETS,1,,km,Own calulation of distance - see txt.file for more Info,05.09.2023,Jonathan Hanto <joh@wip.tu-berlin.de>
LU,CZ,ETS,1,,km,Own calulation of distance - see txt.file for more Info,05.09.2023,Jonathan Hanto <joh@wip.tu-berlin.de>
LU,DE,ETS,1,,km,Own calulation of distance - see txt.file for more Info,05.09.2023,Jonathan Hanto <joh@wip.tu-berlin.de>
LU,DK,ETS,1,,km,Own calulation of distance - see txt.file for more Info,05.09.2023,Jonathan Hanto <joh@wip.tu-berlin.de>
LU,EE,ETS,1,,km,Own calulation of distance - see txt.file for more Info,05.09.2023,Jonathan Hanto <joh@wip.tu-berlin.de>
LU,ES,ETS,1,,km,Own calulation of distance - see txt.file for more Info,05.09.2023,Jonathan Hanto <joh@wip.tu-berlin.de>
LU,FI,ETS,1,,km,Own calulation of distance - see txt.file for more Info,05.09.2023,Jonathan Hanto <joh@wip.tu-berlin.de>
LU,FR,ETS,1,,km,Own calulation of distance - see txt.file for more Info,05.09.2023,Jonathan Hanto <joh@wip.tu-berlin.de>
LU,GR,ETS,1,,km,Own calulation of distance - see txt.file for more Info,05.09.2023,Jonathan Hanto <joh@wip.tu-berlin.de>
LU,HR,ETS,1,,km,Own calulation of distance - see txt.file for more Info,05.09.2023,Jonathan Hanto <joh@wip.tu-berlin.de>
LU,HU,ETS,1,,km,Own calulation of distance - see txt.file for more Info,05.09.2023,Jonathan Hanto <joh@wip.tu-berlin.de>
LU,IE,ETS,1,,km,Own calulation of distance - see txt.file for more Info,05.09.2023,Jonathan Hanto <joh@wip.tu-berlin.de>
LU,IT,ETS,1,,km,Own calulation of distance - see txt.file for more Info,05.09.2023,Jonathan Hanto <joh@wip.tu-berlin.de>
LU,LT,ETS,1,,km,Own calulation of distance - see txt.file for more Info,05.09.2023,Jonathan Hanto <joh@wip.tu-berlin.de>
LU,LV,ETS,1,,km,Own calulation of distance - see txt.file for more Info,05.09.2023,Jonathan Hanto <joh@wip.tu-berlin.de>
LU,NL,ETS,1,,km,Own calulation of distance - see txt.file for more Info,05.09.2023,Jonathan Hanto <joh@wip.tu-berlin.de>
LU,NO,ETS,1,,km,Own calulation of distance - see txt.file for more Info,05.09.2023,Jonathan Hanto <joh@wip.tu-berlin.de>
LU,NONEU_Balkan,ETS,1,,km,Own calulation of distance - see txt.file for more Info,05.09.2023,Jonathan Hanto <joh@wip.tu-berlin.de>
LU,PL,ETS,1,,km,Own calulation of distance - see txt.file for more Info,05.09.2023,Jonathan Hanto <joh@wip.tu-berlin.de>
LU,PT,ETS,1,,km,Own calulation of distance - see txt.file for more Info,05.09.2023,Jonathan Hanto <joh@wip.tu-berlin.de>
LU,RO,ETS,1,,km,Own calulation of distance - see txt.file for more Info,05.09.2023,Jonathan Hanto <joh@wip.tu-berlin.de>
LU,SE,ETS,1,,km,Own calulation of distance - see txt.file for more Info,05.09.2023,Jonathan Hanto <joh@wip.tu-berlin.de>
LU,SI,ETS,1,,km,Own calulation of distance - see txt.file for more Info,05.09.2023,Jonathan Hanto <joh@wip.tu-berlin.de>
LU,SK,ETS,1,,km,Own calulation of distance - see txt.file for more Info,05.09.2023,Jonathan Hanto <joh@wip.tu-berlin.de>
LU,TR,ETS,1,,km,Own calulation of distance - see txt.file for more Info,05.09.2023,Jonathan Hanto <joh@wip.tu-berlin.de>
LU,UK,ETS,1,,km,Own calulation of distance - see txt.file for more Info,05.09.2023,Jonathan Hanto <joh@wip.tu-berlin.de>
LV,AT,ETS,1,,km,Own calulation of distance - see txt.file for more Info,05.09.2023,Jonathan Hanto <joh@wip.tu-berlin.de>
LV,BE,ETS,1,,km,Own calulation of distance - see txt.file for more Info,05.09.2023,Jonathan Hanto <joh@wip.tu-berlin.de>
LV,BG,ETS,1,,km,Own calulation of distance - see txt.file for more Info,05.09.2023,Jonathan Hanto <joh@wip.tu-berlin.de>
LV,CH,ETS,1,,km,Own calulation of distance - see txt.file for more Info,05.09.2023,Jonathan Hanto <joh@wip.tu-berlin.de>
LV,CZ,ETS,1,,km,Own calulation of distance - see txt.file for more Info,05.09.2023,Jonathan Hanto <joh@wip.tu-berlin.de>
LV,DE,ETS,1,,km,Own calulation of distance - see txt.file for more Info,05.09.2023,Jonathan Hanto <joh@wip.tu-berlin.de>
LV,DK,ETS,1,,km,Own calulation of distance - see txt.file for more Info,05.09.2023,Jonathan Hanto <joh@wip.tu-berlin.de>
LV,EE,ETS,1,,km,Own calulation of distance - see txt.file for more Info,05.09.2023,Jonathan Hanto <joh@wip.tu-berlin.de>
LV,ES,ETS,1,,km,Own calulation of distance - see txt.file for more Info,05.09.2023,Jonathan Hanto <joh@wip.tu-berlin.de>
LV,FI,ETS,1,,km,Own calulation of distance - see txt.file for more Info,05.09.2023,Jonathan Hanto <joh@wip.tu-berlin.de>
LV,FR,ETS,1,,km,Own calulation of distance - see txt.file for more Info,05.09.2023,Jonathan Hanto <joh@wip.tu-berlin.de>
LV,GR,ETS,1,,km,Own calulation of distance - see txt.file for more Info,05.09.2023,Jonathan Hanto <joh@wip.tu-berlin.de>
LV,HR,ETS,1,,km,Own calulation of distance - see txt.file for more Info,05.09.2023,Jonathan Hanto <joh@wip.tu-berlin.de>
LV,HU,ETS,1,,km,Own calulation of distance - see txt.file for more Info,05.09.2023,Jonathan Hanto <joh@wip.tu-berlin.de>
LV,IE,ETS,1,,km,Own calulation of distance - see txt.file for more Info,05.09.2023,Jonathan Hanto <joh@wip.tu-berlin.de>
LV,IT,ETS,1,,km,Own calulation of distance - see txt.file for more Info,05.09.2023,Jonathan Hanto <joh@wip.tu-berlin.de>
LV,LT,ETS,1,,km,Own calulation of distance - see txt.file for more Info,05.09.2023,Jonathan Hanto <joh@wip.tu-berlin.de>
LV,LU,ETS,1,,km,Own calulation of distance - see txt.file for more Info,05.09.2023,Jonathan Hanto <joh@wip.tu-berlin.de>
LV,NL,ETS,1,,km,Own calulation of distance - see txt.file for more Info,05.09.2023,Jonathan Hanto <joh@wip.tu-berlin.de>
LV,NO,ETS,1,,km,Own calulation of distance - see txt.file for more Info,05.09.2023,Jonathan Hanto <joh@wip.tu-berlin.de>
LV,NONEU_Balkan,ETS,1,,km,Own calulation of distance - see txt.file for more Info,05.09.2023,Jonathan Hanto <joh@wip.tu-berlin.de>
LV,PL,ETS,1,,km,Own calulation of distance - see txt.file for more Info,05.09.2023,Jonathan Hanto <joh@wip.tu-berlin.de>
LV,PT,ETS,1,,km,Own calulation of distance - see txt.file for more Info,05.09.2023,Jonathan Hanto <joh@wip.tu-berlin.de>
LV,RO,ETS,1,,km,Own calulation of distance - see txt.file for more Info,05.09.2023,Jonathan Hanto <joh@wip.tu-berlin.de>
LV,SE,ETS,1,,km,Own calulation of distance - see txt.file for more Info,05.09.2023,Jonathan Hanto <joh@wip.tu-berlin.de>
LV,SI,ETS,1,,km,Own calulation of distance - see txt.file for more Info,05.09.2023,Jonathan Hanto <joh@wip.tu-berlin.de>
LV,SK,ETS,1,,km,Own calulation of distance - see txt.file for more Info,05.09.2023,Jonathan Hanto <joh@wip.tu-berlin.de>
LV,TR,ETS,1,,km,Own calulation of distance - see txt.file for more Info,05.09.2023,Jonathan Hanto <joh@wip.tu-berlin.de>
LV,UK,ETS,1,,km,Own calulation of distance - see txt.file for more Info,05.09.2023,Jonathan Hanto <joh@wip.tu-berlin.de>
NL,AT,ETS,1,,km,Own calulation of distance - see txt.file for more Info,05.09.2023,Jonathan Hanto <joh@wip.tu-berlin.de>
NL,BE,ETS,1,,km,Own calulation of distance - see txt.file for more Info,05.09.2023,Jonathan Hanto <joh@wip.tu-berlin.de>
NL,BG,ETS,1,,km,Own calulation of distance - see txt.file for more Info,05.09.2023,Jonathan Hanto <joh@wip.tu-berlin.de>
NL,CH,ETS,1,,km,Own calulation of distance - see txt.file for more Info,05.09.2023,Jonathan Hanto <joh@wip.tu-berlin.de>
NL,CZ,ETS,1,,km,Own calulation of distance - see txt.file for more Info,05.09.2023,Jonathan Hanto <joh@wip.tu-berlin.de>
NL,DE,ETS,1,,km,Own calulation of distance - see txt.file for more Info,05.09.2023,Jonathan Hanto <joh@wip.tu-berlin.de>
NL,DE_NI,ETS,246,,km,Own calulation of distance - see txt.file for more Info,19.09.2023,Jonathan Hanto <joh@wip.tu-berlin.de>
NL,DE_NRW,ETS,148,,km,Own calulation of distance - see txt.file for more Info,19.09.2023,Jonathan Hanto <joh@wip.tu-berlin.de>
NL,DK,ETS,1,,km,Own calulation of distance - see txt.file for more Info,05.09.2023,Jonathan Hanto <joh@wip.tu-berlin.de>
NL,EE,ETS,1,,km,Own calulation of distance - see txt.file for more Info,05.09.2023,Jonathan Hanto <joh@wip.tu-berlin.de>
NL,ES,ETS,1,,km,Own calulation of distance - see txt.file for more Info,05.09.2023,Jonathan Hanto <joh@wip.tu-berlin.de>
NL,FI,ETS,1,,km,Own calulation of distance - see txt.file for more Info,05.09.2023,Jonathan Hanto <joh@wip.tu-berlin.de>
NL,FR,ETS,1,,km,Own calulation of distance - see txt.file for more Info,05.09.2023,Jonathan Hanto <joh@wip.tu-berlin.de>
NL,GR,ETS,1,,km,Own calulation of distance - see txt.file for more Info,05.09.2023,Jonathan Hanto <joh@wip.tu-berlin.de>
NL,HR,ETS,1,,km,Own calulation of distance - see txt.file for more Info,05.09.2023,Jonathan Hanto <joh@wip.tu-berlin.de>
NL,HU,ETS,1,,km,Own calulation of distance - see txt.file for more Info,05.09.2023,Jonathan Hanto <joh@wip.tu-berlin.de>
NL,IE,ETS,1,,km,Own calulation of distance - see txt.file for more Info,05.09.2023,Jonathan Hanto <joh@wip.tu-berlin.de>
NL,IT,ETS,1,,km,Own calulation of distance - see txt.file for more Info,05.09.2023,Jonathan Hanto <joh@wip.tu-berlin.de>
NL,LT,ETS,1,,km,Own calulation of distance - see txt.file for more Info,05.09.2023,Jonathan Hanto <joh@wip.tu-berlin.de>
NL,LU,ETS,1,,km,Own calulation of distance - see txt.file for more Info,05.09.2023,Jonathan Hanto <joh@wip.tu-berlin.de>
NL,LV,ETS,1,,km,Own calulation of distance - see txt.file for more Info,05.09.2023,Jonathan Hanto <joh@wip.tu-berlin.de>
NL,NO,ETS,1,,km,Own calulation of distance - see txt.file for more Info,05.09.2023,Jonathan Hanto <joh@wip.tu-berlin.de>
NL,NONEU_Balkan,ETS,1,,km,Own calulation of distance - see txt.file for more Info,05.09.2023,Jonathan Hanto <joh@wip.tu-berlin.de>
NL,PL,ETS,1,,km,Own calulation of distance - see txt.file for more Info,05.09.2023,Jonathan Hanto <joh@wip.tu-berlin.de>
NL,PT,ETS,1,,km,Own calulation of distance - see txt.file for more Info,05.09.2023,Jonathan Hanto <joh@wip.tu-berlin.de>
NL,RO,ETS,1,,km,Own calulation of distance - see txt.file for more Info,05.09.2023,Jonathan Hanto <joh@wip.tu-berlin.de>
NL,SE,ETS,1,,km,Own calulation of distance - see txt.file for more Info,05.09.2023,Jonathan Hanto <joh@wip.tu-berlin.de>
NL,SI,ETS,1,,km,Own calulation of distance - see txt.file for more Info,05.09.2023,Jonathan Hanto <joh@wip.tu-berlin.de>
NL,SK,ETS,1,,km,Own calulation of distance - see txt.file for more Info,05.09.2023,Jonathan Hanto <joh@wip.tu-berlin.de>
NL,TR,ETS,1,,km,Own calulation of distance - see txt.file for more Info,05.09.2023,Jonathan Hanto <joh@wip.tu-berlin.de>
NL,UK,ETS,1,,km,Own calulation of distance - see txt.file for more Info,05.09.2023,Jonathan Hanto <joh@wip.tu-berlin.de>
NO,AT,ETS,1,,km,Own calulation of distance - see txt.file for more Info,05.09.2023,Jonathan Hanto <joh@wip.tu-berlin.de>
NO,BE,ETS,1,,km,Own calulation of distance - see txt.file for more Info,05.09.2023,Jonathan Hanto <joh@wip.tu-berlin.de>
NO,BG,ETS,1,,km,Own calulation of distance - see txt.file for more Info,05.09.2023,Jonathan Hanto <joh@wip.tu-berlin.de>
NO,CH,ETS,1,,km,Own calulation of distance - see txt.file for more Info,05.09.2023,Jonathan Hanto <joh@wip.tu-berlin.de>
NO,CZ,ETS,1,,km,Own calulation of distance - see txt.file for more Info,05.09.2023,Jonathan Hanto <joh@wip.tu-berlin.de>
NO,DE,ETS,1,,km,Own calulation of distance - see txt.file for more Info,05.09.2023,Jonathan Hanto <joh@wip.tu-berlin.de>
NO,DK,ETS,1,,km,Own calulation of distance - see txt.file for more Info,05.09.2023,Jonathan Hanto <joh@wip.tu-berlin.de>
NO,EE,ETS,1,,km,Own calulation of distance - see txt.file for more Info,05.09.2023,Jonathan Hanto <joh@wip.tu-berlin.de>
NO,ES,ETS,1,,km,Own calulation of distance - see txt.file for more Info,05.09.2023,Jonathan Hanto <joh@wip.tu-berlin.de>
NO,FI,ETS,1,,km,Own calulation of distance - see txt.file for more Info,05.09.2023,Jonathan Hanto <joh@wip.tu-berlin.de>
NO,FR,ETS,1,,km,Own calulation of distance - see txt.file for more Info,05.09.2023,Jonathan Hanto <joh@wip.tu-berlin.de>
NO,GR,ETS,1,,km,Own calulation of distance - see txt.file for more Info,05.09.2023,Jonathan Hanto <joh@wip.tu-berlin.de>
NO,HR,ETS,1,,km,Own calulation of distance - see txt.file for more Info,05.09.2023,Jonathan Hanto <joh@wip.tu-berlin.de>
NO,HU,ETS,1,,km,Own calulation of distance - see txt.file for more Info,05.09.2023,Jonathan Hanto <joh@wip.tu-berlin.de>
NO,IE,ETS,1,,km,Own calulation of distance - see txt.file for more Info,05.09.2023,Jonathan Hanto <joh@wip.tu-berlin.de>
NO,IT,ETS,1,,km,Own calulation of distance - see txt.file for more Info,05.09.2023,Jonathan Hanto <joh@wip.tu-berlin.de>
NO,LT,ETS,1,,km,Own calulation of distance - see txt.file for more Info,05.09.2023,Jonathan Hanto <joh@wip.tu-berlin.de>
NO,LU,ETS,1,,km,Own calulation of distance - see txt.file for more Info,05.09.2023,Jonathan Hanto <joh@wip.tu-berlin.de>
NO,LV,ETS,1,,km,Own calulation of distance - see txt.file for more Info,05.09.2023,Jonathan Hanto <joh@wip.tu-berlin.de>
NO,NL,ETS,1,,km,Own calulation of distance - see txt.file for more Info,05.09.2023,Jonathan Hanto <joh@wip.tu-berlin.de>
NO,NONEU_Balkan,ETS,1,,km,Own calulation of distance - see txt.file for more Info,05.09.2023,Jonathan Hanto <joh@wip.tu-berlin.de>
NO,PL,ETS,1,,km,Own calulation of distance - see txt.file for more Info,05.09.2023,Jonathan Hanto <joh@wip.tu-berlin.de>
NO,PT,ETS,1,,km,Own calulation of distance - see txt.file for more Info,05.09.2023,Jonathan Hanto <joh@wip.tu-berlin.de>
NO,RO,ETS,1,,km,Own calulation of distance - see txt.file for more Info,05.09.2023,Jonathan Hanto <joh@wip.tu-berlin.de>
NO,SE,ETS,1,,km,Own calulation of distance - see txt.file for more Info,05.09.2023,Jonathan Hanto <joh@wip.tu-berlin.de>
NO,SI,ETS,1,,km,Own calulation of distance - see txt.file for more Info,05.09.2023,Jonathan Hanto <joh@wip.tu-berlin.de>
NO,SK,ETS,1,,km,Own calulation of distance - see txt.file for more Info,05.09.2023,Jonathan Hanto <joh@wip.tu-berlin.de>
NO,TR,ETS,1,,km,Own calulation of distance - see txt.file for more Info,05.09.2023,Jonathan Hanto <joh@wip.tu-berlin.de>
NO,UK,ETS,1,,km,Own calulation of distance - see txt.file for more Info,05.09.2023,Jonathan Hanto <joh@wip.tu-berlin.de>
NONEU_Balkan,AT,ETS,1,,km,Own calulation of distance - see txt.file for more Info,05.09.2023,Jonathan Hanto <joh@wip.tu-berlin.de>
NONEU_Balkan,BE,ETS,1,,km,Own calulation of distance - see txt.file for more Info,05.09.2023,Jonathan Hanto <joh@wip.tu-berlin.de>
NONEU_Balkan,BG,ETS,1,,km,Own calulation of distance - see txt.file for more Info,05.09.2023,Jonathan Hanto <joh@wip.tu-berlin.de>
NONEU_Balkan,CH,ETS,1,,km,Own calulation of distance - see txt.file for more Info,05.09.2023,Jonathan Hanto <joh@wip.tu-berlin.de>
NONEU_Balkan,CZ,ETS,1,,km,Own calulation of distance - see txt.file for more Info,05.09.2023,Jonathan Hanto <joh@wip.tu-berlin.de>
NONEU_Balkan,DE,ETS,1,,km,Own calulation of distance - see txt.file for more Info,05.09.2023,Jonathan Hanto <joh@wip.tu-berlin.de>
NONEU_Balkan,DK,ETS,1,,km,Own calulation of distance - see txt.file for more Info,05.09.2023,Jonathan Hanto <joh@wip.tu-berlin.de>
NONEU_Balkan,EE,ETS,1,,km,Own calulation of distance - see txt.file for more Info,05.09.2023,Jonathan Hanto <joh@wip.tu-berlin.de>
NONEU_Balkan,ES,ETS,1,,km,Own calulation of distance - see txt.file for more Info,05.09.2023,Jonathan Hanto <joh@wip.tu-berlin.de>
NONEU_Balkan,FI,ETS,1,,km,Own calulation of distance - see txt.file for more Info,05.09.2023,Jonathan Hanto <joh@wip.tu-berlin.de>
NONEU_Balkan,FR,ETS,1,,km,Own calulation of distance - see txt.file for more Info,05.09.2023,Jonathan Hanto <joh@wip.tu-berlin.de>
NONEU_Balkan,GR,ETS,1,,km,Own calulation of distance - see txt.file for more Info,05.09.2023,Jonathan Hanto <joh@wip.tu-berlin.de>
NONEU_Balkan,HR,ETS,1,,km,Own calulation of distance - see txt.file for more Info,05.09.2023,Jonathan Hanto <joh@wip.tu-berlin.de>
NONEU_Balkan,HU,ETS,1,,km,Own calulation of distance - see txt.file for more Info,05.09.2023,Jonathan Hanto <joh@wip.tu-berlin.de>
NONEU_Balkan,IE,ETS,1,,km,Own calulation of distance - see txt.file for more Info,05.09.2023,Jonathan Hanto <joh@wip.tu-berlin.de>
NONEU_Balkan,IT,ETS,1,,km,Own calulation of distance - see txt.file for more Info,05.09.2023,Jonathan Hanto <joh@wip.tu-berlin.de>
NONEU_Balkan,LT,ETS,1,,km,Own calulation of distance - see txt.file for more Info,05.09.2023,Jonathan Hanto <joh@wip.tu-berlin.de>
NONEU_Balkan,LU,ETS,1,,km,Own calulation of distance - see txt.file for more Info,05.09.2023,Jonathan Hanto <joh@wip.tu-berlin.de>
NONEU_Balkan,LV,ETS,1,,km,Own calulation of distance - see txt.file for more Info,05.09.2023,Jonathan Hanto <joh@wip.tu-berlin.de>
NONEU_Balkan,NL,ETS,1,,km,Own calulation of distance - see txt.file for more Info,05.09.2023,Jonathan Hanto <joh@wip.tu-berlin.de>
NONEU_Balkan,NO,ETS,1,,km,Own calulation of distance - see txt.file for more Info,05.09.2023,Jonathan Hanto <joh@wip.tu-berlin.de>
NONEU_Balkan,PL,ETS,1,,km,Own calulation of distance - see txt.file for more Info,05.09.2023,Jonathan Hanto <joh@wip.tu-berlin.de>
NONEU_Balkan,PT,ETS,1,,km,Own calulation of distance - see txt.file for more Info,05.09.2023,Jonathan Hanto <joh@wip.tu-berlin.de>
NONEU_Balkan,RO,ETS,1,,km,Own calulation of distance - see txt.file for more Info,05.09.2023,Jonathan Hanto <joh@wip.tu-berlin.de>
NONEU_Balkan,SE,ETS,1,,km,Own calulation of distance - see txt.file for more Info,05.09.2023,Jonathan Hanto <joh@wip.tu-berlin.de>
NONEU_Balkan,SI,ETS,1,,km,Own calulation of distance - see txt.file for more Info,05.09.2023,Jonathan Hanto <joh@wip.tu-berlin.de>
NONEU_Balkan,SK,ETS,1,,km,Own calulation of distance - see txt.file for more Info,05.09.2023,Jonathan Hanto <joh@wip.tu-berlin.de>
NONEU_Balkan,TR,ETS,1,,km,Own calulation of distance - see txt.file for more Info,05.09.2023,Jonathan Hanto <joh@wip.tu-berlin.de>
NONEU_Balkan,UK,ETS,1,,km,Own calulation of distance - see txt.file for more Info,05.09.2023,Jonathan Hanto <joh@wip.tu-berlin.de>
PL,AT,ETS,1,,km,Own calulation of distance - see txt.file for more Info,05.09.2023,Jonathan Hanto <joh@wip.tu-berlin.de>
PL,BE,ETS,1,,km,Own calulation of distance - see txt.file for more Info,05.09.2023,Jonathan Hanto <joh@wip.tu-berlin.de>
PL,BG,ETS,1,,km,Own calulation of distance - see txt.file for more Info,05.09.2023,Jonathan Hanto <joh@wip.tu-berlin.de>
PL,CH,ETS,1,,km,Own calulation of distance - see txt.file for more Info,05.09.2023,Jonathan Hanto <joh@wip.tu-berlin.de>
PL,CZ,ETS,1,,km,Own calulation of distance - see txt.file for more Info,05.09.2023,Jonathan Hanto <joh@wip.tu-berlin.de>
PL,DE,ETS,1,,km,Own calulation of distance - see txt.file for more Info,05.09.2023,Jonathan Hanto <joh@wip.tu-berlin.de>
PL,DE_BB,ETS,443,,km,Own calulation of distance - see txt.file for more Info,19.09.2023,Jonathan Hanto <joh@wip.tu-berlin.de>
PL,DE_SN,ETS,433,,km,Own calulation of distance - see txt.file for more Info,19.09.2023,Jonathan Hanto <joh@wip.tu-berlin.de>
PL,DK,ETS,1,,km,Own calulation of distance - see txt.file for more Info,05.09.2023,Jonathan Hanto <joh@wip.tu-berlin.de>
PL,EE,ETS,1,,km,Own calulation of distance - see txt.file for more Info,05.09.2023,Jonathan Hanto <joh@wip.tu-berlin.de>
PL,ES,ETS,1,,km,Own calulation of distance - see txt.file for more Info,05.09.2023,Jonathan Hanto <joh@wip.tu-berlin.de>
PL,FI,ETS,1,,km,Own calulation of distance - see txt.file for more Info,05.09.2023,Jonathan Hanto <joh@wip.tu-berlin.de>
PL,FR,ETS,1,,km,Own calulation of distance - see txt.file for more Info,05.09.2023,Jonathan Hanto <joh@wip.tu-berlin.de>
PL,GR,ETS,1,,km,Own calulation of distance - see txt.file for more Info,05.09.2023,Jonathan Hanto <joh@wip.tu-berlin.de>
PL,HR,ETS,1,,km,Own calulation of distance - see txt.file for more Info,05.09.2023,Jonathan Hanto <joh@wip.tu-berlin.de>
PL,HU,ETS,1,,km,Own calulation of distance - see txt.file for more Info,05.09.2023,Jonathan Hanto <joh@wip.tu-berlin.de>
PL,IE,ETS,1,,km,Own calulation of distance - see txt.file for more Info,05.09.2023,Jonathan Hanto <joh@wip.tu-berlin.de>
PL,IT,ETS,1,,km,Own calulation of distance - see txt.file for more Info,05.09.2023,Jonathan Hanto <joh@wip.tu-berlin.de>
PL,LT,ETS,1,,km,Own calulation of distance - see txt.file for more Info,05.09.2023,Jonathan Hanto <joh@wip.tu-berlin.de>
PL,LU,ETS,1,,km,Own calulation of distance - see txt.file for more Info,05.09.2023,Jonathan Hanto <joh@wip.tu-berlin.de>
PL,LV,ETS,1,,km,Own calulation of distance - see txt.file for more Info,05.09.2023,Jonathan Hanto <joh@wip.tu-berlin.de>
PL,NL,ETS,1,,km,Own calulation of distance - see txt.file for more Info,05.09.2023,Jonathan Hanto <joh@wip.tu-berlin.de>
PL,NO,ETS,1,,km,Own calulation of distance - see txt.file for more Info,05.09.2023,Jonathan Hanto <joh@wip.tu-berlin.de>
PL,NONEU_Balkan,ETS,1,,km,Own calulation of distance - see txt.file for more Info,05.09.2023,Jonathan Hanto <joh@wip.tu-berlin.de>
PL,PT,ETS,1,,km,Own calulation of distance - see txt.file for more Info,05.09.2023,Jonathan Hanto <joh@wip.tu-berlin.de>
PL,RO,ETS,1,,km,Own calulation of distance - see txt.file for more Info,05.09.2023,Jonathan Hanto <joh@wip.tu-berlin.de>
PL,SE,ETS,1,,km,Own calulation of distance - see txt.file for more Info,05.09.2023,Jonathan Hanto <joh@wip.tu-berlin.de>
PL,SI,ETS,1,,km,Own calulation of distance - see txt.file for more Info,05.09.2023,Jonathan Hanto <joh@wip.tu-berlin.de>
PL,SK,ETS,1,,km,Own calulation of distance - see txt.file for more Info,05.09.2023,Jonathan Hanto <joh@wip.tu-berlin.de>
PL,TR,ETS,1,,km,Own calulation of distance - see txt.file for more Info,05.09.2023,Jonathan Hanto <joh@wip.tu-berlin.de>
PL,UK,ETS,1,,km,Own calulation of distance - see txt.file for more Info,05.09.2023,Jonathan Hanto <joh@wip.tu-berlin.de>
PT,AT,ETS,1,,km,Own calulation of distance - see txt.file for more Info,05.09.2023,Jonathan Hanto <joh@wip.tu-berlin.de>
PT,BE,ETS,1,,km,Own calulation of distance - see txt.file for more Info,05.09.2023,Jonathan Hanto <joh@wip.tu-berlin.de>
PT,BG,ETS,1,,km,Own calulation of distance - see txt.file for more Info,05.09.2023,Jonathan Hanto <joh@wip.tu-berlin.de>
PT,CH,ETS,1,,km,Own calulation of distance - see txt.file for more Info,05.09.2023,Jonathan Hanto <joh@wip.tu-berlin.de>
PT,CZ,ETS,1,,km,Own calulation of distance - see txt.file for more Info,05.09.2023,Jonathan Hanto <joh@wip.tu-berlin.de>
PT,DE,ETS,1,,km,Own calulation of distance - see txt.file for more Info,05.09.2023,Jonathan Hanto <joh@wip.tu-berlin.de>
PT,DK,ETS,1,,km,Own calulation of distance - see txt.file for more Info,05.09.2023,Jonathan Hanto <joh@wip.tu-berlin.de>
PT,EE,ETS,1,,km,Own calulation of distance - see txt.file for more Info,05.09.2023,Jonathan Hanto <joh@wip.tu-berlin.de>
PT,ES,ETS,1,,km,Own calulation of distance - see txt.file for more Info,05.09.2023,Jonathan Hanto <joh@wip.tu-berlin.de>
PT,FI,ETS,1,,km,Own calulation of distance - see txt.file for more Info,05.09.2023,Jonathan Hanto <joh@wip.tu-berlin.de>
PT,FR,ETS,1,,km,Own calulation of distance - see txt.file for more Info,05.09.2023,Jonathan Hanto <joh@wip.tu-berlin.de>
PT,GR,ETS,1,,km,Own calulation of distance - see txt.file for more Info,05.09.2023,Jonathan Hanto <joh@wip.tu-berlin.de>
PT,HR,ETS,1,,km,Own calulation of distance - see txt.file for more Info,05.09.2023,Jonathan Hanto <joh@wip.tu-berlin.de>
PT,HU,ETS,1,,km,Own calulation of distance - see txt.file for more Info,05.09.2023,Jonathan Hanto <joh@wip.tu-berlin.de>
PT,IE,ETS,1,,km,Own calulation of distance - see txt.file for more Info,05.09.2023,Jonathan Hanto <joh@wip.tu-berlin.de>
PT,IT,ETS,1,,km,Own calulation of distance - see txt.file for more Info,05.09.2023,Jonathan Hanto <joh@wip.tu-berlin.de>
PT,LT,ETS,1,,km,Own calulation of distance - see txt.file for more Info,05.09.2023,Jonathan Hanto <joh@wip.tu-berlin.de>
PT,LU,ETS,1,,km,Own calulation of distance - see txt.file for more Info,05.09.2023,Jonathan Hanto <joh@wip.tu-berlin.de>
PT,LV,ETS,1,,km,Own calulation of distance - see txt.file for more Info,05.09.2023,Jonathan Hanto <joh@wip.tu-berlin.de>
PT,NL,ETS,1,,km,Own calulation of distance - see txt.file for more Info,05.09.2023,Jonathan Hanto <joh@wip.tu-berlin.de>
PT,NO,ETS,1,,km,Own calulation of distance - see txt.file for more Info,05.09.2023,Jonathan Hanto <joh@wip.tu-berlin.de>
PT,NONEU_Balkan,ETS,1,,km,Own calulation of distance - see txt.file for more Info,05.09.2023,Jonathan Hanto <joh@wip.tu-berlin.de>
PT,PL,ETS,1,,km,Own calulation of distance - see txt.file for more Info,05.09.2023,Jonathan Hanto <joh@wip.tu-berlin.de>
PT,RO,ETS,1,,km,Own calulation of distance - see txt.file for more Info,05.09.2023,Jonathan Hanto <joh@wip.tu-berlin.de>
PT,SE,ETS,1,,km,Own calulation of distance - see txt.file for more Info,05.09.2023,Jonathan Hanto <joh@wip.tu-berlin.de>
PT,SI,ETS,1,,km,Own calulation of distance - see txt.file for more Info,05.09.2023,Jonathan Hanto <joh@wip.tu-berlin.de>
PT,SK,ETS,1,,km,Own calulation of distance - see txt.file for more Info,05.09.2023,Jonathan Hanto <joh@wip.tu-berlin.de>
PT,TR,ETS,1,,km,Own calulation of distance - see txt.file for more Info,05.09.2023,Jonathan Hanto <joh@wip.tu-berlin.de>
PT,UK,ETS,1,,km,Own calulation of distance - see txt.file for more Info,05.09.2023,Jonathan Hanto <joh@wip.tu-berlin.de>
RO,AT,ETS,1,,km,Own calulation of distance - see txt.file for more Info,05.09.2023,Jonathan Hanto <joh@wip.tu-berlin.de>
RO,BE,ETS,1,,km,Own calulation of distance - see txt.file for more Info,05.09.2023,Jonathan Hanto <joh@wip.tu-berlin.de>
RO,BG,ETS,1,,km,Own calulation of distance - see txt.file for more Info,05.09.2023,Jonathan Hanto <joh@wip.tu-berlin.de>
RO,CH,ETS,1,,km,Own calulation of distance - see txt.file for more Info,05.09.2023,Jonathan Hanto <joh@wip.tu-berlin.de>
RO,CZ,ETS,1,,km,Own calulation of distance - see txt.file for more Info,05.09.2023,Jonathan Hanto <joh@wip.tu-berlin.de>
RO,DE,ETS,1,,km,Own calulation of distance - see txt.file for more Info,05.09.2023,Jonathan Hanto <joh@wip.tu-berlin.de>
RO,DK,ETS,1,,km,Own calulation of distance - see txt.file for more Info,05.09.2023,Jonathan Hanto <joh@wip.tu-berlin.de>
RO,EE,ETS,1,,km,Own calulation of distance - see txt.file for more Info,05.09.2023,Jonathan Hanto <joh@wip.tu-berlin.de>
RO,ES,ETS,1,,km,Own calulation of distance - see txt.file for more Info,05.09.2023,Jonathan Hanto <joh@wip.tu-berlin.de>
RO,FI,ETS,1,,km,Own calulation of distance - see txt.file for more Info,05.09.2023,Jonathan Hanto <joh@wip.tu-berlin.de>
RO,FR,ETS,1,,km,Own calulation of distance - see txt.file for more Info,05.09.2023,Jonathan Hanto <joh@wip.tu-berlin.de>
RO,GR,ETS,1,,km,Own calulation of distance - see txt.file for more Info,05.09.2023,Jonathan Hanto <joh@wip.tu-berlin.de>
RO,HR,ETS,1,,km,Own calulation of distance - see txt.file for more Info,05.09.2023,Jonathan Hanto <joh@wip.tu-berlin.de>
RO,HU,ETS,1,,km,Own calulation of distance - see txt.file for more Info,05.09.2023,Jonathan Hanto <joh@wip.tu-berlin.de>
RO,IE,ETS,1,,km,Own calulation of distance - see txt.file for more Info,05.09.2023,Jonathan Hanto <joh@wip.tu-berlin.de>
RO,IT,ETS,1,,km,Own calulation of distance - see txt.file for more Info,05.09.2023,Jonathan Hanto <joh@wip.tu-berlin.de>
RO,LT,ETS,1,,km,Own calulation of distance - see txt.file for more Info,05.09.2023,Jonathan Hanto <joh@wip.tu-berlin.de>
RO,LU,ETS,1,,km,Own calulation of distance - see txt.file for more Info,05.09.2023,Jonathan Hanto <joh@wip.tu-berlin.de>
RO,LV,ETS,1,,km,Own calulation of distance - see txt.file for more Info,05.09.2023,Jonathan Hanto <joh@wip.tu-berlin.de>
RO,NL,ETS,1,,km,Own calulation of distance - see txt.file for more Info,05.09.2023,Jonathan Hanto <joh@wip.tu-berlin.de>
RO,NO,ETS,1,,km,Own calulation of distance - see txt.file for more Info,05.09.2023,Jonathan Hanto <joh@wip.tu-berlin.de>
RO,NONEU_Balkan,ETS,1,,km,Own calulation of distance - see txt.file for more Info,05.09.2023,Jonathan Hanto <joh@wip.tu-berlin.de>
RO,PL,ETS,1,,km,Own calulation of distance - see txt.file for more Info,05.09.2023,Jonathan Hanto <joh@wip.tu-berlin.de>
RO,PT,ETS,1,,km,Own calulation of distance - see txt.file for more Info,05.09.2023,Jonathan Hanto <joh@wip.tu-berlin.de>
RO,SE,ETS,1,,km,Own calulation of distance - see txt.file for more Info,05.09.2023,Jonathan Hanto <joh@wip.tu-berlin.de>
RO,SI,ETS,1,,km,Own calulation of distance - see txt.file for more Info,05.09.2023,Jonathan Hanto <joh@wip.tu-berlin.de>
RO,SK,ETS,1,,km,Own calulation of distance - see txt.file for more Info,05.09.2023,Jonathan Hanto <joh@wip.tu-berlin.de>
RO,TR,ETS,1,,km,Own calulation of distance - see txt.file for more Info,05.09.2023,Jonathan Hanto <joh@wip.tu-berlin.de>
RO,UK,ETS,1,,km,Own calulation of distance - see txt.file for more Info,05.09.2023,Jonathan Hanto <joh@wip.tu-berlin.de>
SE,AT,ETS,1,,km,Own calulation of distance - see txt.file for more Info,05.09.2023,Jonathan Hanto <joh@wip.tu-berlin.de>
SE,BE,ETS,1,,km,Own calulation of distance - see txt.file for more Info,05.09.2023,Jonathan Hanto <joh@wip.tu-berlin.de>
SE,BG,ETS,1,,km,Own calulation of distance - see txt.file for more Info,05.09.2023,Jonathan Hanto <joh@wip.tu-berlin.de>
SE,CH,ETS,1,,km,Own calulation of distance - see txt.file for more Info,05.09.2023,Jonathan Hanto <joh@wip.tu-berlin.de>
SE,CZ,ETS,1,,km,Own calulation of distance - see txt.file for more Info,05.09.2023,Jonathan Hanto <joh@wip.tu-berlin.de>
SE,DE,ETS,1,,km,Own calulation of distance - see txt.file for more Info,05.09.2023,Jonathan Hanto <joh@wip.tu-berlin.de>
SE,DK,ETS,1,,km,Own calulation of distance - see txt.file for more Info,05.09.2023,Jonathan Hanto <joh@wip.tu-berlin.de>
SE,EE,ETS,1,,km,Own calulation of distance - see txt.file for more Info,05.09.2023,Jonathan Hanto <joh@wip.tu-berlin.de>
SE,ES,ETS,1,,km,Own calulation of distance - see txt.file for more Info,05.09.2023,Jonathan Hanto <joh@wip.tu-berlin.de>
SE,FI,ETS,1,,km,Own calulation of distance - see txt.file for more Info,05.09.2023,Jonathan Hanto <joh@wip.tu-berlin.de>
SE,FR,ETS,1,,km,Own calulation of distance - see txt.file for more Info,05.09.2023,Jonathan Hanto <joh@wip.tu-berlin.de>
SE,GR,ETS,1,,km,Own calulation of distance - see txt.file for more Info,05.09.2023,Jonathan Hanto <joh@wip.tu-berlin.de>
SE,HR,ETS,1,,km,Own calulation of distance - see txt.file for more Info,05.09.2023,Jonathan Hanto <joh@wip.tu-berlin.de>
SE,HU,ETS,1,,km,Own calulation of distance - see txt.file for more Info,05.09.2023,Jonathan Hanto <joh@wip.tu-berlin.de>
SE,IE,ETS,1,,km,Own calulation of distance - see txt.file for more Info,05.09.2023,Jonathan Hanto <joh@wip.tu-berlin.de>
SE,IT,ETS,1,,km,Own calulation of distance - see txt.file for more Info,05.09.2023,Jonathan Hanto <joh@wip.tu-berlin.de>
SE,LT,ETS,1,,km,Own calulation of distance - see txt.file for more Info,05.09.2023,Jonathan Hanto <joh@wip.tu-berlin.de>
SE,LU,ETS,1,,km,Own calulation of distance - see txt.file for more Info,05.09.2023,Jonathan Hanto <joh@wip.tu-berlin.de>
SE,LV,ETS,1,,km,Own calulation of distance - see txt.file for more Info,05.09.2023,Jonathan Hanto <joh@wip.tu-berlin.de>
SE,NL,ETS,1,,km,Own calulation of distance - see txt.file for more Info,05.09.2023,Jonathan Hanto <joh@wip.tu-berlin.de>
SE,NO,ETS,1,,km,Own calulation of distance - see txt.file for more Info,05.09.2023,Jonathan Hanto <joh@wip.tu-berlin.de>
SE,NONEU_Balkan,ETS,1,,km,Own calulation of distance - see txt.file for more Info,05.09.2023,Jonathan Hanto <joh@wip.tu-berlin.de>
SE,PL,ETS,1,,km,Own calulation of distance - see txt.file for more Info,05.09.2023,Jonathan Hanto <joh@wip.tu-berlin.de>
SE,PT,ETS,1,,km,Own calulation of distance - see txt.file for more Info,05.09.2023,Jonathan Hanto <joh@wip.tu-berlin.de>
SE,RO,ETS,1,,km,Own calulation of distance - see txt.file for more Info,05.09.2023,Jonathan Hanto <joh@wip.tu-berlin.de>
SE,SI,ETS,1,,km,Own calulation of distance - see txt.file for more Info,05.09.2023,Jonathan Hanto <joh@wip.tu-berlin.de>
SE,SK,ETS,1,,km,Own calulation of distance - see txt.file for more Info,05.09.2023,Jonathan Hanto <joh@wip.tu-berlin.de>
SE,TR,ETS,1,,km,Own calulation of distance - see txt.file for more Info,05.09.2023,Jonathan Hanto <joh@wip.tu-berlin.de>
SE,UK,ETS,1,,km,Own calulation of distance - see txt.file for more Info,05.09.2023,Jonathan Hanto <joh@wip.tu-berlin.de>
SI,AT,ETS,1,,km,Own calulation of distance - see txt.file for more Info,05.09.2023,Jonathan Hanto <joh@wip.tu-berlin.de>
SI,BE,ETS,1,,km,Own calulation of distance - see txt.file for more Info,05.09.2023,Jonathan Hanto <joh@wip.tu-berlin.de>
SI,BG,ETS,1,,km,Own calulation of distance - see txt.file for more Info,05.09.2023,Jonathan Hanto <joh@wip.tu-berlin.de>
SI,CH,ETS,1,,km,Own calulation of distance - see txt.file for more Info,05.09.2023,Jonathan Hanto <joh@wip.tu-berlin.de>
SI,CZ,ETS,1,,km,Own calulation of distance - see txt.file for more Info,05.09.2023,Jonathan Hanto <joh@wip.tu-berlin.de>
SI,DE,ETS,1,,km,Own calulation of distance - see txt.file for more Info,05.09.2023,Jonathan Hanto <joh@wip.tu-berlin.de>
SI,DK,ETS,1,,km,Own calulation of distance - see txt.file for more Info,05.09.2023,Jonathan Hanto <joh@wip.tu-berlin.de>
SI,EE,ETS,1,,km,Own calulation of distance - see txt.file for more Info,05.09.2023,Jonathan Hanto <joh@wip.tu-berlin.de>
SI,ES,ETS,1,,km,Own calulation of distance - see txt.file for more Info,05.09.2023,Jonathan Hanto <joh@wip.tu-berlin.de>
SI,FI,ETS,1,,km,Own calulation of distance - see txt.file for more Info,05.09.2023,Jonathan Hanto <joh@wip.tu-berlin.de>
SI,FR,ETS,1,,km,Own calulation of distance - see txt.file for more Info,05.09.2023,Jonathan Hanto <joh@wip.tu-berlin.de>
SI,GR,ETS,1,,km,Own calulation of distance - see txt.file for more Info,05.09.2023,Jonathan Hanto <joh@wip.tu-berlin.de>
SI,HR,ETS,1,,km,Own calulation of distance - see txt.file for more Info,05.09.2023,Jonathan Hanto <joh@wip.tu-berlin.de>
SI,HU,ETS,1,,km,Own calulation of distance - see txt.file for more Info,05.09.2023,Jonathan Hanto <joh@wip.tu-berlin.de>
SI,IE,ETS,1,,km,Own calulation of distance - see txt.file for more Info,05.09.2023,Jonathan Hanto <joh@wip.tu-berlin.de>
SI,IT,ETS,1,,km,Own calulation of distance - see txt.file for more Info,05.09.2023,Jonathan Hanto <joh@wip.tu-berlin.de>
SI,LT,ETS,1,,km,Own calulation of distance - see txt.file for more Info,05.09.2023,Jonathan Hanto <joh@wip.tu-berlin.de>
SI,LU,ETS,1,,km,Own calulation of distance - see txt.file for more Info,05.09.2023,Jonathan Hanto <joh@wip.tu-berlin.de>
SI,LV,ETS,1,,km,Own calulation of distance - see txt.file for more Info,05.09.2023,Jonathan Hanto <joh@wip.tu-berlin.de>
SI,NL,ETS,1,,km,Own calulation of distance - see txt.file for more Info,05.09.2023,Jonathan Hanto <joh@wip.tu-berlin.de>
SI,NO,ETS,1,,km,Own calulation of distance - see txt.file for more Info,05.09.2023,Jonathan Hanto <joh@wip.tu-berlin.de>
SI,NONEU_Balkan,ETS,1,,km,Own calulation of distance - see txt.file for more Info,05.09.2023,Jonathan Hanto <joh@wip.tu-berlin.de>
SI,PL,ETS,1,,km,Own calulation of distance - see txt.file for more Info,05.09.2023,Jonathan Hanto <joh@wip.tu-berlin.de>
SI,PT,ETS,1,,km,Own calulation of distance - see txt.file for more Info,05.09.2023,Jonathan Hanto <joh@wip.tu-berlin.de>
SI,RO,ETS,1,,km,Own calulation of distance - see txt.file for more Info,05.09.2023,Jonathan Hanto <joh@wip.tu-berlin.de>
SI,SE,ETS,1,,km,Own calulation of distance - see txt.file for more Info,05.09.2023,Jonathan Hanto <joh@wip.tu-berlin.de>
SI,SK,ETS,1,,km,Own calulation of distance - see txt.file for more Info,05.09.2023,Jonathan Hanto <joh@wip.tu-berlin.de>
SI,TR,ETS,1,,km,Own calulation of distance - see txt.file for more Info,05.09.2023,Jonathan Hanto <joh@wip.tu-berlin.de>
SI,UK,ETS,1,,km,Own calulation of distance - see txt.file for more Info,05.09.2023,Jonathan Hanto <joh@wip.tu-berlin.de>
SK,AT,ETS,1,,km,Own calulation of distance - see txt.file for more Info,05.09.2023,Jonathan Hanto <joh@wip.tu-berlin.de>
SK,BE,ETS,1,,km,Own calulation of distance - see txt.file for more Info,05.09.2023,Jonathan Hanto <joh@wip.tu-berlin.de>
SK,BG,ETS,1,,km,Own calulation of distance - see txt.file for more Info,05.09.2023,Jonathan Hanto <joh@wip.tu-berlin.de>
SK,CH,ETS,1,,km,Own calulation of distance - see txt.file for more Info,05.09.2023,Jonathan Hanto <joh@wip.tu-berlin.de>
SK,CZ,ETS,1,,km,Own calulation of distance - see txt.file for more Info,05.09.2023,Jonathan Hanto <joh@wip.tu-berlin.de>
SK,DE,ETS,1,,km,Own calulation of distance - see txt.file for more Info,05.09.2023,Jonathan Hanto <joh@wip.tu-berlin.de>
SK,DK,ETS,1,,km,Own calulation of distance - see txt.file for more Info,05.09.2023,Jonathan Hanto <joh@wip.tu-berlin.de>
SK,EE,ETS,1,,km,Own calulation of distance - see txt.file for more Info,05.09.2023,Jonathan Hanto <joh@wip.tu-berlin.de>
SK,ES,ETS,1,,km,Own calulation of distance - see txt.file for more Info,05.09.2023,Jonathan Hanto <joh@wip.tu-berlin.de>
SK,FI,ETS,1,,km,Own calulation of distance - see txt.file for more Info,05.09.2023,Jonathan Hanto <joh@wip.tu-berlin.de>
SK,FR,ETS,1,,km,Own calulation of distance - see txt.file for more Info,05.09.2023,Jonathan Hanto <joh@wip.tu-berlin.de>
SK,GR,ETS,1,,km,Own calulation of distance - see txt.file for more Info,05.09.2023,Jonathan Hanto <joh@wip.tu-berlin.de>
SK,HR,ETS,1,,km,Own calulation of distance - see txt.file for more Info,05.09.2023,Jonathan Hanto <joh@wip.tu-berlin.de>
SK,HU,ETS,1,,km,Own calulation of distance - see txt.file for more Info,05.09.2023,Jonathan Hanto <joh@wip.tu-berlin.de>
SK,IE,ETS,1,,km,Own calulation of distance - see txt.file for more Info,05.09.2023,Jonathan Hanto <joh@wip.tu-berlin.de>
SK,IT,ETS,1,,km,Own calulation of distance - see txt.file for more Info,05.09.2023,Jonathan Hanto <joh@wip.tu-berlin.de>
SK,LT,ETS,1,,km,Own calulation of distance - see txt.file for more Info,05.09.2023,Jonathan Hanto <joh@wip.tu-berlin.de>
SK,LU,ETS,1,,km,Own calulation of distance - see txt.file for more Info,05.09.2023,Jonathan Hanto <joh@wip.tu-berlin.de>
SK,LV,ETS,1,,km,Own calulation of distance - see txt.file for more Info,05.09.2023,Jonathan Hanto <joh@wip.tu-berlin.de>
SK,NL,ETS,1,,km,Own calulation of distance - see txt.file for more Info,05.09.2023,Jonathan Hanto <joh@wip.tu-berlin.de>
SK,NO,ETS,1,,km,Own calulation of distance - see txt.file for more Info,05.09.2023,Jonathan Hanto <joh@wip.tu-berlin.de>
SK,NONEU_Balkan,ETS,1,,km,Own calulation of distance - see txt.file for more Info,05.09.2023,Jonathan Hanto <joh@wip.tu-berlin.de>
SK,PL,ETS,1,,km,Own calulation of distance - see txt.file for more Info,05.09.2023,Jonathan Hanto <joh@wip.tu-berlin.de>
SK,PT,ETS,1,,km,Own calulation of distance - see txt.file for more Info,05.09.2023,Jonathan Hanto <joh@wip.tu-berlin.de>
SK,RO,ETS,1,,km,Own calulation of distance - see txt.file for more Info,05.09.2023,Jonathan Hanto <joh@wip.tu-berlin.de>
SK,SE,ETS,1,,km,Own calulation of distance - see txt.file for more Info,05.09.2023,Jonathan Hanto <joh@wip.tu-berlin.de>
SK,SI,ETS,1,,km,Own calulation of distance - see txt.file for more Info,05.09.2023,Jonathan Hanto <joh@wip.tu-berlin.de>
SK,TR,ETS,1,,km,Own calulation of distance - see txt.file for more Info,05.09.2023,Jonathan Hanto <joh@wip.tu-berlin.de>
SK,UK,ETS,1,,km,Own calulation of distance - see txt.file for more Info,05.09.2023,Jonathan Hanto <joh@wip.tu-berlin.de>
TR,AT,ETS,1,,km,Own calulation of distance - see txt.file for more Info,05.09.2023,Jonathan Hanto <joh@wip.tu-berlin.de>
TR,BE,ETS,1,,km,Own calulation of distance - see txt.file for more Info,05.09.2023,Jonathan Hanto <joh@wip.tu-berlin.de>
TR,BG,ETS,1,,km,Own calulation of distance - see txt.file for more Info,05.09.2023,Jonathan Hanto <joh@wip.tu-berlin.de>
TR,CH,ETS,1,,km,Own calulation of distance - see txt.file for more Info,05.09.2023,Jonathan Hanto <joh@wip.tu-berlin.de>
TR,CZ,ETS,1,,km,Own calulation of distance - see txt.file for more Info,05.09.2023,Jonathan Hanto <joh@wip.tu-berlin.de>
TR,DE,ETS,1,,km,Own calulation of distance - see txt.file for more Info,05.09.2023,Jonathan Hanto <joh@wip.tu-berlin.de>
TR,DK,ETS,1,,km,Own calulation of distance - see txt.file for more Info,05.09.2023,Jonathan Hanto <joh@wip.tu-berlin.de>
TR,EE,ETS,1,,km,Own calulation of distance - see txt.file for more Info,05.09.2023,Jonathan Hanto <joh@wip.tu-berlin.de>
TR,ES,ETS,1,,km,Own calulation of distance - see txt.file for more Info,05.09.2023,Jonathan Hanto <joh@wip.tu-berlin.de>
TR,FI,ETS,1,,km,Own calulation of distance - see txt.file for more Info,05.09.2023,Jonathan Hanto <joh@wip.tu-berlin.de>
TR,FR,ETS,1,,km,Own calulation of distance - see txt.file for more Info,05.09.2023,Jonathan Hanto <joh@wip.tu-berlin.de>
TR,GR,ETS,1,,km,Own calulation of distance - see txt.file for more Info,05.09.2023,Jonathan Hanto <joh@wip.tu-berlin.de>
TR,HR,ETS,1,,km,Own calulation of distance - see txt.file for more Info,05.09.2023,Jonathan Hanto <joh@wip.tu-berlin.de>
TR,HU,ETS,1,,km,Own calulation of distance - see txt.file for more Info,05.09.2023,Jonathan Hanto <joh@wip.tu-berlin.de>
TR,IE,ETS,1,,km,Own calulation of distance - see txt.file for more Info,05.09.2023,Jonathan Hanto <joh@wip.tu-berlin.de>
TR,IT,ETS,1,,km,Own calulation of distance - see txt.file for more Info,05.09.2023,Jonathan Hanto <joh@wip.tu-berlin.de>
TR,LT,ETS,1,,km,Own calulation of distance - see txt.file for more Info,05.09.2023,Jonathan Hanto <joh@wip.tu-berlin.de>
TR,LU,ETS,1,,km,Own calulation of distance - see txt.file for more Info,05.09.2023,Jonathan Hanto <joh@wip.tu-berlin.de>
TR,LV,ETS,1,,km,Own calulation of distance - see txt.file for more Info,05.09.2023,Jonathan Hanto <joh@wip.tu-berlin.de>
TR,NL,ETS,1,,km,Own calulation of distance - see txt.file for more Info,05.09.2023,Jonathan Hanto <joh@wip.tu-berlin.de>
TR,NO,ETS,1,,km,Own calulation of distance - see txt.file for more Info,05.09.2023,Jonathan Hanto <joh@wip.tu-berlin.de>
TR,NONEU_Balkan,ETS,1,,km,Own calulation of distance - see txt.file for more Info,05.09.2023,Jonathan Hanto <joh@wip.tu-berlin.de>
TR,PL,ETS,1,,km,Own calulation of distance - see txt.file for more Info,05.09.2023,Jonathan Hanto <joh@wip.tu-berlin.de>
TR,PT,ETS,1,,km,Own calulation of distance - see txt.file for more Info,05.09.2023,Jonathan Hanto <joh@wip.tu-berlin.de>
TR,RO,ETS,1,,km,Own calulation of distance - see txt.file for more Info,05.09.2023,Jonathan Hanto <joh@wip.tu-berlin.de>
TR,SE,ETS,1,,km,Own calulation of distance - see txt.file for more Info,05.09.2023,Jonathan Hanto <joh@wip.tu-berlin.de>
TR,SI,ETS,1,,km,Own calulation of distance - see txt.file for more Info,05.09.2023,Jonathan Hanto <joh@wip.tu-berlin.de>
TR,SK,ETS,1,,km,Own calulation of distance - see txt.file for more Info,05.09.2023,Jonathan Hanto <joh@wip.tu-berlin.de>
TR,UK,ETS,1,,km,Own calulation of distance - see txt.file for more Info,05.09.2023,Jonathan Hanto <joh@wip.tu-berlin.de>
UK,AT,ETS,1,,km,Own calulation of distance - see txt.file for more Info,05.09.2023,Jonathan Hanto <joh@wip.tu-berlin.de>
UK,BE,ETS,1,,km,Own calulation of distance - see txt.file for more Info,05.09.2023,Jonathan Hanto <joh@wip.tu-berlin.de>
UK,BG,ETS,1,,km,Own calulation of distance - see txt.file for more Info,05.09.2023,Jonathan Hanto <joh@wip.tu-berlin.de>
UK,CH,ETS,1,,km,Own calulation of distance - see txt.file for more Info,05.09.2023,Jonathan Hanto <joh@wip.tu-berlin.de>
UK,CZ,ETS,1,,km,Own calulation of distance - see txt.file for more Info,05.09.2023,Jonathan Hanto <joh@wip.tu-berlin.de>
UK,DE,ETS,1,,km,Own calulation of distance - see txt.file for more Info,05.09.2023,Jonathan Hanto <joh@wip.tu-berlin.de>
UK,DK,ETS,1,,km,Own calulation of distance - see txt.file for more Info,05.09.2023,Jonathan Hanto <joh@wip.tu-berlin.de>
UK,EE,ETS,1,,km,Own calulation of distance - see txt.file for more Info,05.09.2023,Jonathan Hanto <joh@wip.tu-berlin.de>
UK,ES,ETS,1,,km,Own calulation of distance - see txt.file for more Info,05.09.2023,Jonathan Hanto <joh@wip.tu-berlin.de>
UK,FI,ETS,1,,km,Own calulation of distance - see txt.file for more Info,05.09.2023,Jonathan Hanto <joh@wip.tu-berlin.de>
UK,FR,ETS,1,,km,Own calulation of distance - see txt.file for more Info,05.09.2023,Jonathan Hanto <joh@wip.tu-berlin.de>
UK,GR,ETS,1,,km,Own calulation of distance - see txt.file for more Info,05.09.2023,Jonathan Hanto <joh@wip.tu-berlin.de>
UK,HR,ETS,1,,km,Own calulation of distance - see txt.file for more Info,05.09.2023,Jonathan Hanto <joh@wip.tu-berlin.de>
UK,HU,ETS,1,,km,Own calulation of distance - see txt.file for more Info,05.09.2023,Jonathan Hanto <joh@wip.tu-berlin.de>
UK,IE,ETS,1,,km,Own calulation of distance - see txt.file for more Info,05.09.2023,Jonathan Hanto <joh@wip.tu-berlin.de>
UK,IT,ETS,1,,km,Own calulation of distance - see txt.file for more Info,05.09.2023,Jonathan Hanto <joh@wip.tu-berlin.de>
UK,LT,ETS,1,,km,Own calulation of distance - see txt.file for more Info,05.09.2023,Jonathan Hanto <joh@wip.tu-berlin.de>
UK,LU,ETS,1,,km,Own calulation of distance - see txt.file for more Info,05.09.2023,Jonathan Hanto <joh@wip.tu-berlin.de>
UK,LV,ETS,1,,km,Own calulation of distance - see txt.file for more Info,05.09.2023,Jonathan Hanto <joh@wip.tu-berlin.de>
UK,NL,ETS,1,,km,Own calulation of distance - see txt.file for more Info,05.09.2023,Jonathan Hanto <joh@wip.tu-berlin.de>
UK,NO,ETS,1,,km,Own calulation of distance - see txt.file for more Info,05.09.2023,Jonathan Hanto <joh@wip.tu-berlin.de>
UK,NONEU_Balkan,ETS,1,,km,Own calulation of distance - see txt.file for more Info,05.09.2023,Jonathan Hanto <joh@wip.tu-berlin.de>
UK,PL,ETS,1,,km,Own calulation of distance - see txt.file for more Info,05.09.2023,Jonathan Hanto <joh@wip.tu-berlin.de>
UK,PT,ETS,1,,km,Own calulation of distance - see txt.file for more Info,05.09.2023,Jonathan Hanto <joh@wip.tu-berlin.de>
UK,RO,ETS,1,,km,Own calulation of distance - see txt.file for more Info,05.09.2023,Jonathan Hanto <joh@wip.tu-berlin.de>
UK,SE,ETS,1,,km,Own calulation of distance - see txt.file for more Info,05.09.2023,Jonathan Hanto <joh@wip.tu-berlin.de>
UK,SI,ETS,1,,km,Own calulation of distance - see txt.file for more Info,05.09.2023,Jonathan Hanto <joh@wip.tu-berlin.de>
UK,SK,ETS,1,,km,Own calulation of distance - see txt.file for more Info,05.09.2023,Jonathan Hanto <joh@wip.tu-berlin.de>
UK,TR,ETS,1,,km,Own calulation of distance - see txt.file for more Info,05.09.2023,Jonathan Hanto <joh@wip.tu-berlin.de>
BE,NO,Power,0,,km,Own calulation of distance - see txt.file for more Info,20.02.2025,Konstantin Loffler <kl@wip.tu-berlin.de>
FR,NO,Power,0,,km,Own calulation of distance - see txt.file for more Info,20.02.2025,Konstantin Loffler <kl@wip.tu-berlin.de>
NO,BE,Power,0,,km,Own calulation of distance - see txt.file for more Info,20.02.2025,Konstantin Loffler <kl@wip.tu-berlin.de>
NO,FR,Power,0,,km,Own calulation of distance - see txt.file for more Info,20.02.2025,Konstantin Loffler <kl@wip.tu-berlin.de>
Africa,Asia-Rest,Air,9800.597366,,km,Own calulation,20.07.2026,Julian Bornemann <jb@wip.tu-berlin.de>
Africa,Central & South America,Air,8904.563084,,km,Own calulation,20.07.2026,Julian Bornemann <jb@wip.tu-berlin.de>
Africa,China,Air,9102.089819,,km,Own calulation,20.07.2026,Julian Bornemann <jb@wip.tu-berlin.de>
Africa,Europe,Air,4729.362996,,km,Own calulation,20.07.2026,Julian Bornemann <jb@wip.tu-berlin.de>
Africa,FSU,Air,8074.947493,,km,Own calulation,20.07.2026,Julian Bornemann <jb@wip.tu-berlin.de>
Africa,India,Air,6783.819556,,km,Own calulation,20.07.2026,Julian Bornemann <jb@wip.tu-berlin.de>
Africa,Japan + Republic of Korea,Air,11953.10263,,km,Own calulation,20.07.2026,Julian Bornemann <jb@wip.tu-berlin.de>
Africa,Middle East,Air,4343.732131,,km,Own calulation,20.07.2026,Julian Bornemann <jb@wip.tu-berlin.de>
Africa,North America,Air,11379.1441,,km,Own calulation,20.07.2026,Julian Bornemann <jb@wip.tu-berlin.de>
Africa,Oceania,Air,13028.48755,,km,Own calulation,20.07.2026,Julian Bornemann <jb@wip.tu-berlin.de>
Asia-Rest,Africa,Air,9800.597366,,km,Own calulation,20.07.2026,Julian Bornemann <jb@wip.tu-berlin.de>
Asia-Rest,Central & South America,Air,18620.87487,,km,Own calulation,20.07.2026,Julian Bornemann <jb@wip.tu-berlin.de>
Asia-Rest,China,Air,3073.234639,,km,Own calulation,20.07.2026,Julian Bornemann <jb@wip.tu-berlin.de>
Asia-Rest,Europe,Air,9357.778653,,km,Own calulation,20.07.2026,Julian Bornemann <jb@wip.tu-berlin.de>
Asia-Rest,FSU,Air,5547.799376,,km,Own calulation,20.07.2026,Julian Bornemann <jb@wip.tu-berlin.de>
Asia-Rest,India,Air,3305.882699,,km,Own calulation,20.07.2026,Julian Bornemann <jb@wip.tu-berlin.de>
Asia-Rest,Japan + Republic of Korea,Air,4150.842264,,km,Own calulation,20.07.2026,Julian Bornemann <jb@wip.tu-berlin.de>
Asia-Rest,Middle East,Air,6065.803234,,km,Own calulation,20.07.2026,Julian Bornemann <jb@wip.tu-berlin.de>
Asia-Rest,North America,Air,13170.39014,,km,Own calulation,20.07.2026,Julian Bornemann <jb@wip.tu-berlin.de>
Asia-Rest,Oceania,Air,4887.189586,,km,Own calulation,20.07.2026,Julian Bornemann <jb@wip.tu-berlin.de>
Central & South America,Africa,Air,8904.563084,,km,Own calulation,20.07.2026,Julian Bornemann <jb@wip.tu-berlin.de>
Central & South America,Asia-Rest,Air,18620.87487,,km,Own calulation,20.07.2026,Julian Bornemann <jb@wip.tu-berlin.de>
Central & South America,China,Air,16782.15593,,km,Own calulation,20.07.2026,Julian Bornemann <jb@wip.tu-berlin.de>
Central & South America,Europe,Air,9992.18997,,km,Own calulation,20.07.2026,Julian Bornemann <jb@wip.tu-berlin.de>
Central & South America,FSU,Air,14293.65694,,km,Own calulation,20.07.2026,Julian Bornemann <jb@wip.tu-berlin.de>
Central & South America,India,Air,15592.11016,,km,Own calulation,20.07.2026,Julian Bornemann <jb@wip.tu-berlin.de>
Central & South America,Japan + Republic of Korea,Air,16875.34825,,km,Own calulation,20.07.2026,Julian Bornemann <jb@wip.tu-berlin.de>
Central & South America,Middle East,Air,12861.11677,,km,Own calulation,20.07.2026,Julian Bornemann <jb@wip.tu-berlin.de>
Central & South America,North America,Air,7652.175283,,km,Own calulation,20.07.2026,Julian Bornemann <jb@wip.tu-berlin.de>
Central & South America,Oceania,Air,15547.51929,,km,Own calulation,20.07.2026,Julian Bornemann <jb@wip.tu-berlin.de>
China,Africa,Air,9102.089819,,km,Own calulation,20.07.2026,Julian Bornemann <jb@wip.tu-berlin.de>
China,Asia-Rest,Air,3073.234639,,km,Own calulation,20.07.2026,Julian Bornemann <jb@wip.tu-berlin.de>
China,Central & South America,Air,16782.15593,,km,Own calulation,20.07.2026,Julian Bornemann <jb@wip.tu-berlin.de>
China,Europe,Air,6852.235455,,km,Own calulation,20.07.2026,Julian Bornemann <jb@wip.tu-berlin.de>
China,FSU,Air,2521.363399,,km,Own calulation,20.07.2026,Julian Bornemann <jb@wip.tu-berlin.de>
China,India,Air,2757.710221,,km,Own calulation,20.07.2026,Julian Bornemann <jb@wip.tu-berlin.de>
China,Japan + Republic of Korea,Air,2911.301733,,km,Own calulation,20.07.2026,Julian Bornemann <jb@wip.tu-berlin.de>
China,Middle East,Air,4759.676467,,km,Own calulation,20.07.2026,Julian Bornemann <jb@wip.tu-berlin.de>
China,North America,Air,10378.28708,,km,Own calulation,20.07.2026,Julian Bornemann <jb@wip.tu-berlin.de>
China,Oceania,Air,7672.255997,,km,Own calulation,20.07.2026,Julian Bornemann <jb@wip.tu-berlin.de>
Europe,Africa,Air,4729.362996,,km,Own calulation,20.07.2026,Julian Bornemann <jb@wip.tu-berlin.de>
Europe,Asia-Rest,Air,9357.778653,,km,Own calulation,20.07.2026,Julian Bornemann <jb@wip.tu-berlin.de>
Europe,Central & South America,Air,9992.18997,,km,Own calulation,20.07.2026,Julian Bornemann <jb@wip.tu-berlin.de>
Europe,China,Air,6852.235455,,km,Own calulation,20.07.2026,Julian Bornemann <jb@wip.tu-berlin.de>
Europe,FSU,Air,4623.134493,,km,Own calulation,20.07.2026,Julian Bornemann <jb@wip.tu-berlin.de>
Europe,India,Air,6271.833761,,km,Own calulation,20.07.2026,Julian Bornemann <jb@wip.tu-berlin.de>
Europe,Japan + Republic of Korea,Air,8826.835866,,km,Own calulation,20.07.2026,Julian Bornemann <jb@wip.tu-berlin.de>
Europe,Middle East,Air,3929.60841,,km,Own calulation,20.07.2026,Julian Bornemann <jb@wip.tu-berlin.de>
Europe,North America,Air,7508.50222,,km,Own calulation,20.07.2026,Julian Bornemann <jb@wip.tu-berlin.de>
Europe,Oceania,Air,14233.59643,,km,Own calulation,20.07.2026,Julian Bornemann <jb@wip.tu-berlin.de>
FSU,Africa,Air,8074.947493,,km,Own calulation,20.07.2026,Julian Bornemann <jb@wip.tu-berlin.de>
FSU,Asia-Rest,Air,5547.799376,,km,Own calulation,20.07.2026,Julian Bornemann <jb@wip.tu-berlin.de>
FSU,Central & South America,Air,14293.65694,,km,Own calulation,20.07.2026,Julian Bornemann <jb@wip.tu-berlin.de>
FSU,China,Air,2521.363399,,km,Own calulation,20.07.2026,Julian Bornemann <jb@wip.tu-berlin.de>
FSU,Europe,Air,4623.134493,,km,Own calulation,20.07.2026,Julian Bornemann <jb@wip.tu-berlin.de>
FSU,India,Air,3837.865868,,km,Own calulation,20.07.2026,Julian Bornemann <jb@wip.tu-berlin.de>
FSU,Japan + Republic of Korea,Air,4250.976952,,km,Own calulation,20.07.2026,Julian Bornemann <jb@wip.tu-berlin.de>
FSU,Middle East,Air,4132.502748,,km,Own calulation,20.07.2026,Julian Bornemann <jb@wip.tu-berlin.de>
FSU,North America,Air,8399.02516,,km,Own calulation,20.07.2026,Julian Bornemann <jb@wip.tu-berlin.de>
FSU,Oceania,Air,10175.17743,,km,Own calulation,20.07.2026,Julian Bornemann <jb@wip.tu-berlin.de>
India,Africa,Air,6783.819556,,km,Own calulation,20.07.2026,Julian Bornemann <jb@wip.tu-berlin.de>
India,Asia-Rest,Air,3305.882699,,km,Own calulation,20.07.2026,Julian Bornemann <jb@wip.tu-berlin.de>
India,Central & South America,Air,15592.11016,,km,Own calulation,20.07.2026,Julian Bornemann <jb@wip.tu-berlin.de>
India,China,Air,2757.710221,,km,Own calulation,20.07.2026,Julian Bornemann <jb@wip.tu-berlin.de>
India,Europe,Air,6271.833761,,km,Own calulation,20.07.2026,Julian Bornemann <jb@wip.tu-berlin.de>
India,FSU,Air,3837.865868,,km,Own calulation,20.07.2026,Julian Bornemann <jb@wip.tu-berlin.de>
India,Japan + Republic of Korea,Air,5583.267342,,km,Own calulation,20.07.2026,Julian Bornemann <jb@wip.tu-berlin.de>
India,Middle East,Air,2761.847935,,km,Own calulation,20.07.2026,Julian Bornemann <jb@wip.tu-berlin.de>
India,North America,Air,12199.49225,,km,Own calulation,20.07.2026,Julian Bornemann <jb@wip.tu-berlin.de>
India,Oceania,Air,8007.382799,,km,Own calulation,20.07.2026,Julian Bornemann <jb@wip.tu-berlin.de>
Japan + Republic of Korea,Africa,Air,11953.10263,,km,Own calulation,20.07.2026,Julian Bornemann <jb@wip.tu-berlin.de>
Japan + Republic of Korea,Asia-Rest,Air,4150.842264,,km,Own calulation,20.07.2026,Julian Bornemann <jb@wip.tu-berlin.de>
Japan + Republic of Korea,Central & South America,Air,16875.34825,,km,Own calulation,20.07.2026,Julian Bornemann <jb@wip.tu-berlin.de>
Japan + Republic of Korea,China,Air,2911.301733,,km,Own calulation,20.07.2026,Julian Bornemann <jb@wip.tu-berlin.de>
Japan + Republic of Korea,Europe,Air,8826.835866,,km,Own calulation,20.07.2026,Julian Bornemann <jb@wip.tu-berlin.de>
Japan + Republic of Korea,FSU,Air,4250.976952,,km,Own calulation,20.07.2026,Julian Bornemann <jb@wip.tu-berlin.de>
Japan + Republic of Korea,India,Air,5583.267342,,km,Own calulation,20.07.2026,Julian Bornemann <jb@wip.tu-berlin.de>
Japan + Republic of Korea,Middle East,Air,7620.153303,,km,Own calulation,20.07.2026,Julian Bornemann <jb@wip.tu-berlin.de>
Japan + Republic of Korea,North America,Air,9223.299405,,km,Own calulation,20.07.2026,Julian Bornemann <jb@wip.tu-berlin.de>
Japan + Republic of Korea,Oceania,Air,6859.546762,,km,Own calulation,20.07.2026,Julian Bornemann <jb@wip.tu-berlin.de>
Middle East,Africa,Air,4343.732131,,km,Own calulation,20.07.2026,Julian Bornemann <jb@wip.tu-berlin.de>
Middle East,Asia-Rest,Air,6065.803234,,km,Own calulation,20.07.2026,Julian Bornemann <jb@wip.tu-berlin.de>
Middle East,Central & South America,Air,12861.11677,,km,Own calulation,20.07.2026,Julian Bornemann <jb@wip.tu-berlin.de>
Middle East,China,Air,4759.676467,,km,Own calulation,20.07.2026,Julian Bornemann <jb@wip.tu-berlin.de>
Middle East,Europe,Air,3929.60841,,km,Own calulation,20.07.2026,Julian Bornemann <jb@wip.tu-berlin.de>
Middle East,FSU,Air,4132.502748,,km,Own calulation,20.07.2026,Julian Bornemann <jb@wip.tu-berlin.de>
Middle East,India,Air,2761.847935,,km,Own calulation,20.07.2026,Julian Bornemann <jb@wip.tu-berlin.de>
Middle East,Japan + Republic of Korea,Air,7620.153303,,km,Own calulation,20.07.2026,Julian Bornemann <jb@wip.tu-berlin.de>
Middle East,North America,Air,11092.46665,,km,Own calulation,20.07.2026,Julian Bornemann <jb@wip.tu-berlin.de>
Middle East,Oceania,Air,10622.14299,,km,Own calulation,20.07.2026,Julian Bornemann <jb@wip.tu-berlin.de>
North America,Africa,Air,11379.1441,,km,Own calulation,20.07.2026,Julian Bornemann <jb@wip.tu-berlin.de>
North America,Asia-Rest,Air,13170.39014,,km,Own calulation,20.07.2026,Julian Bornemann <jb@wip.tu-berlin.de>
North America,Central & South America,Air,7652.175283,,km,Own calulation,20.07.2026,Julian Bornemann <jb@wip.tu-berlin.de>
North America,China,Air,10378.28708,,km,Own calulation,20.07.2026,Julian Bornemann <jb@wip.tu-berlin.de>
North America,Europe,Air,7508.50222,,km,Own calulation,20.07.2026,Julian Bornemann <jb@wip.tu-berlin.de>
North America,FSU,Air,8399.02516,,km,Own calulation,20.07.2026,Julian Bornemann <jb@wip.tu-berlin.de>
North America,India,Air,12199.49225,,km,Own calulation,20.07.2026,Julian Bornemann <jb@wip.tu-berlin.de>
North America,Japan + Republic of Korea,Air,9223.299405,,km,Own calulation,20.07.2026,Julian Bornemann <jb@wip.tu-berlin.de>
North America,Middle East,Air,11092.46665,,km,Own calulation,20.07.2026,Julian Bornemann <jb@wip.tu-berlin.de>
North America,Oceania,Air,14757.4025,,km,Own calulation,20.07.2026,Julian Bornemann <jb@wip.tu-berlin.de>
Oceania,Africa,Air,13028.48755,,km,Own calulation,20.07.2026,Julian Bornemann <jb@wip.tu-berlin.de>
Oceania,Asia-Rest,Air,4887.189586,,km,Own calulation,20.07.2026,Julian Bornemann <jb@wip.tu-berlin.de>
Oceania,Central & South America,Air,15547.51929,,km,Own calulation,20.07.2026,Julian Bornemann <jb@wip.tu-berlin.de>
Oceania,China,Air,7672.255997,,km,Own calulation,20.07.2026,Julian Bornemann <jb@wip.tu-berlin.de>
Oceania,Europe,Air,14233.59643,,km,Own calulation,20.07.2026,Julian Bornemann <jb@wip.tu-berlin.de>
Oceania,FSU,Air,10175.17743,,km,Own calulation,20.07.2026,Julian Bornemann <jb@wip.tu-berlin.de>
Oceania,India,Air,8007.382799,,km,Own calulation,20.07.2026,Julian Bornemann <jb@wip.tu-berlin.de>
Oceania,Japan + Republic of Korea,Air,6859.546762,,km,Own calulation,20.07.2026,Julian Bornemann <jb@wip.tu-berlin.de>
Oceania,Middle East,Air,10622.14299,,km,Own calulation,20.07.2026,Julian Bornemann <jb@wip.tu-berlin.de>
Oceania,North America,Air,14757.4025,,km,Own calulation,20.07.2026,Julian Bornemann <jb@wip.tu-berlin.de>
Africa,Asia-Rest,Area_Rooftop_Commercial,9800.597366,,km,Own calulation,20.07.2026,Julian Bornemann <jb@wip.tu-berlin.de>
Africa,Central & South America,Area_Rooftop_Commercial,8904.563084,,km,Own calulation,20.07.2026,Julian Bornemann <jb@wip.tu-berlin.de>
Africa,China,Area_Rooftop_Commercial,9102.089819,,km,Own calulation,20.07.2026,Julian Bornemann <jb@wip.tu-berlin.de>
Africa,Europe,Area_Rooftop_Commercial,4729.362996,,km,Own calulation,20.07.2026,Julian Bornemann <jb@wip.tu-berlin.de>
Africa,FSU,Area_Rooftop_Commercial,8074.947493,,km,Own calulation,20.07.2026,Julian Bornemann <jb@wip.tu-berlin.de>
Africa,India,Area_Rooftop_Commercial,6783.819556,,km,Own calulation,20.07.2026,Julian Bornemann <jb@wip.tu-berlin.de>
Africa,Japan + Republic of Korea,Area_Rooftop_Commercial,11953.10263,,km,Own calulation,20.07.2026,Julian Bornemann <jb@wip.tu-berlin.de>
Africa,Middle East,Area_Rooftop_Commercial,4343.732131,,km,Own calulation,20.07.2026,Julian Bornemann <jb@wip.tu-berlin.de>
Africa,North America,Area_Rooftop_Commercial,11379.1441,,km,Own calulation,20.07.2026,Julian Bornemann <jb@wip.tu-berlin.de>
Africa,Oceania,Area_Rooftop_Commercial,13028.48755,,km,Own calulation,20.07.2026,Julian Bornemann <jb@wip.tu-berlin.de>
Asia-Rest,Africa,Area_Rooftop_Commercial,9800.597366,,km,Own calulation,20.07.2026,Julian Bornemann <jb@wip.tu-berlin.de>
Asia-Rest,Central & South America,Area_Rooftop_Commercial,18620.87487,,km,Own calulation,20.07.2026,Julian Bornemann <jb@wip.tu-berlin.de>
Asia-Rest,China,Area_Rooftop_Commercial,3073.234639,,km,Own calulation,20.07.2026,Julian Bornemann <jb@wip.tu-berlin.de>
Asia-Rest,Europe,Area_Rooftop_Commercial,9357.778653,,km,Own calulation,20.07.2026,Julian Bornemann <jb@wip.tu-berlin.de>
Asia-Rest,FSU,Area_Rooftop_Commercial,5547.799376,,km,Own calulation,20.07.2026,Julian Bornemann <jb@wip.tu-berlin.de>
Asia-Rest,India,Area_Rooftop_Commercial,3305.882699,,km,Own calulation,20.07.2026,Julian Bornemann <jb@wip.tu-berlin.de>
Asia-Rest,Japan + Republic of Korea,Area_Rooftop_Commercial,4150.842264,,km,Own calulation,20.07.2026,Julian Bornemann <jb@wip.tu-berlin.de>
Asia-Rest,Middle East,Area_Rooftop_Commercial,6065.803234,,km,Own calulation,20.07.2026,Julian Bornemann <jb@wip.tu-berlin.de>
Asia-Rest,North America,Area_Rooftop_Commercial,13170.39014,,km,Own calulation,20.07.2026,Julian Bornemann <jb@wip.tu-berlin.de>
Asia-Rest,Oceania,Area_Rooftop_Commercial,4887.189586,,km,Own calulation,20.07.2026,Julian Bornemann <jb@wip.tu-berlin.de>
Central & South America,Africa,Area_Rooftop_Commercial,8904.563084,,km,Own calulation,20.07.2026,Julian Bornemann <jb@wip.tu-berlin.de>
Central & South America,Asia-Rest,Area_Rooftop_Commercial,18620.87487,,km,Own calulation,20.07.2026,Julian Bornemann <jb@wip.tu-berlin.de>
Central & South America,China,Area_Rooftop_Commercial,16782.15593,,km,Own calulation,20.07.2026,Julian Bornemann <jb@wip.tu-berlin.de>
Central & South America,Europe,Area_Rooftop_Commercial,9992.18997,,km,Own calulation,20.07.2026,Julian Bornemann <jb@wip.tu-berlin.de>
Central & South America,FSU,Area_Rooftop_Commercial,14293.65694,,km,Own calulation,20.07.2026,Julian Bornemann <jb@wip.tu-berlin.de>
Central & South America,India,Area_Rooftop_Commercial,15592.11016,,km,Own calulation,20.07.2026,Julian Bornemann <jb@wip.tu-berlin.de>
Central & South America,Japan + Republic of Korea,Area_Rooftop_Commercial,16875.34825,,km,Own calulation,20.07.2026,Julian Bornemann <jb@wip.tu-berlin.de>
Central & South America,Middle East,Area_Rooftop_Commercial,12861.11677,,km,Own calulation,20.07.2026,Julian Bornemann <jb@wip.tu-berlin.de>
Central & South America,North America,Area_Rooftop_Commercial,7652.175283,,km,Own calulation,20.07.2026,Julian Bornemann <jb@wip.tu-berlin.de>
Central & South America,Oceania,Area_Rooftop_Commercial,15547.51929,,km,Own calulation,20.07.2026,Julian Bornemann <jb@wip.tu-berlin.de>
China,Africa,Area_Rooftop_Commercial,9102.089819,,km,Own calulation,20.07.2026,Julian Bornemann <jb@wip.tu-berlin.de>
China,Asia-Rest,Area_Rooftop_Commercial,3073.234639,,km,Own calulation,20.07.2026,Julian Bornemann <jb@wip.tu-berlin.de>
China,Central & South America,Area_Rooftop_Commercial,16782.15593,,km,Own calulation,20.07.2026,Julian Bornemann <jb@wip.tu-berlin.de>
China,Europe,Area_Rooftop_Commercial,6852.235455,,km,Own calulation,20.07.2026,Julian Bornemann <jb@wip.tu-berlin.de>
China,FSU,Area_Rooftop_Commercial,2521.363399,,km,Own calulation,20.07.2026,Julian Bornemann <jb@wip.tu-berlin.de>
China,India,Area_Rooftop_Commercial,2757.710221,,km,Own calulation,20.07.2026,Julian Bornemann <jb@wip.tu-berlin.de>
China,Japan + Republic of Korea,Area_Rooftop_Commercial,2911.301733,,km,Own calulation,20.07.2026,Julian Bornemann <jb@wip.tu-berlin.de>
China,Middle East,Area_Rooftop_Commercial,4759.676467,,km,Own calulation,20.07.2026,Julian Bornemann <jb@wip.tu-berlin.de>
China,North America,Area_Rooftop_Commercial,10378.28708,,km,Own calulation,20.07.2026,Julian Bornemann <jb@wip.tu-berlin.de>
China,Oceania,Area_Rooftop_Commercial,7672.255997,,km,Own calulation,20.07.2026,Julian Bornemann <jb@wip.tu-berlin.de>
Europe,Africa,Area_Rooftop_Commercial,4729.362996,,km,Own calulation,20.07.2026,Julian Bornemann <jb@wip.tu-berlin.de>
Europe,Asia-Rest,Area_Rooftop_Commercial,9357.778653,,km,Own calulation,20.07.2026,Julian Bornemann <jb@wip.tu-berlin.de>
Europe,Central & South America,Area_Rooftop_Commercial,9992.18997,,km,Own calulation,20.07.2026,Julian Bornemann <jb@wip.tu-berlin.de>
Europe,China,Area_Rooftop_Commercial,6852.235455,,km,Own calulation,20.07.2026,Julian Bornemann <jb@wip.tu-berlin.de>
Europe,FSU,Area_Rooftop_Commercial,4623.134493,,km,Own calulation,20.07.2026,Julian Bornemann <jb@wip.tu-berlin.de>
Europe,India,Area_Rooftop_Commercial,6271.833761,,km,Own calulation,20.07.2026,Julian Bornemann <jb@wip.tu-berlin.de>
Europe,Japan + Republic of Korea,Area_Rooftop_Commercial,8826.835866,,km,Own calulation,20.07.2026,Julian Bornemann <jb@wip.tu-berlin.de>
Europe,Middle East,Area_Rooftop_Commercial,3929.60841,,km,Own calulation,20.07.2026,Julian Bornemann <jb@wip.tu-berlin.de>
Europe,North America,Area_Rooftop_Commercial,7508.50222,,km,Own calulation,20.07.2026,Julian Bornemann <jb@wip.tu-berlin.de>
Europe,Oceania,Area_Rooftop_Commercial,14233.59643,,km,Own calulation,20.07.2026,Julian Bornemann <jb@wip.tu-berlin.de>
FSU,Africa,Area_Rooftop_Commercial,8074.947493,,km,Own calulation,20.07.2026,Julian Bornemann <jb@wip.tu-berlin.de>
FSU,Asia-Rest,Area_Rooftop_Commercial,5547.799376,,km,Own calulation,20.07.2026,Julian Bornemann <jb@wip.tu-berlin.de>
FSU,Central & South America,Area_Rooftop_Commercial,14293.65694,,km,Own calulation,20.07.2026,Julian Bornemann <jb@wip.tu-berlin.de>
FSU,China,Area_Rooftop_Commercial,2521.363399,,km,Own calulation,20.07.2026,Julian Bornemann <jb@wip.tu-berlin.de>
FSU,Europe,Area_Rooftop_Commercial,4623.134493,,km,Own calulation,20.07.2026,Julian Bornemann <jb@wip.tu-berlin.de>
FSU,India,Area_Rooftop_Commercial,3837.865868,,km,Own calulation,20.07.2026,Julian Bornemann <jb@wip.tu-berlin.de>
FSU,Japan + Republic of Korea,Area_Rooftop_Commercial,4250.976952,,km,Own calulation,20.07.2026,Julian Bornemann <jb@wip.tu-berlin.de>
FSU,Middle East,Area_Rooftop_Commercial,4132.502748,,km,Own calulation,20.07.2026,Julian Bornemann <jb@wip.tu-berlin.de>
FSU,North America,Area_Rooftop_Commercial,8399.02516,,km,Own calulation,20.07.2026,Julian Bornemann <jb@wip.tu-berlin.de>
FSU,Oceania,Area_Rooftop_Commercial,10175.17743,,km,Own calulation,20.07.2026,Julian Bornemann <jb@wip.tu-berlin.de>
India,Africa,Area_Rooftop_Commercial,6783.819556,,km,Own calulation,20.07.2026,Julian Bornemann <jb@wip.tu-berlin.de>
India,Asia-Rest,Area_Rooftop_Commercial,3305.882699,,km,Own calulation,20.07.2026,Julian Bornemann <jb@wip.tu-berlin.de>
India,Central & South America,Area_Rooftop_Commercial,15592.11016,,km,Own calulation,20.07.2026,Julian Bornemann <jb@wip.tu-berlin.de>
India,China,Area_Rooftop_Commercial,2757.710221,,km,Own calulation,20.07.2026,Julian Bornemann <jb@wip.tu-berlin.de>
India,Europe,Area_Rooftop_Commercial,6271.833761,,km,Own calulation,20.07.2026,Julian Bornemann <jb@wip.tu-berlin.de>
India,FSU,Area_Rooftop_Commercial,3837.865868,,km,Own calulation,20.07.2026,Julian Bornemann <jb@wip.tu-berlin.de>
India,Japan + Republic of Korea,Area_Rooftop_Commercial,5583.267342,,km,Own calulation,20.07.2026,Julian Bornemann <jb@wip.tu-berlin.de>
India,Middle East,Area_Rooftop_Commercial,2761.847935,,km,Own calulation,20.07.2026,Julian Bornemann <jb@wip.tu-berlin.de>
India,North America,Area_Rooftop_Commercial,12199.49225,,km,Own calulation,20.07.2026,Julian Bornemann <jb@wip.tu-berlin.de>
India,Oceania,Area_Rooftop_Commercial,8007.382799,,km,Own calulation,20.07.2026,Julian Bornemann <jb@wip.tu-berlin.de>
Japan + Republic of Korea,Africa,Area_Rooftop_Commercial,11953.10263,,km,Own calulation,20.07.2026,Julian Bornemann <jb@wip.tu-berlin.de>
Japan + Republic of Korea,Asia-Rest,Area_Rooftop_Commercial,4150.842264,,km,Own calulation,20.07.2026,Julian Bornemann <jb@wip.tu-berlin.de>
Japan + Republic of Korea,Central & South America,Area_Rooftop_Commercial,16875.34825,,km,Own calulation,20.07.2026,Julian Bornemann <jb@wip.tu-berlin.de>
Japan + Republic of Korea,China,Area_Rooftop_Commercial,2911.301733,,km,Own calulation,20.07.2026,Julian Bornemann <jb@wip.tu-berlin.de>
Japan + Republic of Korea,Europe,Area_Rooftop_Commercial,8826.835866,,km,Own calulation,20.07.2026,Julian Bornemann <jb@wip.tu-berlin.de>
Japan + Republic of Korea,FSU,Area_Rooftop_Commercial,4250.976952,,km,Own calulation,20.07.2026,Julian Bornemann <jb@wip.tu-berlin.de>
Japan + Republic of Korea,India,Area_Rooftop_Commercial,5583.267342,,km,Own calulation,20.07.2026,Julian Bornemann <jb@wip.tu-berlin.de>
Japan + Republic of Korea,Middle East,Area_Rooftop_Commercial,7620.153303,,km,Own calulation,20.07.2026,Julian Bornemann <jb@wip.tu-berlin.de>
Japan + Republic of Korea,North America,Area_Rooftop_Commercial,9223.299405,,km,Own calulation,20.07.2026,Julian Bornemann <jb@wip.tu-berlin.de>
Japan + Republic of Korea,Oceania,Area_Rooftop_Commercial,6859.546762,,km,Own calulation,20.07.2026,Julian Bornemann <jb@wip.tu-berlin.de>
Middle East,Africa,Area_Rooftop_Commercial,4343.732131,,km,Own calulation,20.07.2026,Julian Bornemann <jb@wip.tu-berlin.de>
Middle East,Asia-Rest,Area_Rooftop_Commercial,6065.803234,,km,Own calulation,20.07.2026,Julian Bornemann <jb@wip.tu-berlin.de>
Middle East,Central & South America,Area_Rooftop_Commercial,12861.11677,,km,Own calulation,20.07.2026,Julian Bornemann <jb@wip.tu-berlin.de>
Middle East,China,Area_Rooftop_Commercial,4759.676467,,km,Own calulation,20.07.2026,Julian Bornemann <jb@wip.tu-berlin.de>
Middle East,Europe,Area_Rooftop_Commercial,3929.60841,,km,Own calulation,20.07.2026,Julian Bornemann <jb@wip.tu-berlin.de>
Middle East,FSU,Area_Rooftop_Commercial,4132.502748,,km,Own calulation,20.07.2026,Julian Bornemann <jb@wip.tu-berlin.de>
Middle East,India,Area_Rooftop_Commercial,2761.847935,,km,Own calulation,20.07.2026,Julian Bornemann <jb@wip.tu-berlin.de>
Middle East,Japan + Republic of Korea,Area_Rooftop_Commercial,7620.153303,,km,Own calulation,20.07.2026,Julian Bornemann <jb@wip.tu-berlin.de>
Middle East,North America,Area_Rooftop_Commercial,11092.46665,,km,Own calulation,20.07.2026,Julian Bornemann <jb@wip.tu-berlin.de>
Middle East,Oceania,Area_Rooftop_Commercial,10622.14299,,km,Own calulation,20.07.2026,Julian Bornemann <jb@wip.tu-berlin.de>
North America,Africa,Area_Rooftop_Commercial,11379.1441,,km,Own calulation,20.07.2026,Julian Bornemann <jb@wip.tu-berlin.de>
North America,Asia-Rest,Area_Rooftop_Commercial,13170.39014,,km,Own calulation,20.07.2026,Julian Bornemann <jb@wip.tu-berlin.de>
North America,Central & South America,Area_Rooftop_Commercial,7652.175283,,km,Own calulation,20.07.2026,Julian Bornemann <jb@wip.tu-berlin.de>
North America,China,Area_Rooftop_Commercial,10378.28708,,km,Own calulation,20.07.2026,Julian Bornemann <jb@wip.tu-berlin.de>
North America,Europe,Area_Rooftop_Commercial,7508.50222,,km,Own calulation,20.07.2026,Julian Bornemann <jb@wip.tu-berlin.de>
North America,FSU,Area_Rooftop_Commercial,8399.02516,,km,Own calulation,20.07.2026,Julian Bornemann <jb@wip.tu-berlin.de>
North America,India,Area_Rooftop_Commercial,12199.49225,,km,Own calulation,20.07.2026,Julian Bornemann <jb@wip.tu-berlin.de>
North America,Japan + Republic of Korea,Area_Rooftop_Commercial,9223.299405,,km,Own calulation,20.07.2026,Julian Bornemann <jb@wip.tu-berlin.de>
North America,Middle East,Area_Rooftop_Commercial,11092.46665,,km,Own calulation,20.07.2026,Julian Bornemann <jb@wip.tu-berlin.de>
North America,Oceania,Area_Rooftop_Commercial,14757.4025,,km,Own calulation,20.07.2026,Julian Bornemann <jb@wip.tu-berlin.de>
Oceania,Africa,Area_Rooftop_Commercial,13028.48755,,km,Own calulation,20.07.2026,Julian Bornemann <jb@wip.tu-berlin.de>
Oceania,Asia-Rest,Area_Rooftop_Commercial,4887.189586,,km,Own calulation,20.07.2026,Julian Bornemann <jb@wip.tu-berlin.de>
Oceania,Central & South America,Area_Rooftop_Commercial,15547.51929,,km,Own calulation,20.07.2026,Julian Bornemann <jb@wip.tu-berlin.de>
Oceania,China,Area_Rooftop_Commercial,7672.255997,,km,Own calulation,20.07.2026,Julian Bornemann <jb@wip.tu-berlin.de>
Oceania,Europe,Area_Rooftop_Commercial,14233.59643,,km,Own calulation,20.07.2026,Julian Bornemann <jb@wip.tu-berlin.de>
Oceania,FSU,Area_Rooftop_Commercial,10175.17743,,km,Own calulation,20.07.2026,Julian Bornemann <jb@wip.tu-berlin.de>
Oceania,India,Area_Rooftop_Commercial,8007.382799,,km,Own calulation,20.07.2026,Julian Bornemann <jb@wip.tu-berlin.de>
Oceania,Japan + Republic of Korea,Area_Rooftop_Commercial,6859.546762,,km,Own calulation,20.07.2026,Julian Bornemann <jb@wip.tu-berlin.de>
Oceania,Middle East,Area_Rooftop_Commercial,10622.14299,,km,Own calulation,20.07.2026,Julian Bornemann <jb@wip.tu-berlin.de>
Oceania,North America,Area_Rooftop_Commercial,14757.4025,,km,Own calulation,20.07.2026,Julian Bornemann <jb@wip.tu-berlin.de>
Africa,Asia-Rest,Area_Rooftop_Residential,9800.597366,,km,Own calulation,20.07.2026,Julian Bornemann <jb@wip.tu-berlin.de>
Africa,Central & South America,Area_Rooftop_Residential,8904.563084,,km,Own calulation,20.07.2026,Julian Bornemann <jb@wip.tu-berlin.de>
Africa,China,Area_Rooftop_Residential,9102.089819,,km,Own calulation,20.07.2026,Julian Bornemann <jb@wip.tu-berlin.de>
Africa,Europe,Area_Rooftop_Residential,4729.362996,,km,Own calulation,20.07.2026,Julian Bornemann <jb@wip.tu-berlin.de>
Africa,FSU,Area_Rooftop_Residential,8074.947493,,km,Own calulation,20.07.2026,Julian Bornemann <jb@wip.tu-berlin.de>
Africa,India,Area_Rooftop_Residential,6783.819556,,km,Own calulation,20.07.2026,Julian Bornemann <jb@wip.tu-berlin.de>
Africa,Japan + Republic of Korea,Area_Rooftop_Residential,11953.10263,,km,Own calulation,20.07.2026,Julian Bornemann <jb@wip.tu-berlin.de>
Africa,Middle East,Area_Rooftop_Residential,4343.732131,,km,Own calulation,20.07.2026,Julian Bornemann <jb@wip.tu-berlin.de>
Africa,North America,Area_Rooftop_Residential,11379.1441,,km,Own calulation,20.07.2026,Julian Bornemann <jb@wip.tu-berlin.de>
Africa,Oceania,Area_Rooftop_Residential,13028.48755,,km,Own calulation,20.07.2026,Julian Bornemann <jb@wip.tu-berlin.de>
Asia-Rest,Africa,Area_Rooftop_Residential,9800.597366,,km,Own calulation,20.07.2026,Julian Bornemann <jb@wip.tu-berlin.de>
Asia-Rest,Central & South America,Area_Rooftop_Residential,18620.87487,,km,Own calulation,20.07.2026,Julian Bornemann <jb@wip.tu-berlin.de>
Asia-Rest,China,Area_Rooftop_Residential,3073.234639,,km,Own calulation,20.07.2026,Julian Bornemann <jb@wip.tu-berlin.de>
Asia-Rest,Europe,Area_Rooftop_Residential,9357.778653,,km,Own calulation,20.07.2026,Julian Bornemann <jb@wip.tu-berlin.de>
Asia-Rest,FSU,Area_Rooftop_Residential,5547.799376,,km,Own calulation,20.07.2026,Julian Bornemann <jb@wip.tu-berlin.de>
Asia-Rest,India,Area_Rooftop_Residential,3305.882699,,km,Own calulation,20.07.2026,Julian Bornemann <jb@wip.tu-berlin.de>
Asia-Rest,Japan + Republic of Korea,Area_Rooftop_Residential,4150.842264,,km,Own calulation,20.07.2026,Julian Bornemann <jb@wip.tu-berlin.de>
Asia-Rest,Middle East,Area_Rooftop_Residential,6065.803234,,km,Own calulation,20.07.2026,Julian Bornemann <jb@wip.tu-berlin.de>
Asia-Rest,North America,Area_Rooftop_Residential,13170.39014,,km,Own calulation,20.07.2026,Julian Bornemann <jb@wip.tu-berlin.de>
Asia-Rest,Oceania,Area_Rooftop_Residential,4887.189586,,km,Own calulation,20.07.2026,Julian Bornemann <jb@wip.tu-berlin.de>
Central & South America,Africa,Area_Rooftop_Residential,8904.563084,,km,Own calulation,20.07.2026,Julian Bornemann <jb@wip.tu-berlin.de>
Central & South America,Asia-Rest,Area_Rooftop_Residential,18620.87487,,km,Own calulation,20.07.2026,Julian Bornemann <jb@wip.tu-berlin.de>
Central & South America,China,Area_Rooftop_Residential,16782.15593,,km,Own calulation,20.07.2026,Julian Bornemann <jb@wip.tu-berlin.de>
Central & South America,Europe,Area_Rooftop_Residential,9992.18997,,km,Own calulation,20.07.2026,Julian Bornemann <jb@wip.tu-berlin.de>
Central & South America,FSU,Area_Rooftop_Residential,14293.65694,,km,Own calulation,20.07.2026,Julian Bornemann <jb@wip.tu-berlin.de>
Central & South America,India,Area_Rooftop_Residential,15592.11016,,km,Own calulation,20.07.2026,Julian Bornemann <jb@wip.tu-berlin.de>
Central & South America,Japan + Republic of Korea,Area_Rooftop_Residential,16875.34825,,km,Own calulation,20.07.2026,Julian Bornemann <jb@wip.tu-berlin.de>
Central & South America,Middle East,Area_Rooftop_Residential,12861.11677,,km,Own calulation,20.07.2026,Julian Bornemann <jb@wip.tu-berlin.de>
Central & South America,North America,Area_Rooftop_Residential,7652.175283,,km,Own calulation,20.07.2026,Julian Bornemann <jb@wip.tu-berlin.de>
Central & South America,Oceania,Area_Rooftop_Residential,15547.51929,,km,Own calulation,20.07.2026,Julian Bornemann <jb@wip.tu-berlin.de>
China,Africa,Area_Rooftop_Residential,9102.089819,,km,Own calulation,20.07.2026,Julian Bornemann <jb@wip.tu-berlin.de>
China,Asia-Rest,Area_Rooftop_Residential,3073.234639,,km,Own calulation,20.07.2026,Julian Bornemann <jb@wip.tu-berlin.de>
China,Central & South America,Area_Rooftop_Residential,16782.15593,,km,Own calulation,20.07.2026,Julian Bornemann <jb@wip.tu-berlin.de>
China,Europe,Area_Rooftop_Residential,6852.235455,,km,Own calulation,20.07.2026,Julian Bornemann <jb@wip.tu-berlin.de>
China,FSU,Area_Rooftop_Residential,2521.363399,,km,Own calulation,20.07.2026,Julian Bornemann <jb@wip.tu-berlin.de>
China,India,Area_Rooftop_Residential,2757.710221,,km,Own calulation,20.07.2026,Julian Bornemann <jb@wip.tu-berlin.de>
China,Japan + Republic of Korea,Area_Rooftop_Residential,2911.301733,,km,Own calulation,20.07.2026,Julian Bornemann <jb@wip.tu-berlin.de>
China,Middle East,Area_Rooftop_Residential,4759.676467,,km,Own calulation,20.07.2026,Julian Bornemann <jb@wip.tu-berlin.de>
China,North America,Area_Rooftop_Residential,10378.28708,,km,Own calulation,20.07.2026,Julian Bornemann <jb@wip.tu-berlin.de>
China,Oceania,Area_Rooftop_Residential,7672.255997,,km,Own calulation,20.07.2026,Julian Bornemann <jb@wip.tu-berlin.de>
Europe,Africa,Area_Rooftop_Residential,4729.362996,,km,Own calulation,20.07.2026,Julian Bornemann <jb@wip.tu-berlin.de>
Europe,Asia-Rest,Area_Rooftop_Residential,9357.778653,,km,Own calulation,20.07.2026,Julian Bornemann <jb@wip.tu-berlin.de>
Europe,Central & South America,Area_Rooftop_Residential,9992.18997,,km,Own calulation,20.07.2026,Julian Bornemann <jb@wip.tu-berlin.de>
Europe,China,Area_Rooftop_Residential,6852.235455,,km,Own calulation,20.07.2026,Julian Bornemann <jb@wip.tu-berlin.de>
Europe,FSU,Area_Rooftop_Residential,4623.134493,,km,Own calulation,20.07.2026,Julian Bornemann <jb@wip.tu-berlin.de>
Europe,India,Area_Rooftop_Residential,6271.833761,,km,Own calulation,20.07.2026,Julian Bornemann <jb@wip.tu-berlin.de>
Europe,Japan + Republic of Korea,Area_Rooftop_Residential,8826.835866,,km,Own calulation,20.07.2026,Julian Bornemann <jb@wip.tu-berlin.de>
Europe,Middle East,Area_Rooftop_Residential,3929.60841,,km,Own calulation,20.07.2026,Julian Bornemann <jb@wip.tu-berlin.de>
Europe,North America,Area_Rooftop_Residential,7508.50222,,km,Own calulation,20.07.2026,Julian Bornemann <jb@wip.tu-berlin.de>
Europe,Oceania,Area_Rooftop_Residential,14233.59643,,km,Own calulation,20.07.2026,Julian Bornemann <jb@wip.tu-berlin.de>
FSU,Africa,Area_Rooftop_Residential,8074.947493,,km,Own calulation,20.07.2026,Julian Bornemann <jb@wip.tu-berlin.de>
FSU,Asia-Rest,Area_Rooftop_Residential,5547.799376,,km,Own calulation,20.07.2026,Julian Bornemann <jb@wip.tu-berlin.de>
FSU,Central & South America,Area_Rooftop_Residential,14293.65694,,km,Own calulation,20.07.2026,Julian Bornemann <jb@wip.tu-berlin.de>
FSU,China,Area_Rooftop_Residential,2521.363399,,km,Own calulation,20.07.2026,Julian Bornemann <jb@wip.tu-berlin.de>
FSU,Europe,Area_Rooftop_Residential,4623.134493,,km,Own calulation,20.07.2026,Julian Bornemann <jb@wip.tu-berlin.de>
FSU,India,Area_Rooftop_Residential,3837.865868,,km,Own calulation,20.07.2026,Julian Bornemann <jb@wip.tu-berlin.de>
FSU,Japan + Republic of Korea,Area_Rooftop_Residential,4250.976952,,km,Own calulation,20.07.2026,Julian Bornemann <jb@wip.tu-berlin.de>
FSU,Middle East,Area_Rooftop_Residential,4132.502748,,km,Own calulation,20.07.2026,Julian Bornemann <jb@wip.tu-berlin.de>
FSU,North America,Area_Rooftop_Residential,8399.02516,,km,Own calulation,20.07.2026,Julian Bornemann <jb@wip.tu-berlin.de>
FSU,Oceania,Area_Rooftop_Residential,10175.17743,,km,Own calulation,20.07.2026,Julian Bornemann <jb@wip.tu-berlin.de>
India,Africa,Area_Rooftop_Residential,6783.819556,,km,Own calulation,20.07.2026,Julian Bornemann <jb@wip.tu-berlin.de>
India,Asia-Rest,Area_Rooftop_Residential,3305.882699,,km,Own calulation,20.07.2026,Julian Bornemann <jb@wip.tu-berlin.de>
India,Central & South America,Area_Rooftop_Residential,15592.11016,,km,Own calulation,20.07.2026,Julian Bornemann <jb@wip.tu-berlin.de>
India,China,Area_Rooftop_Residential,2757.710221,,km,Own calulation,20.07.2026,Julian Bornemann <jb@wip.tu-berlin.de>
India,Europe,Area_Rooftop_Residential,6271.833761,,km,Own calulation,20.07.2026,Julian Bornemann <jb@wip.tu-berlin.de>
India,FSU,Area_Rooftop_Residential,3837.865868,,km,Own calulation,20.07.2026,Julian Bornemann <jb@wip.tu-berlin.de>
India,Japan + Republic of Korea,Area_Rooftop_Residential,5583.267342,,km,Own calulation,20.07.2026,Julian Bornemann <jb@wip.tu-berlin.de>
India,Middle East,Area_Rooftop_Residential,2761.847935,,km,Own calulation,20.07.2026,Julian Bornemann <jb@wip.tu-berlin.de>
India,North America,Area_Rooftop_Residential,12199.49225,,km,Own calulation,20.07.2026,Julian Bornemann <jb@wip.tu-berlin.de>
India,Oceania,Area_Rooftop_Residential,8007.382799,,km,Own calulation,20.07.2026,Julian Bornemann <jb@wip.tu-berlin.de>
Japan + Republic of Korea,Africa,Area_Rooftop_Residential,11953.10263,,km,Own calulation,20.07.2026,Julian Bornemann <jb@wip.tu-berlin.de>
Japan + Republic of Korea,Asia-Rest,Area_Rooftop_Residential,4150.842264,,km,Own calulation,20.07.2026,Julian Bornemann <jb@wip.tu-berlin.de>
Japan + Republic of Korea,Central & South America,Area_Rooftop_Residential,16875.34825,,km,Own calulation,20.07.2026,Julian Bornemann <jb@wip.tu-berlin.de>
Japan + Republic of Korea,China,Area_Rooftop_Residential,2911.301733,,km,Own calulation,20.07.2026,Julian Bornemann <jb@wip.tu-berlin.de>
Japan + Republic of Korea,Europe,Area_Rooftop_Residential,8826.835866,,km,Own calulation,20.07.2026,Julian Bornemann <jb@wip.tu-berlin.de>
Japan + Republic of Korea,FSU,Area_Rooftop_Residential,4250.976952,,km,Own calulation,20.07.2026,Julian Bornemann <jb@wip.tu-berlin.de>
Japan + Republic of Korea,India,Area_Rooftop_Residential,5583.267342,,km,Own calulation,20.07.2026,Julian Bornemann <jb@wip.tu-berlin.de>
Japan + Republic of Korea,Middle East,Area_Rooftop_Residential,7620.153303,,km,Own calulation,20.07.2026,Julian Bornemann <jb@wip.tu-berlin.de>
Japan + Republic of Korea,North America,Area_Rooftop_Residential,9223.299405,,km,Own calulation,20.07.2026,Julian Bornemann <jb@wip.tu-berlin.de>
Japan + Republic of Korea,Oceania,Area_Rooftop_Residential,6859.546762,,km,Own calulation,20.07.2026,Julian Bornemann <jb@wip.tu-berlin.de>
Middle East,Africa,Area_Rooftop_Residential,4343.732131,,km,Own calulation,20.07.2026,Julian Bornemann <jb@wip.tu-berlin.de>
Middle East,Asia-Rest,Area_Rooftop_Residential,6065.803234,,km,Own calulation,20.07.2026,Julian Bornemann <jb@wip.tu-berlin.de>
Middle East,Central & South America,Area_Rooftop_Residential,12861.11677,,km,Own calulation,20.07.2026,Julian Bornemann <jb@wip.tu-berlin.de>
Middle East,China,Area_Rooftop_Residential,4759.676467,,km,Own calulation,20.07.2026,Julian Bornemann <jb@wip.tu-berlin.de>
Middle East,Europe,Area_Rooftop_Residential,3929.60841,,km,Own calulation,20.07.2026,Julian Bornemann <jb@wip.tu-berlin.de>
Middle East,FSU,Area_Rooftop_Residential,4132.502748,,km,Own calulation,20.07.2026,Julian Bornemann <jb@wip.tu-berlin.de>
Middle East,India,Area_Rooftop_Residential,2761.847935,,km,Own calulation,20.07.2026,Julian Bornemann <jb@wip.tu-berlin.de>
Middle East,Japan + Republic of Korea,Area_Rooftop_Residential,7620.153303,,km,Own calulation,20.07.2026,Julian Bornemann <jb@wip.tu-berlin.de>
Middle East,North America,Area_Rooftop_Residential,11092.46665,,km,Own calulation,20.07.2026,Julian Bornemann <jb@wip.tu-berlin.de>
Middle East,Oceania,Area_Rooftop_Residential,10622.14299,,km,Own calulation,20.07.2026,Julian Bornemann <jb@wip.tu-berlin.de>
North America,Africa,Area_Rooftop_Residential,11379.1441,,km,Own calulation,20.07.2026,Julian Bornemann <jb@wip.tu-berlin.de>
North America,Asia-Rest,Area_Rooftop_Residential,13170.39014,,km,Own calulation,20.07.2026,Julian Bornemann <jb@wip.tu-berlin.de>
North America,Central & South America,Area_Rooftop_Residential,7652.175283,,km,Own calulation,20.07.2026,Julian Bornemann <jb@wip.tu-berlin.de>
North America,China,Area_Rooftop_Residential,10378.28708,,km,Own calulation,20.07.2026,Julian Bornemann <jb@wip.tu-berlin.de>
North America,Europe,Area_Rooftop_Residential,7508.50222,,km,Own calulation,20.07.2026,Julian Bornemann <jb@wip.tu-berlin.de>
North America,FSU,Area_Rooftop_Residential,8399.02516,,km,Own calulation,20.07.2026,Julian Bornemann <jb@wip.tu-berlin.de>
North America,India,Area_Rooftop_Residential,12199.49225,,km,Own calulation,20.07.2026,Julian Bornemann <jb@wip.tu-berlin.de>
North America,Japan + Republic of Korea,Area_Rooftop_Residential,9223.299405,,km,Own calulation,20.07.2026,Julian Bornemann <jb@wip.tu-berlin.de>
North America,Middle East,Area_Rooftop_Residential,11092.46665,,km,Own calulation,20.07.2026,Julian Bornemann <jb@wip.tu-berlin.de>
North America,Oceania,Area_Rooftop_Residential,14757.4025,,km,Own calulation,20.07.2026,Julian Bornemann <jb@wip.tu-berlin.de>
Oceania,Africa,Area_Rooftop_Residential,13028.48755,,km,Own calulation,20.07.2026,Julian Bornemann <jb@wip.tu-berlin.de>
Oceania,Asia-Rest,Area_Rooftop_Residential,4887.189586,,km,Own calulation,20.07.2026,Julian Bornemann <jb@wip.tu-berlin.de>
Oceania,Central & South America,Area_Rooftop_Residential,15547.51929,,km,Own calulation,20.07.2026,Julian Bornemann <jb@wip.tu-berlin.de>
Oceania,China,Area_Rooftop_Residential,7672.255997,,km,Own calulation,20.07.2026,Julian Bornemann <jb@wip.tu-berlin.de>
Oceania,Europe,Area_Rooftop_Residential,14233.59643,,km,Own calulation,20.07.2026,Julian Bornemann <jb@wip.tu-berlin.de>
Oceania,FSU,Area_Rooftop_Residential,10175.17743,,km,Own calulation,20.07.2026,Julian Bornemann <jb@wip.tu-berlin.de>
Oceania,India,Area_Rooftop_Residential,8007.382799,,km,Own calulation,20.07.2026,Julian Bornemann <jb@wip.tu-berlin.de>
Oceania,Japan + Republic of Korea,Area_Rooftop_Residential,6859.546762,,km,Own calulation,20.07.2026,Julian Bornemann <jb@wip.tu-berlin.de>
Oceania,Middle East,Area_Rooftop_Residential,10622.14299,,km,Own calulation,20.07.2026,Julian Bornemann <jb@wip.tu-berlin.de>
Oceania,North America,Area_Rooftop_Residential,14757.4025,,km,Own calulation,20.07.2026,Julian Bornemann <jb@wip.tu-berlin.de>
Africa,Asia-Rest,Biofuel,9800.597366,,km,Own calulation,20.07.2026,Julian Bornemann <jb@wip.tu-berlin.de>
Africa,Central & South America,Biofuel,8904.563084,,km,Own calulation,20.07.2026,Julian Bornemann <jb@wip.tu-berlin.de>
Africa,China,Biofuel,9102.089819,,km,Own calulation,20.07.2026,Julian Bornemann <jb@wip.tu-berlin.de>
Africa,Europe,Biofuel,4729.362996,,km,Own calulation,20.07.2026,Julian Bornemann <jb@wip.tu-berlin.de>
Africa,FSU,Biofuel,8074.947493,,km,Own calulation,20.07.2026,Julian Bornemann <jb@wip.tu-berlin.de>
Africa,India,Biofuel,6783.819556,,km,Own calulation,20.07.2026,Julian Bornemann <jb@wip.tu-berlin.de>
Africa,Japan + Republic of Korea,Biofuel,11953.10263,,km,Own calulation,20.07.2026,Julian Bornemann <jb@wip.tu-berlin.de>
Africa,Middle East,Biofuel,4343.732131,,km,Own calulation,20.07.2026,Julian Bornemann <jb@wip.tu-berlin.de>
Africa,North America,Biofuel,11379.1441,,km,Own calulation,20.07.2026,Julian Bornemann <jb@wip.tu-berlin.de>
Africa,Oceania,Biofuel,13028.48755,,km,Own calulation,20.07.2026,Julian Bornemann <jb@wip.tu-berlin.de>
Asia-Rest,Africa,Biofuel,9800.597366,,km,Own calulation,20.07.2026,Julian Bornemann <jb@wip.tu-berlin.de>
Asia-Rest,Central & South America,Biofuel,18620.87487,,km,Own calulation,20.07.2026,Julian Bornemann <jb@wip.tu-berlin.de>
Asia-Rest,China,Biofuel,3073.234639,,km,Own calulation,20.07.2026,Julian Bornemann <jb@wip.tu-berlin.de>
Asia-Rest,Europe,Biofuel,9357.778653,,km,Own calulation,20.07.2026,Julian Bornemann <jb@wip.tu-berlin.de>
Asia-Rest,FSU,Biofuel,5547.799376,,km,Own calulation,20.07.2026,Julian Bornemann <jb@wip.tu-berlin.de>
Asia-Rest,India,Biofuel,3305.882699,,km,Own calulation,20.07.2026,Julian Bornemann <jb@wip.tu-berlin.de>
Asia-Rest,Japan + Republic of Korea,Biofuel,4150.842264,,km,Own calulation,20.07.2026,Julian Bornemann <jb@wip.tu-berlin.de>
Asia-Rest,Middle East,Biofuel,6065.803234,,km,Own calulation,20.07.2026,Julian Bornemann <jb@wip.tu-berlin.de>
Asia-Rest,North America,Biofuel,13170.39014,,km,Own calulation,20.07.2026,Julian Bornemann <jb@wip.tu-berlin.de>
Asia-Rest,Oceania,Biofuel,4887.189586,,km,Own calulation,20.07.2026,Julian Bornemann <jb@wip.tu-berlin.de>
Central & South America,Africa,Biofuel,8904.563084,,km,Own calulation,20.07.2026,Julian Bornemann <jb@wip.tu-berlin.de>
Central & South America,Asia-Rest,Biofuel,18620.87487,,km,Own calulation,20.07.2026,Julian Bornemann <jb@wip.tu-berlin.de>
Central & South America,China,Biofuel,16782.15593,,km,Own calulation,20.07.2026,Julian Bornemann <jb@wip.tu-berlin.de>
Central & South America,Europe,Biofuel,9992.18997,,km,Own calulation,20.07.2026,Julian Bornemann <jb@wip.tu-berlin.de>
Central & South America,FSU,Biofuel,14293.65694,,km,Own calulation,20.07.2026,Julian Bornemann <jb@wip.tu-berlin.de>
Central & South America,India,Biofuel,15592.11016,,km,Own calulation,20.07.2026,Julian Bornemann <jb@wip.tu-berlin.de>
Central & South America,Japan + Republic of Korea,Biofuel,16875.34825,,km,Own calulation,20.07.2026,Julian Bornemann <jb@wip.tu-berlin.de>
Central & South America,Middle East,Biofuel,12861.11677,,km,Own calulation,20.07.2026,Julian Bornemann <jb@wip.tu-berlin.de>
Central & South America,North America,Biofuel,7652.175283,,km,Own calulation,20.07.2026,Julian Bornemann <jb@wip.tu-berlin.de>
Central & South America,Oceania,Biofuel,15547.51929,,km,Own calulation,20.07.2026,Julian Bornemann <jb@wip.tu-berlin.de>
China,Africa,Biofuel,9102.089819,,km,Own calulation,20.07.2026,Julian Bornemann <jb@wip.tu-berlin.de>
China,Asia-Rest,Biofuel,3073.234639,,km,Own calulation,20.07.2026,Julian Bornemann <jb@wip.tu-berlin.de>
China,Central & South America,Biofuel,16782.15593,,km,Own calulation,20.07.2026,Julian Bornemann <jb@wip.tu-berlin.de>
China,Europe,Biofuel,6852.235455,,km,Own calulation,20.07.2026,Julian Bornemann <jb@wip.tu-berlin.de>
China,FSU,Biofuel,2521.363399,,km,Own calulation,20.07.2026,Julian Bornemann <jb@wip.tu-berlin.de>
China,India,Biofuel,2757.710221,,km,Own calulation,20.07.2026,Julian Bornemann <jb@wip.tu-berlin.de>
China,Japan + Republic of Korea,Biofuel,2911.301733,,km,Own calulation,20.07.2026,Julian Bornemann <jb@wip.tu-berlin.de>
China,Middle East,Biofuel,4759.676467,,km,Own calulation,20.07.2026,Julian Bornemann <jb@wip.tu-berlin.de>
China,North America,Biofuel,10378.28708,,km,Own calulation,20.07.2026,Julian Bornemann <jb@wip.tu-berlin.de>
China,Oceania,Biofuel,7672.255997,,km,Own calulation,20.07.2026,Julian Bornemann <jb@wip.tu-berlin.de>
Europe,Africa,Biofuel,4729.362996,,km,Own calulation,20.07.2026,Julian Bornemann <jb@wip.tu-berlin.de>
Europe,Asia-Rest,Biofuel,9357.778653,,km,Own calulation,20.07.2026,Julian Bornemann <jb@wip.tu-berlin.de>
Europe,Central & South America,Biofuel,9992.18997,,km,Own calulation,20.07.2026,Julian Bornemann <jb@wip.tu-berlin.de>
Europe,China,Biofuel,6852.235455,,km,Own calulation,20.07.2026,Julian Bornemann <jb@wip.tu-berlin.de>
Europe,FSU,Biofuel,4623.134493,,km,Own calulation,20.07.2026,Julian Bornemann <jb@wip.tu-berlin.de>
Europe,India,Biofuel,6271.833761,,km,Own calulation,20.07.2026,Julian Bornemann <jb@wip.tu-berlin.de>
Europe,Japan + Republic of Korea,Biofuel,8826.835866,,km,Own calulation,20.07.2026,Julian Bornemann <jb@wip.tu-berlin.de>
Europe,Middle East,Biofuel,3929.60841,,km,Own calulation,20.07.2026,Julian Bornemann <jb@wip.tu-berlin.de>
Europe,North America,Biofuel,7508.50222,,km,Own calulation,20.07.2026,Julian Bornemann <jb@wip.tu-berlin.de>
Europe,Oceania,Biofuel,14233.59643,,km,Own calulation,20.07.2026,Julian Bornemann <jb@wip.tu-berlin.de>
FSU,Africa,Biofuel,8074.947493,,km,Own calulation,20.07.2026,Julian Bornemann <jb@wip.tu-berlin.de>
FSU,Asia-Rest,Biofuel,5547.799376,,km,Own calulation,20.07.2026,Julian Bornemann <jb@wip.tu-berlin.de>
FSU,Central & South America,Biofuel,14293.65694,,km,Own calulation,20.07.2026,Julian Bornemann <jb@wip.tu-berlin.de>
FSU,China,Biofuel,2521.363399,,km,Own calulation,20.07.2026,Julian Bornemann <jb@wip.tu-berlin.de>
FSU,Europe,Biofuel,4623.134493,,km,Own calulation,20.07.2026,Julian Bornemann <jb@wip.tu-berlin.de>
FSU,India,Biofuel,3837.865868,,km,Own calulation,20.07.2026,Julian Bornemann <jb@wip.tu-berlin.de>
FSU,Japan + Republic of Korea,Biofuel,4250.976952,,km,Own calulation,20.07.2026,Julian Bornemann <jb@wip.tu-berlin.de>
FSU,Middle East,Biofuel,4132.502748,,km,Own calulation,20.07.2026,Julian Bornemann <jb@wip.tu-berlin.de>
FSU,North America,Biofuel,8399.02516,,km,Own calulation,20.07.2026,Julian Bornemann <jb@wip.tu-berlin.de>
FSU,Oceania,Biofuel,10175.17743,,km,Own calulation,20.07.2026,Julian Bornemann <jb@wip.tu-berlin.de>
India,Africa,Biofuel,6783.819556,,km,Own calulation,20.07.2026,Julian Bornemann <jb@wip.tu-berlin.de>
India,Asia-Rest,Biofuel,3305.882699,,km,Own calulation,20.07.2026,Julian Bornemann <jb@wip.tu-berlin.de>
India,Central & South America,Biofuel,15592.11016,,km,Own calulation,20.07.2026,Julian Bornemann <jb@wip.tu-berlin.de>
India,China,Biofuel,2757.710221,,km,Own calulation,20.07.2026,Julian Bornemann <jb@wip.tu-berlin.de>
India,Europe,Biofuel,6271.833761,,km,Own calulation,20.07.2026,Julian Bornemann <jb@wip.tu-berlin.de>
India,FSU,Biofuel,3837.865868,,km,Own calulation,20.07.2026,Julian Bornemann <jb@wip.tu-berlin.de>
India,Japan + Republic of Korea,Biofuel,5583.267342,,km,Own calulation,20.07.2026,Julian Bornemann <jb@wip.tu-berlin.de>
India,Middle East,Biofuel,2761.847935,,km,Own calulation,20.07.2026,Julian Bornemann <jb@wip.tu-berlin.de>
India,North America,Biofuel,12199.49225,,km,Own calulation,20.07.2026,Julian Bornemann <jb@wip.tu-berlin.de>
India,Oceania,Biofuel,8007.382799,,km,Own calulation,20.07.2026,Julian Bornemann <jb@wip.tu-berlin.de>
Japan + Republic of Korea,Africa,Biofuel,11953.10263,,km,Own calulation,20.07.2026,Julian Bornemann <jb@wip.tu-berlin.de>
Japan + Republic of Korea,Asia-Rest,Biofuel,4150.842264,,km,Own calulation,20.07.2026,Julian Bornemann <jb@wip.tu-berlin.de>
Japan + Republic of Korea,Central & South America,Biofuel,16875.34825,,km,Own calulation,20.07.2026,Julian Bornemann <jb@wip.tu-berlin.de>
Japan + Republic of Korea,China,Biofuel,2911.301733,,km,Own calulation,20.07.2026,Julian Bornemann <jb@wip.tu-berlin.de>
Japan + Republic of Korea,Europe,Biofuel,8826.835866,,km,Own calulation,20.07.2026,Julian Bornemann <jb@wip.tu-berlin.de>
Japan + Republic of Korea,FSU,Biofuel,4250.976952,,km,Own calulation,20.07.2026,Julian Bornemann <jb@wip.tu-berlin.de>
Japan + Republic of Korea,India,Biofuel,5583.267342,,km,Own calulation,20.07.2026,Julian Bornemann <jb@wip.tu-berlin.de>
Japan + Republic of Korea,Middle East,Biofuel,7620.153303,,km,Own calulation,20.07.2026,Julian Bornemann <jb@wip.tu-berlin.de>
Japan + Republic of Korea,North America,Biofuel,9223.299405,,km,Own calulation,20.07.2026,Julian Bornemann <jb@wip.tu-berlin.de>
Japan + Republic of Korea,Oceania,Biofuel,6859.546762,,km,Own calulation,20.07.2026,Julian Bornemann <jb@wip.tu-berlin.de>
Middle East,Africa,Biofuel,4343.732131,,km,Own calulation,20.07.2026,Julian Bornemann <jb@wip.tu-berlin.de>
Middle East,Asia-Rest,Biofuel,6065.803234,,km,Own calulation,20.07.2026,Julian Bornemann <jb@wip.tu-berlin.de>
Middle East,Central & South America,Biofuel,12861.11677,,km,Own calulation,20.07.2026,Julian Bornemann <jb@wip.tu-berlin.de>
Middle East,China,Biofuel,4759.676467,,km,Own calulation,20.07.2026,Julian Bornemann <jb@wip.tu-berlin.de>
Middle East,Europe,Biofuel,3929.60841,,km,Own calulation,20.07.2026,Julian Bornemann <jb@wip.tu-berlin.de>
Middle East,FSU,Biofuel,4132.502748,,km,Own calulation,20.07.2026,Julian Bornemann <jb@wip.tu-berlin.de>
Middle East,India,Biofuel,2761.847935,,km,Own calulation,20.07.2026,Julian Bornemann <jb@wip.tu-berlin.de>
Middle East,Japan + Republic of Korea,Biofuel,7620.153303,,km,Own calulation,20.07.2026,Julian Bornemann <jb@wip.tu-berlin.de>
Middle East,North America,Biofuel,11092.46665,,km,Own calulation,20.07.2026,Julian Bornemann <jb@wip.tu-berlin.de>
Middle East,Oceania,Biofuel,10622.14299,,km,Own calulation,20.07.2026,Julian Bornemann <jb@wip.tu-berlin.de>
North America,Africa,Biofuel,11379.1441,,km,Own calulation,20.07.2026,Julian Bornemann <jb@wip.tu-berlin.de>
North America,Asia-Rest,Biofuel,13170.39014,,km,Own calulation,20.07.2026,Julian Bornemann <jb@wip.tu-berlin.de>
North America,Central & South America,Biofuel,7652.175283,,km,Own calulation,20.07.2026,Julian Bornemann <jb@wip.tu-berlin.de>
North America,China,Biofuel,10378.28708,,km,Own calulation,20.07.2026,Julian Bornemann <jb@wip.tu-berlin.de>
North America,Europe,Biofuel,7508.50222,,km,Own calulation,20.07.2026,Julian Bornemann <jb@wip.tu-berlin.de>
North America,FSU,Biofuel,8399.02516,,km,Own calulation,20.07.2026,Julian Bornemann <jb@wip.tu-berlin.de>
North America,India,Biofuel,12199.49225,,km,Own calulation,20.07.2026,Julian Bornemann <jb@wip.tu-berlin.de>
North America,Japan + Republic of Korea,Biofuel,9223.299405,,km,Own calulation,20.07.2026,Julian Bornemann <jb@wip.tu-berlin.de>
North America,Middle East,Biofuel,11092.46665,,km,Own calulation,20.07.2026,Julian Bornemann <jb@wip.tu-berlin.de>
North America,Oceania,Biofuel,14757.4025,,km,Own calulation,20.07.2026,Julian Bornemann <jb@wip.tu-berlin.de>
Oceania,Africa,Biofuel,13028.48755,,km,Own calulation,20.07.2026,Julian Bornemann <jb@wip.tu-berlin.de>
Oceania,Asia-Rest,Biofuel,4887.189586,,km,Own calulation,20.07.2026,Julian Bornemann <jb@wip.tu-berlin.de>
Oceania,Central & South America,Biofuel,15547.51929,,km,Own calulation,20.07.2026,Julian Bornemann <jb@wip.tu-berlin.de>
Oceania,China,Biofuel,7672.255997,,km,Own calulation,20.07.2026,Julian Bornemann <jb@wip.tu-berlin.de>
Oceania,Europe,Biofuel,14233.59643,,km,Own calulation,20.07.2026,Julian Bornemann <jb@wip.tu-berlin.de>
Oceania,FSU,Biofuel,10175.17743,,km,Own calulation,20.07.2026,Julian Bornemann <jb@wip.tu-berlin.de>
Oceania,India,Biofuel,8007.382799,,km,Own calulation,20.07.2026,Julian Bornemann <jb@wip.tu-berlin.de>
Oceania,Japan + Republic of Korea,Biofuel,6859.546762,,km,Own calulation,20.07.2026,Julian Bornemann <jb@wip.tu-berlin.de>
Oceania,Middle East,Biofuel,10622.14299,,km,Own calulation,20.07.2026,Julian Bornemann <jb@wip.tu-berlin.de>
Oceania,North America,Biofuel,14757.4025,,km,Own calulation,20.07.2026,Julian Bornemann <jb@wip.tu-berlin.de>
Africa,Asia-Rest,Biomass,9800.597366,,km,Own calulation,20.07.2026,Julian Bornemann <jb@wip.tu-berlin.de>
Africa,Central & South America,Biomass,8904.563084,,km,Own calulation,20.07.2026,Julian Bornemann <jb@wip.tu-berlin.de>
Africa,China,Biomass,9102.089819,,km,Own calulation,20.07.2026,Julian Bornemann <jb@wip.tu-berlin.de>
Africa,Europe,Biomass,4729.362996,,km,Own calulation,20.07.2026,Julian Bornemann <jb@wip.tu-berlin.de>
Africa,FSU,Biomass,8074.947493,,km,Own calulation,20.07.2026,Julian Bornemann <jb@wip.tu-berlin.de>
Africa,India,Biomass,6783.819556,,km,Own calulation,20.07.2026,Julian Bornemann <jb@wip.tu-berlin.de>
Africa,Japan + Republic of Korea,Biomass,11953.10263,,km,Own calulation,20.07.2026,Julian Bornemann <jb@wip.tu-berlin.de>
Africa,Middle East,Biomass,4343.732131,,km,Own calulation,20.07.2026,Julian Bornemann <jb@wip.tu-berlin.de>
Africa,North America,Biomass,11379.1441,,km,Own calulation,20.07.2026,Julian Bornemann <jb@wip.tu-berlin.de>
Africa,Oceania,Biomass,13028.48755,,km,Own calulation,20.07.2026,Julian Bornemann <jb@wip.tu-berlin.de>
Asia-Rest,Africa,Biomass,9800.597366,,km,Own calulation,20.07.2026,Julian Bornemann <jb@wip.tu-berlin.de>
Asia-Rest,Central & South America,Biomass,18620.87487,,km,Own calulation,20.07.2026,Julian Bornemann <jb@wip.tu-berlin.de>
Asia-Rest,China,Biomass,3073.234639,,km,Own calulation,20.07.2026,Julian Bornemann <jb@wip.tu-berlin.de>
Asia-Rest,Europe,Biomass,9357.778653,,km,Own calulation,20.07.2026,Julian Bornemann <jb@wip.tu-berlin.de>
Asia-Rest,FSU,Biomass,5547.799376,,km,Own calulation,20.07.2026,Julian Bornemann <jb@wip.tu-berlin.de>
Asia-Rest,India,Biomass,3305.882699,,km,Own calulation,20.07.2026,Julian Bornemann <jb@wip.tu-berlin.de>
Asia-Rest,Japan + Republic of Korea,Biomass,4150.842264,,km,Own calulation,20.07.2026,Julian Bornemann <jb@wip.tu-berlin.de>
Asia-Rest,Middle East,Biomass,6065.803234,,km,Own calulation,20.07.2026,Julian Bornemann <jb@wip.tu-berlin.de>
Asia-Rest,North America,Biomass,13170.39014,,km,Own calulation,20.07.2026,Julian Bornemann <jb@wip.tu-berlin.de>
Asia-Rest,Oceania,Biomass,4887.189586,,km,Own calulation,20.07.2026,Julian Bornemann <jb@wip.tu-berlin.de>
Central & South America,Africa,Biomass,8904.563084,,km,Own calulation,20.07.2026,Julian Bornemann <jb@wip.tu-berlin.de>
Central & South America,Asia-Rest,Biomass,18620.87487,,km,Own calulation,20.07.2026,Julian Bornemann <jb@wip.tu-berlin.de>
Central & South America,China,Biomass,16782.15593,,km,Own calulation,20.07.2026,Julian Bornemann <jb@wip.tu-berlin.de>
Central & South America,Europe,Biomass,9992.18997,,km,Own calulation,20.07.2026,Julian Bornemann <jb@wip.tu-berlin.de>
Central & South America,FSU,Biomass,14293.65694,,km,Own calulation,20.07.2026,Julian Bornemann <jb@wip.tu-berlin.de>
Central & South America,India,Biomass,15592.11016,,km,Own calulation,20.07.2026,Julian Bornemann <jb@wip.tu-berlin.de>
Central & South America,Japan + Republic of Korea,Biomass,16875.34825,,km,Own calulation,20.07.2026,Julian Bornemann <jb@wip.tu-berlin.de>
Central & South America,Middle East,Biomass,12861.11677,,km,Own calulation,20.07.2026,Julian Bornemann <jb@wip.tu-berlin.de>
Central & South America,North America,Biomass,7652.175283,,km,Own calulation,20.07.2026,Julian Bornemann <jb@wip.tu-berlin.de>
Central & South America,Oceania,Biomass,15547.51929,,km,Own calulation,20.07.2026,Julian Bornemann <jb@wip.tu-berlin.de>
China,Africa,Biomass,9102.089819,,km,Own calulation,20.07.2026,Julian Bornemann <jb@wip.tu-berlin.de>
China,Asia-Rest,Biomass,3073.234639,,km,Own calulation,20.07.2026,Julian Bornemann <jb@wip.tu-berlin.de>
China,Central & South America,Biomass,16782.15593,,km,Own calulation,20.07.2026,Julian Bornemann <jb@wip.tu-berlin.de>
China,Europe,Biomass,6852.235455,,km,Own calulation,20.07.2026,Julian Bornemann <jb@wip.tu-berlin.de>
China,FSU,Biomass,2521.363399,,km,Own calulation,20.07.2026,Julian Bornemann <jb@wip.tu-berlin.de>
China,India,Biomass,2757.710221,,km,Own calulation,20.07.2026,Julian Bornemann <jb@wip.tu-berlin.de>
China,Japan + Republic of Korea,Biomass,2911.301733,,km,Own calulation,20.07.2026,Julian Bornemann <jb@wip.tu-berlin.de>
China,Middle East,Biomass,4759.676467,,km,Own calulation,20.07.2026,Julian Bornemann <jb@wip.tu-berlin.de>
China,North America,Biomass,10378.28708,,km,Own calulation,20.07.2026,Julian Bornemann <jb@wip.tu-berlin.de>
China,Oceania,Biomass,7672.255997,,km,Own calulation,20.07.2026,Julian Bornemann <jb@wip.tu-berlin.de>
Europe,Africa,Biomass,4729.362996,,km,Own calulation,20.07.2026,Julian Bornemann <jb@wip.tu-berlin.de>
Europe,Asia-Rest,Biomass,9357.778653,,km,Own calulation,20.07.2026,Julian Bornemann <jb@wip.tu-berlin.de>
Europe,Central & South America,Biomass,9992.18997,,km,Own calulation,20.07.2026,Julian Bornemann <jb@wip.tu-berlin.de>
Europe,China,Biomass,6852.235455,,km,Own calulation,20.07.2026,Julian Bornemann <jb@wip.tu-berlin.de>
Europe,FSU,Biomass,4623.134493,,km,Own calulation,20.07.2026,Julian Bornemann <jb@wip.tu-berlin.de>
Europe,India,Biomass,6271.833761,,km,Own calulation,20.07.2026,Julian Bornemann <jb@wip.tu-berlin.de>
Europe,Japan + Republic of Korea,Biomass,8826.835866,,km,Own calulation,20.07.2026,Julian Bornemann <jb@wip.tu-berlin.de>
Europe,Middle East,Biomass,3929.60841,,km,Own calulation,20.07.2026,Julian Bornemann <jb@wip.tu-berlin.de>
Europe,North America,Biomass,7508.50222,,km,Own calulation,20.07.2026,Julian Bornemann <jb@wip.tu-berlin.de>
Europe,Oceania,Biomass,14233.59643,,km,Own calulation,20.07.2026,Julian Bornemann <jb@wip.tu-berlin.de>
FSU,Africa,Biomass,8074.947493,,km,Own calulation,20.07.2026,Julian Bornemann <jb@wip.tu-berlin.de>
FSU,Asia-Rest,Biomass,5547.799376,,km,Own calulation,20.07.2026,Julian Bornemann <jb@wip.tu-berlin.de>
FSU,Central & South America,Biomass,14293.65694,,km,Own calulation,20.07.2026,Julian Bornemann <jb@wip.tu-berlin.de>
FSU,China,Biomass,2521.363399,,km,Own calulation,20.07.2026,Julian Bornemann <jb@wip.tu-berlin.de>
FSU,Europe,Biomass,4623.134493,,km,Own calulation,20.07.2026,Julian Bornemann <jb@wip.tu-berlin.de>
FSU,India,Biomass,3837.865868,,km,Own calulation,20.07.2026,Julian Bornemann <jb@wip.tu-berlin.de>
FSU,Japan + Republic of Korea,Biomass,4250.976952,,km,Own calulation,20.07.2026,Julian Bornemann <jb@wip.tu-berlin.de>
FSU,Middle East,Biomass,4132.502748,,km,Own calulation,20.07.2026,Julian Bornemann <jb@wip.tu-berlin.de>
FSU,North America,Biomass,8399.02516,,km,Own calulation,20.07.2026,Julian Bornemann <jb@wip.tu-berlin.de>
FSU,Oceania,Biomass,10175.17743,,km,Own calulation,20.07.2026,Julian Bornemann <jb@wip.tu-berlin.de>
India,Africa,Biomass,6783.819556,,km,Own calulation,20.07.2026,Julian Bornemann <jb@wip.tu-berlin.de>
India,Asia-Rest,Biomass,3305.882699,,km,Own calulation,20.07.2026,Julian Bornemann <jb@wip.tu-berlin.de>
India,Central & South America,Biomass,15592.11016,,km,Own calulation,20.07.2026,Julian Bornemann <jb@wip.tu-berlin.de>
India,China,Biomass,2757.710221,,km,Own calulation,20.07.2026,Julian Bornemann <jb@wip.tu-berlin.de>
India,Europe,Biomass,6271.833761,,km,Own calulation,20.07.2026,Julian Bornemann <jb@wip.tu-berlin.de>
India,FSU,Biomass,3837.865868,,km,Own calulation,20.07.2026,Julian Bornemann <jb@wip.tu-berlin.de>
India,Japan + Republic of Korea,Biomass,5583.267342,,km,Own calulation,20.07.2026,Julian Bornemann <jb@wip.tu-berlin.de>
India,Middle East,Biomass,2761.847935,,km,Own calulation,20.07.2026,Julian Bornemann <jb@wip.tu-berlin.de>
India,North America,Biomass,12199.49225,,km,Own calulation,20.07.2026,Julian Bornemann <jb@wip.tu-berlin.de>
India,Oceania,Biomass,8007.382799,,km,Own calulation,20.07.2026,Julian Bornemann <jb@wip.tu-berlin.de>
Japan + Republic of Korea,Africa,Biomass,11953.10263,,km,Own calulation,20.07.2026,Julian Bornemann <jb@wip.tu-berlin.de>
Japan + Republic of Korea,Asia-Rest,Biomass,4150.842264,,km,Own calulation,20.07.2026,Julian Bornemann <jb@wip.tu-berlin.de>
Japan + Republic of Korea,Central & South America,Biomass,16875.34825,,km,Own calulation,20.07.2026,Julian Bornemann <jb@wip.tu-berlin.de>
Japan + Republic of Korea,China,Biomass,2911.301733,,km,Own calulation,20.07.2026,Julian Bornemann <jb@wip.tu-berlin.de>
Japan + Republic of Korea,Europe,Biomass,8826.835866,,km,Own calulation,20.07.2026,Julian Bornemann <jb@wip.tu-berlin.de>
Japan + Republic of Korea,FSU,Biomass,4250.976952,,km,Own calulation,20.07.2026,Julian Bornemann <jb@wip.tu-berlin.de>
Japan + Republic of Korea,India,Biomass,5583.267342,,km,Own calulation,20.07.2026,Julian Bornemann <jb@wip.tu-berlin.de>
Japan + Republic of Korea,Middle East,Biomass,7620.153303,,km,Own calulation,20.07.2026,Julian Bornemann <jb@wip.tu-berlin.de>
Japan + Republic of Korea,North America,Biomass,9223.299405,,km,Own calulation,20.07.2026,Julian Bornemann <jb@wip.tu-berlin.de>
Japan + Republic of Korea,Oceania,Biomass,6859.546762,,km,Own calulation,20.07.2026,Julian Bornemann <jb@wip.tu-berlin.de>
Middle East,Africa,Biomass,4343.732131,,km,Own calulation,20.07.2026,Julian Bornemann <jb@wip.tu-berlin.de>
Middle East,Asia-Rest,Biomass,6065.803234,,km,Own calulation,20.07.2026,Julian Bornemann <jb@wip.tu-berlin.de>
Middle East,Central & South America,Biomass,12861.11677,,km,Own calulation,20.07.2026,Julian Bornemann <jb@wip.tu-berlin.de>
Middle East,China,Biomass,4759.676467,,km,Own calulation,20.07.2026,Julian Bornemann <jb@wip.tu-berlin.de>
Middle East,Europe,Biomass,3929.60841,,km,Own calulation,20.07.2026,Julian Bornemann <jb@wip.tu-berlin.de>
Middle East,FSU,Biomass,4132.502748,,km,Own calulation,20.07.2026,Julian Bornemann <jb@wip.tu-berlin.de>
Middle East,India,Biomass,2761.847935,,km,Own calulation,20.07.2026,Julian Bornemann <jb@wip.tu-berlin.de>
Middle East,Japan + Republic of Korea,Biomass,7620.153303,,km,Own calulation,20.07.2026,Julian Bornemann <jb@wip.tu-berlin.de>
Middle East,North America,Biomass,11092.46665,,km,Own calulation,20.07.2026,Julian Bornemann <jb@wip.tu-berlin.de>
Middle East,Oceania,Biomass,10622.14299,,km,Own calulation,20.07.2026,Julian Bornemann <jb@wip.tu-berlin.de>
North America,Africa,Biomass,11379.1441,,km,Own calulation,20.07.2026,Julian Bornemann <jb@wip.tu-berlin.de>
North America,Asia-Rest,Biomass,13170.39014,,km,Own calulation,20.07.2026,Julian Bornemann <jb@wip.tu-berlin.de>
North America,Central & South America,Biomass,7652.175283,,km,Own calulation,20.07.2026,Julian Bornemann <jb@wip.tu-berlin.de>
North America,China,Biomass,10378.28708,,km,Own calulation,20.07.2026,Julian Bornemann <jb@wip.tu-berlin.de>
North America,Europe,Biomass,7508.50222,,km,Own calulation,20.07.2026,Julian Bornemann <jb@wip.tu-berlin.de>
North America,FSU,Biomass,8399.02516,,km,Own calulation,20.07.2026,Julian Bornemann <jb@wip.tu-berlin.de>
North America,India,Biomass,12199.49225,,km,Own calulation,20.07.2026,Julian Bornemann <jb@wip.tu-berlin.de>
North America,Japan + Republic of Korea,Biomass,9223.299405,,km,Own calulation,20.07.2026,Julian Bornemann <jb@wip.tu-berlin.de>
North America,Middle East,Biomass,11092.46665,,km,Own calulation,20.07.2026,Julian Bornemann <jb@wip.tu-berlin.de>
North America,Oceania,Biomass,14757.4025,,km,Own calulation,20.07.2026,Julian Bornemann <jb@wip.tu-berlin.de>
Oceania,Africa,Biomass,13028.48755,,km,Own calulation,20.07.2026,Julian Bornemann <jb@wip.tu-berlin.de>
Oceania,Asia-Rest,Biomass,4887.189586,,km,Own calulation,20.07.2026,Julian Bornemann <jb@wip.tu-berlin.de>
Oceania,Central & South America,Biomass,15547.51929,,km,Own calulation,20.07.2026,Julian Bornemann <jb@wip.tu-berlin.de>
Oceania,China,Biomass,7672.255997,,km,Own calulation,20.07.2026,Julian Bornemann <jb@wip.tu-berlin.de>
Oceania,Europe,Biomass,14233.59643,,km,Own calulation,20.07.2026,Julian Bornemann <jb@wip.tu-berlin.de>
Oceania,FSU,Biomass,10175.17743,,km,Own calulation,20.07.2026,Julian Bornemann <jb@wip.tu-berlin.de>
Oceania,India,Biomass,8007.382799,,km,Own calulation,20.07.2026,Julian Bornemann <jb@wip.tu-berlin.de>
Oceania,Japan + Republic of Korea,Biomass,6859.546762,,km,Own calulation,20.07.2026,Julian Bornemann <jb@wip.tu-berlin.de>
Oceania,Middle East,Biomass,10622.14299,,km,Own calulation,20.07.2026,Julian Bornemann <jb@wip.tu-berlin.de>
Oceania,North America,Biomass,14757.4025,,km,Own calulation,20.07.2026,Julian Bornemann <jb@wip.tu-berlin.de>
Africa,Asia-Rest,DAC_Dummy,9800.597366,,km,Own calulation,20.07.2026,Julian Bornemann <jb@wip.tu-berlin.de>
Africa,Central & South America,DAC_Dummy,8904.563084,,km,Own calulation,20.07.2026,Julian Bornemann <jb@wip.tu-berlin.de>
Africa,China,DAC_Dummy,9102.089819,,km,Own calulation,20.07.2026,Julian Bornemann <jb@wip.tu-berlin.de>
Africa,Europe,DAC_Dummy,4729.362996,,km,Own calulation,20.07.2026,Julian Bornemann <jb@wip.tu-berlin.de>
Africa,FSU,DAC_Dummy,8074.947493,,km,Own calulation,20.07.2026,Julian Bornemann <jb@wip.tu-berlin.de>
Africa,India,DAC_Dummy,6783.819556,,km,Own calulation,20.07.2026,Julian Bornemann <jb@wip.tu-berlin.de>
Africa,Japan + Republic of Korea,DAC_Dummy,11953.10263,,km,Own calulation,20.07.2026,Julian Bornemann <jb@wip.tu-berlin.de>
Africa,Middle East,DAC_Dummy,4343.732131,,km,Own calulation,20.07.2026,Julian Bornemann <jb@wip.tu-berlin.de>
Africa,North America,DAC_Dummy,11379.1441,,km,Own calulation,20.07.2026,Julian Bornemann <jb@wip.tu-berlin.de>
Africa,Oceania,DAC_Dummy,13028.48755,,km,Own calulation,20.07.2026,Julian Bornemann <jb@wip.tu-berlin.de>
Asia-Rest,Africa,DAC_Dummy,9800.597366,,km,Own calulation,20.07.2026,Julian Bornemann <jb@wip.tu-berlin.de>
Asia-Rest,Central & South America,DAC_Dummy,18620.87487,,km,Own calulation,20.07.2026,Julian Bornemann <jb@wip.tu-berlin.de>
Asia-Rest,China,DAC_Dummy,3073.234639,,km,Own calulation,20.07.2026,Julian Bornemann <jb@wip.tu-berlin.de>
Asia-Rest,Europe,DAC_Dummy,9357.778653,,km,Own calulation,20.07.2026,Julian Bornemann <jb@wip.tu-berlin.de>
Asia-Rest,FSU,DAC_Dummy,5547.799376,,km,Own calulation,20.07.2026,Julian Bornemann <jb@wip.tu-berlin.de>
Asia-Rest,India,DAC_Dummy,3305.882699,,km,Own calulation,20.07.2026,Julian Bornemann <jb@wip.tu-berlin.de>
Asia-Rest,Japan + Republic of Korea,DAC_Dummy,4150.842264,,km,Own calulation,20.07.2026,Julian Bornemann <jb@wip.tu-berlin.de>
Asia-Rest,Middle East,DAC_Dummy,6065.803234,,km,Own calulation,20.07.2026,Julian Bornemann <jb@wip.tu-berlin.de>
Asia-Rest,North America,DAC_Dummy,13170.39014,,km,Own calulation,20.07.2026,Julian Bornemann <jb@wip.tu-berlin.de>
Asia-Rest,Oceania,DAC_Dummy,4887.189586,,km,Own calulation,20.07.2026,Julian Bornemann <jb@wip.tu-berlin.de>
Central & South America,Africa,DAC_Dummy,8904.563084,,km,Own calulation,20.07.2026,Julian Bornemann <jb@wip.tu-berlin.de>
Central & South America,Asia-Rest,DAC_Dummy,18620.87487,,km,Own calulation,20.07.2026,Julian Bornemann <jb@wip.tu-berlin.de>
Central & South America,China,DAC_Dummy,16782.15593,,km,Own calulation,20.07.2026,Julian Bornemann <jb@wip.tu-berlin.de>
Central & South America,Europe,DAC_Dummy,9992.18997,,km,Own calulation,20.07.2026,Julian Bornemann <jb@wip.tu-berlin.de>
Central & South America,FSU,DAC_Dummy,14293.65694,,km,Own calulation,20.07.2026,Julian Bornemann <jb@wip.tu-berlin.de>
Central & South America,India,DAC_Dummy,15592.11016,,km,Own calulation,20.07.2026,Julian Bornemann <jb@wip.tu-berlin.de>
Central & South America,Japan + Republic of Korea,DAC_Dummy,16875.34825,,km,Own calulation,20.07.2026,Julian Bornemann <jb@wip.tu-berlin.de>
Central & South America,Middle East,DAC_Dummy,12861.11677,,km,Own calulation,20.07.2026,Julian Bornemann <jb@wip.tu-berlin.de>
Central & South America,North America,DAC_Dummy,7652.175283,,km,Own calulation,20.07.2026,Julian Bornemann <jb@wip.tu-berlin.de>
Central & South America,Oceania,DAC_Dummy,15547.51929,,km,Own calulation,20.07.2026,Julian Bornemann <jb@wip.tu-berlin.de>
China,Africa,DAC_Dummy,9102.089819,,km,Own calulation,20.07.2026,Julian Bornemann <jb@wip.tu-berlin.de>
China,Asia-Rest,DAC_Dummy,3073.234639,,km,Own calulation,20.07.2026,Julian Bornemann <jb@wip.tu-berlin.de>
China,Central & South America,DAC_Dummy,16782.15593,,km,Own calulation,20.07.2026,Julian Bornemann <jb@wip.tu-berlin.de>
China,Europe,DAC_Dummy,6852.235455,,km,Own calulation,20.07.2026,Julian Bornemann <jb@wip.tu-berlin.de>
China,FSU,DAC_Dummy,2521.363399,,km,Own calulation,20.07.2026,Julian Bornemann <jb@wip.tu-berlin.de>
China,India,DAC_Dummy,2757.710221,,km,Own calulation,20.07.2026,Julian Bornemann <jb@wip.tu-berlin.de>
China,Japan + Republic of Korea,DAC_Dummy,2911.301733,,km,Own calulation,20.07.2026,Julian Bornemann <jb@wip.tu-berlin.de>
China,Middle East,DAC_Dummy,4759.676467,,km,Own calulation,20.07.2026,Julian Bornemann <jb@wip.tu-berlin.de>
China,North America,DAC_Dummy,10378.28708,,km,Own calulation,20.07.2026,Julian Bornemann <jb@wip.tu-berlin.de>
China,Oceania,DAC_Dummy,7672.255997,,km,Own calulation,20.07.2026,Julian Bornemann <jb@wip.tu-berlin.de>
Europe,Africa,DAC_Dummy,4729.362996,,km,Own calulation,20.07.2026,Julian Bornemann <jb@wip.tu-berlin.de>
Europe,Asia-Rest,DAC_Dummy,9357.778653,,km,Own calulation,20.07.2026,Julian Bornemann <jb@wip.tu-berlin.de>
Europe,Central & South America,DAC_Dummy,9992.18997,,km,Own calulation,20.07.2026,Julian Bornemann <jb@wip.tu-berlin.de>
Europe,China,DAC_Dummy,6852.235455,,km,Own calulation,20.07.2026,Julian Bornemann <jb@wip.tu-berlin.de>
Europe,FSU,DAC_Dummy,4623.134493,,km,Own calulation,20.07.2026,Julian Bornemann <jb@wip.tu-berlin.de>
Europe,India,DAC_Dummy,6271.833761,,km,Own calulation,20.07.2026,Julian Bornemann <jb@wip.tu-berlin.de>
Europe,Japan + Republic of Korea,DAC_Dummy,8826.835866,,km,Own calulation,20.07.2026,Julian Bornemann <jb@wip.tu-berlin.de>
Europe,Middle East,DAC_Dummy,3929.60841,,km,Own calulation,20.07.2026,Julian Bornemann <jb@wip.tu-berlin.de>
Europe,North America,DAC_Dummy,7508.50222,,km,Own calulation,20.07.2026,Julian Bornemann <jb@wip.tu-berlin.de>
Europe,Oceania,DAC_Dummy,14233.59643,,km,Own calulation,20.07.2026,Julian Bornemann <jb@wip.tu-berlin.de>
FSU,Africa,DAC_Dummy,8074.947493,,km,Own calulation,20.07.2026,Julian Bornemann <jb@wip.tu-berlin.de>
FSU,Asia-Rest,DAC_Dummy,5547.799376,,km,Own calulation,20.07.2026,Julian Bornemann <jb@wip.tu-berlin.de>
FSU,Central & South America,DAC_Dummy,14293.65694,,km,Own calulation,20.07.2026,Julian Bornemann <jb@wip.tu-berlin.de>
FSU,China,DAC_Dummy,2521.363399,,km,Own calulation,20.07.2026,Julian Bornemann <jb@wip.tu-berlin.de>
FSU,Europe,DAC_Dummy,4623.134493,,km,Own calulation,20.07.2026,Julian Bornemann <jb@wip.tu-berlin.de>
FSU,India,DAC_Dummy,3837.865868,,km,Own calulation,20.07.2026,Julian Bornemann <jb@wip.tu-berlin.de>
FSU,Japan + Republic of Korea,DAC_Dummy,4250.976952,,km,Own calulation,20.07.2026,Julian Bornemann <jb@wip.tu-berlin.de>
FSU,Middle East,DAC_Dummy,4132.502748,,km,Own calulation,20.07.2026,Julian Bornemann <jb@wip.tu-berlin.de>
FSU,North America,DAC_Dummy,8399.02516,,km,Own calulation,20.07.2026,Julian Bornemann <jb@wip.tu-berlin.de>
FSU,Oceania,DAC_Dummy,10175.17743,,km,Own calulation,20.07.2026,Julian Bornemann <jb@wip.tu-berlin.de>
India,Africa,DAC_Dummy,6783.819556,,km,Own calulation,20.07.2026,Julian Bornemann <jb@wip.tu-berlin.de>
India,Asia-Rest,DAC_Dummy,3305.882699,,km,Own calulation,20.07.2026,Julian Bornemann <jb@wip.tu-berlin.de>
India,Central & South America,DAC_Dummy,15592.11016,,km,Own calulation,20.07.2026,Julian Bornemann <jb@wip.tu-berlin.de>
India,China,DAC_Dummy,2757.710221,,km,Own calulation,20.07.2026,Julian Bornemann <jb@wip.tu-berlin.de>
India,Europe,DAC_Dummy,6271.833761,,km,Own calulation,20.07.2026,Julian Bornemann <jb@wip.tu-berlin.de>
India,FSU,DAC_Dummy,3837.865868,,km,Own calulation,20.07.2026,Julian Bornemann <jb@wip.tu-berlin.de>
India,Japan + Republic of Korea,DAC_Dummy,5583.267342,,km,Own calulation,20.07.2026,Julian Bornemann <jb@wip.tu-berlin.de>
India,Middle East,DAC_Dummy,2761.847935,,km,Own calulation,20.07.2026,Julian Bornemann <jb@wip.tu-berlin.de>
India,North America,DAC_Dummy,12199.49225,,km,Own calulation,20.07.2026,Julian Bornemann <jb@wip.tu-berlin.de>
India,Oceania,DAC_Dummy,8007.382799,,km,Own calulation,20.07.2026,Julian Bornemann <jb@wip.tu-berlin.de>
Japan + Republic of Korea,Africa,DAC_Dummy,11953.10263,,km,Own calulation,20.07.2026,Julian Bornemann <jb@wip.tu-berlin.de>
Japan + Republic of Korea,Asia-Rest,DAC_Dummy,4150.842264,,km,Own calulation,20.07.2026,Julian Bornemann <jb@wip.tu-berlin.de>
Japan + Republic of Korea,Central & South America,DAC_Dummy,16875.34825,,km,Own calulation,20.07.2026,Julian Bornemann <jb@wip.tu-berlin.de>
Japan + Republic of Korea,China,DAC_Dummy,2911.301733,,km,Own calulation,20.07.2026,Julian Bornemann <jb@wip.tu-berlin.de>
Japan + Republic of Korea,Europe,DAC_Dummy,8826.835866,,km,Own calulation,20.07.2026,Julian Bornemann <jb@wip.tu-berlin.de>
Japan + Republic of Korea,FSU,DAC_Dummy,4250.976952,,km,Own calulation,20.07.2026,Julian Bornemann <jb@wip.tu-berlin.de>
Japan + Republic of Korea,India,DAC_Dummy,5583.267342,,km,Own calulation,20.07.2026,Julian Bornemann <jb@wip.tu-berlin.de>
Japan + Republic of Korea,Middle East,DAC_Dummy,7620.153303,,km,Own calulation,20.07.2026,Julian Bornemann <jb@wip.tu-berlin.de>
Japan + Republic of Korea,North America,DAC_Dummy,9223.299405,,km,Own calulation,20.07.2026,Julian Bornemann <jb@wip.tu-berlin.de>
Japan + Republic of Korea,Oceania,DAC_Dummy,6859.546762,,km,Own calulation,20.07.2026,Julian Bornemann <jb@wip.tu-berlin.de>
Middle East,Africa,DAC_Dummy,4343.732131,,km,Own calulation,20.07.2026,Julian Bornemann <jb@wip.tu-berlin.de>
Middle East,Asia-Rest,DAC_Dummy,6065.803234,,km,Own calulation,20.07.2026,Julian Bornemann <jb@wip.tu-berlin.de>
Middle East,Central & South America,DAC_Dummy,12861.11677,,km,Own calulation,20.07.2026,Julian Bornemann <jb@wip.tu-berlin.de>
Middle East,China,DAC_Dummy,4759.676467,,km,Own calulation,20.07.2026,Julian Bornemann <jb@wip.tu-berlin.de>
Middle East,Europe,DAC_Dummy,3929.60841,,km,Own calulation,20.07.2026,Julian Bornemann <jb@wip.tu-berlin.de>
Middle East,FSU,DAC_Dummy,4132.502748,,km,Own calulation,20.07.2026,Julian Bornemann <jb@wip.tu-berlin.de>
Middle East,India,DAC_Dummy,2761.847935,,km,Own calulation,20.07.2026,Julian Bornemann <jb@wip.tu-berlin.de>
Middle East,Japan + Republic of Korea,DAC_Dummy,7620.153303,,km,Own calulation,20.07.2026,Julian Bornemann <jb@wip.tu-berlin.de>
Middle East,North America,DAC_Dummy,11092.46665,,km,Own calulation,20.07.2026,Julian Bornemann <jb@wip.tu-berlin.de>
Middle East,Oceania,DAC_Dummy,10622.14299,,km,Own calulation,20.07.2026,Julian Bornemann <jb@wip.tu-berlin.de>
North America,Africa,DAC_Dummy,11379.1441,,km,Own calulation,20.07.2026,Julian Bornemann <jb@wip.tu-berlin.de>
North America,Asia-Rest,DAC_Dummy,13170.39014,,km,Own calulation,20.07.2026,Julian Bornemann <jb@wip.tu-berlin.de>
North America,Central & South America,DAC_Dummy,7652.175283,,km,Own calulation,20.07.2026,Julian Bornemann <jb@wip.tu-berlin.de>
North America,China,DAC_Dummy,10378.28708,,km,Own calulation,20.07.2026,Julian Bornemann <jb@wip.tu-berlin.de>
North America,Europe,DAC_Dummy,7508.50222,,km,Own calulation,20.07.2026,Julian Bornemann <jb@wip.tu-berlin.de>
North America,FSU,DAC_Dummy,8399.02516,,km,Own calulation,20.07.2026,Julian Bornemann <jb@wip.tu-berlin.de>
North America,India,DAC_Dummy,12199.49225,,km,Own calulation,20.07.2026,Julian Bornemann <jb@wip.tu-berlin.de>
North America,Japan + Republic of Korea,DAC_Dummy,9223.299405,,km,Own calulation,20.07.2026,Julian Bornemann <jb@wip.tu-berlin.de>
North America,Middle East,DAC_Dummy,11092.46665,,km,Own calulation,20.07.2026,Julian Bornemann <jb@wip.tu-berlin.de>
North America,Oceania,DAC_Dummy,14757.4025,,km,Own calulation,20.07.2026,Julian Bornemann <jb@wip.tu-berlin.de>
Oceania,Africa,DAC_Dummy,13028.48755,,km,Own calulation,20.07.2026,Julian Bornemann <jb@wip.tu-berlin.de>
Oceania,Asia-Rest,DAC_Dummy,4887.189586,,km,Own calulation,20.07.2026,Julian Bornemann <jb@wip.tu-berlin.de>
Oceania,Central & South America,DAC_Dummy,15547.51929,,km,Own calulation,20.07.2026,Julian Bornemann <jb@wip.tu-berlin.de>
Oceania,China,DAC_Dummy,7672.255997,,km,Own calulation,20.07.2026,Julian Bornemann <jb@wip.tu-berlin.de>
Oceania,Europe,DAC_Dummy,14233.59643,,km,Own calulation,20.07.2026,Julian Bornemann <jb@wip.tu-berlin.de>
Oceania,FSU,DAC_Dummy,10175.17743,,km,Own calulation,20.07.2026,Julian Bornemann <jb@wip.tu-berlin.de>
Oceania,India,DAC_Dummy,8007.382799,,km,Own calulation,20.07.2026,Julian Bornemann <jb@wip.tu-berlin.de>
Oceania,Japan + Republic of Korea,DAC_Dummy,6859.546762,,km,Own calulation,20.07.2026,Julian Bornemann <jb@wip.tu-berlin.de>
Oceania,Middle East,DAC_Dummy,10622.14299,,km,Own calulation,20.07.2026,Julian Bornemann <jb@wip.tu-berlin.de>
Oceania,North America,DAC_Dummy,14757.4025,,km,Own calulation,20.07.2026,Julian Bornemann <jb@wip.tu-berlin.de>
Africa,Asia-Rest,ETS_Source,9800.597366,,km,Own calulation,20.07.2026,Julian Bornemann <jb@wip.tu-berlin.de>
Africa,Central & South America,ETS_Source,8904.563084,,km,Own calulation,20.07.2026,Julian Bornemann <jb@wip.tu-berlin.de>
Africa,China,ETS_Source,9102.089819,,km,Own calulation,20.07.2026,Julian Bornemann <jb@wip.tu-berlin.de>
Africa,Europe,ETS_Source,4729.362996,,km,Own calulation,20.07.2026,Julian Bornemann <jb@wip.tu-berlin.de>
Africa,FSU,ETS_Source,8074.947493,,km,Own calulation,20.07.2026,Julian Bornemann <jb@wip.tu-berlin.de>
Africa,India,ETS_Source,6783.819556,,km,Own calulation,20.07.2026,Julian Bornemann <jb@wip.tu-berlin.de>
Africa,Japan + Republic of Korea,ETS_Source,11953.10263,,km,Own calulation,20.07.2026,Julian Bornemann <jb@wip.tu-berlin.de>
Africa,Middle East,ETS_Source,4343.732131,,km,Own calulation,20.07.2026,Julian Bornemann <jb@wip.tu-berlin.de>
Africa,North America,ETS_Source,11379.1441,,km,Own calulation,20.07.2026,Julian Bornemann <jb@wip.tu-berlin.de>
Africa,Oceania,ETS_Source,13028.48755,,km,Own calulation,20.07.2026,Julian Bornemann <jb@wip.tu-berlin.de>
Asia-Rest,Africa,ETS_Source,9800.597366,,km,Own calulation,20.07.2026,Julian Bornemann <jb@wip.tu-berlin.de>
Asia-Rest,Central & South America,ETS_Source,18620.87487,,km,Own calulation,20.07.2026,Julian Bornemann <jb@wip.tu-berlin.de>
Asia-Rest,China,ETS_Source,3073.234639,,km,Own calulation,20.07.2026,Julian Bornemann <jb@wip.tu-berlin.de>
Asia-Rest,Europe,ETS_Source,9357.778653,,km,Own calulation,20.07.2026,Julian Bornemann <jb@wip.tu-berlin.de>
Asia-Rest,FSU,ETS_Source,5547.799376,,km,Own calulation,20.07.2026,Julian Bornemann <jb@wip.tu-berlin.de>
Asia-Rest,India,ETS_Source,3305.882699,,km,Own calulation,20.07.2026,Julian Bornemann <jb@wip.tu-berlin.de>
Asia-Rest,Japan + Republic of Korea,ETS_Source,4150.842264,,km,Own calulation,20.07.2026,Julian Bornemann <jb@wip.tu-berlin.de>
Asia-Rest,Middle East,ETS_Source,6065.803234,,km,Own calulation,20.07.2026,Julian Bornemann <jb@wip.tu-berlin.de>
Asia-Rest,North America,ETS_Source,13170.39014,,km,Own calulation,20.07.2026,Julian Bornemann <jb@wip.tu-berlin.de>
Asia-Rest,Oceania,ETS_Source,4887.189586,,km,Own calulation,20.07.2026,Julian Bornemann <jb@wip.tu-berlin.de>
Central & South America,Africa,ETS_Source,8904.563084,,km,Own calulation,20.07.2026,Julian Bornemann <jb@wip.tu-berlin.de>
Central & South America,Asia-Rest,ETS_Source,18620.87487,,km,Own calulation,20.07.2026,Julian Bornemann <jb@wip.tu-berlin.de>
Central & South America,China,ETS_Source,16782.15593,,km,Own calulation,20.07.2026,Julian Bornemann <jb@wip.tu-berlin.de>
Central & South America,Europe,ETS_Source,9992.18997,,km,Own calulation,20.07.2026,Julian Bornemann <jb@wip.tu-berlin.de>
Central & South America,FSU,ETS_Source,14293.65694,,km,Own calulation,20.07.2026,Julian Bornemann <jb@wip.tu-berlin.de>
Central & South America,India,ETS_Source,15592.11016,,km,Own calulation,20.07.2026,Julian Bornemann <jb@wip.tu-berlin.de>
Central & South America,Japan + Republic of Korea,ETS_Source,16875.34825,,km,Own calulation,20.07.2026,Julian Bornemann <jb@wip.tu-berlin.de>
Central & South America,Middle East,ETS_Source,12861.11677,,km,Own calulation,20.07.2026,Julian Bornemann <jb@wip.tu-berlin.de>
Central & South America,North America,ETS_Source,7652.175283,,km,Own calulation,20.07.2026,Julian Bornemann <jb@wip.tu-berlin.de>
Central & South America,Oceania,ETS_Source,15547.51929,,km,Own calulation,20.07.2026,Julian Bornemann <jb@wip.tu-berlin.de>
China,Africa,ETS_Source,9102.089819,,km,Own calulation,20.07.2026,Julian Bornemann <jb@wip.tu-berlin.de>
China,Asia-Rest,ETS_Source,3073.234639,,km,Own calulation,20.07.2026,Julian Bornemann <jb@wip.tu-berlin.de>
China,Central & South America,ETS_Source,16782.15593,,km,Own calulation,20.07.2026,Julian Bornemann <jb@wip.tu-berlin.de>
China,Europe,ETS_Source,6852.235455,,km,Own calulation,20.07.2026,Julian Bornemann <jb@wip.tu-berlin.de>
China,FSU,ETS_Source,2521.363399,,km,Own calulation,20.07.2026,Julian Bornemann <jb@wip.tu-berlin.de>
China,India,ETS_Source,2757.710221,,km,Own calulation,20.07.2026,Julian Bornemann <jb@wip.tu-berlin.de>
China,Japan + Republic of Korea,ETS_Source,2911.301733,,km,Own calulation,20.07.2026,Julian Bornemann <jb@wip.tu-berlin.de>
China,Middle East,ETS_Source,4759.676467,,km,Own calulation,20.07.2026,Julian Bornemann <jb@wip.tu-berlin.de>
China,North America,ETS_Source,10378.28708,,km,Own calulation,20.07.2026,Julian Bornemann <jb@wip.tu-berlin.de>
China,Oceania,ETS_Source,7672.255997,,km,Own calulation,20.07.2026,Julian Bornemann <jb@wip.tu-berlin.de>
Europe,Africa,ETS_Source,4729.362996,,km,Own calulation,20.07.2026,Julian Bornemann <jb@wip.tu-berlin.de>
Europe,Asia-Rest,ETS_Source,9357.778653,,km,Own calulation,20.07.2026,Julian Bornemann <jb@wip.tu-berlin.de>
Europe,Central & South America,ETS_Source,9992.18997,,km,Own calulation,20.07.2026,Julian Bornemann <jb@wip.tu-berlin.de>
Europe,China,ETS_Source,6852.235455,,km,Own calulation,20.07.2026,Julian Bornemann <jb@wip.tu-berlin.de>
Europe,FSU,ETS_Source,4623.134493,,km,Own calulation,20.07.2026,Julian Bornemann <jb@wip.tu-berlin.de>
Europe,India,ETS_Source,6271.833761,,km,Own calulation,20.07.2026,Julian Bornemann <jb@wip.tu-berlin.de>
Europe,Japan + Republic of Korea,ETS_Source,8826.835866,,km,Own calulation,20.07.2026,Julian Bornemann <jb@wip.tu-berlin.de>
Europe,Middle East,ETS_Source,3929.60841,,km,Own calulation,20.07.2026,Julian Bornemann <jb@wip.tu-berlin.de>
Europe,North America,ETS_Source,7508.50222,,km,Own calulation,20.07.2026,Julian Bornemann <jb@wip.tu-berlin.de>
Europe,Oceania,ETS_Source,14233.59643,,km,Own calulation,20.07.2026,Julian Bornemann <jb@wip.tu-berlin.de>
FSU,Africa,ETS_Source,8074.947493,,km,Own calulation,20.07.2026,Julian Bornemann <jb@wip.tu-berlin.de>
FSU,Asia-Rest,ETS_Source,5547.799376,,km,Own calulation,20.07.2026,Julian Bornemann <jb@wip.tu-berlin.de>
FSU,Central & South America,ETS_Source,14293.65694,,km,Own calulation,20.07.2026,Julian Bornemann <jb@wip.tu-berlin.de>
FSU,China,ETS_Source,2521.363399,,km,Own calulation,20.07.2026,Julian Bornemann <jb@wip.tu-berlin.de>
FSU,Europe,ETS_Source,4623.134493,,km,Own calulation,20.07.2026,Julian Bornemann <jb@wip.tu-berlin.de>
FSU,India,ETS_Source,3837.865868,,km,Own calulation,20.07.2026,Julian Bornemann <jb@wip.tu-berlin.de>
FSU,Japan + Republic of Korea,ETS_Source,4250.976952,,km,Own calulation,20.07.2026,Julian Bornemann <jb@wip.tu-berlin.de>
FSU,Middle East,ETS_Source,4132.502748,,km,Own calulation,20.07.2026,Julian Bornemann <jb@wip.tu-berlin.de>
FSU,North America,ETS_Source,8399.02516,,km,Own calulation,20.07.2026,Julian Bornemann <jb@wip.tu-berlin.de>
FSU,Oceania,ETS_Source,10175.17743,,km,Own calulation,20.07.2026,Julian Bornemann <jb@wip.tu-berlin.de>
India,Africa,ETS_Source,6783.819556,,km,Own calulation,20.07.2026,Julian Bornemann <jb@wip.tu-berlin.de>
India,Asia-Rest,ETS_Source,3305.882699,,km,Own calulation,20.07.2026,Julian Bornemann <jb@wip.tu-berlin.de>
India,Central & South America,ETS_Source,15592.11016,,km,Own calulation,20.07.2026,Julian Bornemann <jb@wip.tu-berlin.de>
India,China,ETS_Source,2757.710221,,km,Own calulation,20.07.2026,Julian Bornemann <jb@wip.tu-berlin.de>
India,Europe,ETS_Source,6271.833761,,km,Own calulation,20.07.2026,Julian Bornemann <jb@wip.tu-berlin.de>
India,FSU,ETS_Source,3837.865868,,km,Own calulation,20.07.2026,Julian Bornemann <jb@wip.tu-berlin.de>
India,Japan + Republic of Korea,ETS_Source,5583.267342,,km,Own calulation,20.07.2026,Julian Bornemann <jb@wip.tu-berlin.de>
India,Middle East,ETS_Source,2761.847935,,km,Own calulation,20.07.2026,Julian Bornemann <jb@wip.tu-berlin.de>
India,North America,ETS_Source,12199.49225,,km,Own calulation,20.07.2026,Julian Bornemann <jb@wip.tu-berlin.de>
India,Oceania,ETS_Source,8007.382799,,km,Own calulation,20.07.2026,Julian Bornemann <jb@wip.tu-berlin.de>
Japan + Republic of Korea,Africa,ETS_Source,11953.10263,,km,Own calulation,20.07.2026,Julian Bornemann <jb@wip.tu-berlin.de>
Japan + Republic of Korea,Asia-Rest,ETS_Source,4150.842264,,km,Own calulation,20.07.2026,Julian Bornemann <jb@wip.tu-berlin.de>
Japan + Republic of Korea,Central & South America,ETS_Source,16875.34825,,km,Own calulation,20.07.2026,Julian Bornemann <jb@wip.tu-berlin.de>
Japan + Republic of Korea,China,ETS_Source,2911.301733,,km,Own calulation,20.07.2026,Julian Bornemann <jb@wip.tu-berlin.de>
Japan + Republic of Korea,Europe,ETS_Source,8826.835866,,km,Own calulation,20.07.2026,Julian Bornemann <jb@wip.tu-berlin.de>
Japan + Republic of Korea,FSU,ETS_Source,4250.976952,,km,Own calulation,20.07.2026,Julian Bornemann <jb@wip.tu-berlin.de>
Japan + Republic of Korea,India,ETS_Source,5583.267342,,km,Own calulation,20.07.2026,Julian Bornemann <jb@wip.tu-berlin.de>
Japan + Republic of Korea,Middle East,ETS_Source,7620.153303,,km,Own calulation,20.07.2026,Julian Bornemann <jb@wip.tu-berlin.de>
Japan + Republic of Korea,North America,ETS_Source,9223.299405,,km,Own calulation,20.07.2026,Julian Bornemann <jb@wip.tu-berlin.de>
Japan + Republic of Korea,Oceania,ETS_Source,6859.546762,,km,Own calulation,20.07.2026,Julian Bornemann <jb@wip.tu-berlin.de>
Middle East,Africa,ETS_Source,4343.732131,,km,Own calulation,20.07.2026,Julian Bornemann <jb@wip.tu-berlin.de>
Middle East,Asia-Rest,ETS_Source,6065.803234,,km,Own calulation,20.07.2026,Julian Bornemann <jb@wip.tu-berlin.de>
Middle East,Central & South America,ETS_Source,12861.11677,,km,Own calulation,20.07.2026,Julian Bornemann <jb@wip.tu-berlin.de>
Middle East,China,ETS_Source,4759.676467,,km,Own calulation,20.07.2026,Julian Bornemann <jb@wip.tu-berlin.de>
Middle East,Europe,ETS_Source,3929.60841,,km,Own calulation,20.07.2026,Julian Bornemann <jb@wip.tu-berlin.de>
Middle East,FSU,ETS_Source,4132.502748,,km,Own calulation,20.07.2026,Julian Bornemann <jb@wip.tu-berlin.de>
Middle East,India,ETS_Source,2761.847935,,km,Own calulation,20.07.2026,Julian Bornemann <jb@wip.tu-berlin.de>
Middle East,Japan + Republic of Korea,ETS_Source,7620.153303,,km,Own calulation,20.07.2026,Julian Bornemann <jb@wip.tu-berlin.de>
Middle East,North America,ETS_Source,11092.46665,,km,Own calulation,20.07.2026,Julian Bornemann <jb@wip.tu-berlin.de>
Middle East,Oceania,ETS_Source,10622.14299,,km,Own calulation,20.07.2026,Julian Bornemann <jb@wip.tu-berlin.de>
North America,Africa,ETS_Source,11379.1441,,km,Own calulation,20.07.2026,Julian Bornemann <jb@wip.tu-berlin.de>
North America,Asia-Rest,ETS_Source,13170.39014,,km,Own calulation,20.07.2026,Julian Bornemann <jb@wip.tu-berlin.de>
North America,Central & South America,ETS_Source,7652.175283,,km,Own calulation,20.07.2026,Julian Bornemann <jb@wip.tu-berlin.de>
North America,China,ETS_Source,10378.28708,,km,Own calulation,20.07.2026,Julian Bornemann <jb@wip.tu-berlin.de>
North America,Europe,ETS_Source,7508.50222,,km,Own calulation,20.07.2026,Julian Bornemann <jb@wip.tu-berlin.de>
North America,FSU,ETS_Source,8399.02516,,km,Own calulation,20.07.2026,Julian Bornemann <jb@wip.tu-berlin.de>
North America,India,ETS_Source,12199.49225,,km,Own calulation,20.07.2026,Julian Bornemann <jb@wip.tu-berlin.de>
North America,Japan + Republic of Korea,ETS_Source,9223.299405,,km,Own calulation,20.07.2026,Julian Bornemann <jb@wip.tu-berlin.de>
North America,Middle East,ETS_Source,11092.46665,,km,Own calulation,20.07.2026,Julian Bornemann <jb@wip.tu-berlin.de>
North America,Oceania,ETS_Source,14757.4025,,km,Own calulation,20.07.2026,Julian Bornemann <jb@wip.tu-berlin.de>
Oceania,Africa,ETS_Source,13028.48755,,km,Own calulation,20.07.2026,Julian Bornemann <jb@wip.tu-berlin.de>
Oceania,Asia-Rest,ETS_Source,4887.189586,,km,Own calulation,20.07.2026,Julian Bornemann <jb@wip.tu-berlin.de>
Oceania,Central & South America,ETS_Source,15547.51929,,km,Own calulation,20.07.2026,Julian Bornemann <jb@wip.tu-berlin.de>
Oceania,China,ETS_Source,7672.255997,,km,Own calulation,20.07.2026,Julian Bornemann <jb@wip.tu-berlin.de>
Oceania,Europe,ETS_Source,14233.59643,,km,Own calulation,20.07.2026,Julian Bornemann <jb@wip.tu-berlin.de>
Oceania,FSU,ETS_Source,10175.17743,,km,Own calulation,20.07.2026,Julian Bornemann <jb@wip.tu-berlin.de>
Oceania,India,ETS_Source,8007.382799,,km,Own calulation,20.07.2026,Julian Bornemann <jb@wip.tu-berlin.de>
Oceania,Japan + Republic of Korea,ETS_Source,6859.546762,,km,Own calulation,20.07.2026,Julian Bornemann <jb@wip.tu-berlin.de>
Oceania,Middle East,ETS_Source,10622.14299,,km,Own calulation,20.07.2026,Julian Bornemann <jb@wip.tu-berlin.de>
Oceania,North America,ETS_Source,14757.4025,,km,Own calulation,20.07.2026,Julian Bornemann <jb@wip.tu-berlin.de>
Africa,Asia-Rest,Gas_Bio,9800.597366,,km,Own calulation,20.07.2026,Julian Bornemann <jb@wip.tu-berlin.de>
Africa,Central & South America,Gas_Bio,8904.563084,,km,Own calulation,20.07.2026,Julian Bornemann <jb@wip.tu-berlin.de>
Africa,China,Gas_Bio,9102.089819,,km,Own calulation,20.07.2026,Julian Bornemann <jb@wip.tu-berlin.de>
Africa,Europe,Gas_Bio,4729.362996,,km,Own calulation,20.07.2026,Julian Bornemann <jb@wip.tu-berlin.de>
Africa,FSU,Gas_Bio,8074.947493,,km,Own calulation,20.07.2026,Julian Bornemann <jb@wip.tu-berlin.de>
Africa,India,Gas_Bio,6783.819556,,km,Own calulation,20.07.2026,Julian Bornemann <jb@wip.tu-berlin.de>
Africa,Japan + Republic of Korea,Gas_Bio,11953.10263,,km,Own calulation,20.07.2026,Julian Bornemann <jb@wip.tu-berlin.de>
Africa,Middle East,Gas_Bio,4343.732131,,km,Own calulation,20.07.2026,Julian Bornemann <jb@wip.tu-berlin.de>
Africa,North America,Gas_Bio,11379.1441,,km,Own calulation,20.07.2026,Julian Bornemann <jb@wip.tu-berlin.de>
Africa,Oceania,Gas_Bio,13028.48755,,km,Own calulation,20.07.2026,Julian Bornemann <jb@wip.tu-berlin.de>
Asia-Rest,Africa,Gas_Bio,9800.597366,,km,Own calulation,20.07.2026,Julian Bornemann <jb@wip.tu-berlin.de>
Asia-Rest,Central & South America,Gas_Bio,18620.87487,,km,Own calulation,20.07.2026,Julian Bornemann <jb@wip.tu-berlin.de>
Asia-Rest,China,Gas_Bio,3073.234639,,km,Own calulation,20.07.2026,Julian Bornemann <jb@wip.tu-berlin.de>
Asia-Rest,Europe,Gas_Bio,9357.778653,,km,Own calulation,20.07.2026,Julian Bornemann <jb@wip.tu-berlin.de>
Asia-Rest,FSU,Gas_Bio,5547.799376,,km,Own calulation,20.07.2026,Julian Bornemann <jb@wip.tu-berlin.de>
Asia-Rest,India,Gas_Bio,3305.882699,,km,Own calulation,20.07.2026,Julian Bornemann <jb@wip.tu-berlin.de>
Asia-Rest,Japan + Republic of Korea,Gas_Bio,4150.842264,,km,Own calulation,20.07.2026,Julian Bornemann <jb@wip.tu-berlin.de>
Asia-Rest,Middle East,Gas_Bio,6065.803234,,km,Own calulation,20.07.2026,Julian Bornemann <jb@wip.tu-berlin.de>
Asia-Rest,North America,Gas_Bio,13170.39014,,km,Own calulation,20.07.2026,Julian Bornemann <jb@wip.tu-berlin.de>
Asia-Rest,Oceania,Gas_Bio,4887.189586,,km,Own calulation,20.07.2026,Julian Bornemann <jb@wip.tu-berlin.de>
Central & South America,Africa,Gas_Bio,8904.563084,,km,Own calulation,20.07.2026,Julian Bornemann <jb@wip.tu-berlin.de>
Central & South America,Asia-Rest,Gas_Bio,18620.87487,,km,Own calulation,20.07.2026,Julian Bornemann <jb@wip.tu-berlin.de>
Central & South America,China,Gas_Bio,16782.15593,,km,Own calulation,20.07.2026,Julian Bornemann <jb@wip.tu-berlin.de>
Central & South America,Europe,Gas_Bio,9992.18997,,km,Own calulation,20.07.2026,Julian Bornemann <jb@wip.tu-berlin.de>
Central & South America,FSU,Gas_Bio,14293.65694,,km,Own calulation,20.07.2026,Julian Bornemann <jb@wip.tu-berlin.de>
Central & South America,India,Gas_Bio,15592.11016,,km,Own calulation,20.07.2026,Julian Bornemann <jb@wip.tu-berlin.de>
Central & South America,Japan + Republic of Korea,Gas_Bio,16875.34825,,km,Own calulation,20.07.2026,Julian Bornemann <jb@wip.tu-berlin.de>
Central & South America,Middle East,Gas_Bio,12861.11677,,km,Own calulation,20.07.2026,Julian Bornemann <jb@wip.tu-berlin.de>
Central & South America,North America,Gas_Bio,7652.175283,,km,Own calulation,20.07.2026,Julian Bornemann <jb@wip.tu-berlin.de>
Central & South America,Oceania,Gas_Bio,15547.51929,,km,Own calulation,20.07.2026,Julian Bornemann <jb@wip.tu-berlin.de>
China,Africa,Gas_Bio,9102.089819,,km,Own calulation,20.07.2026,Julian Bornemann <jb@wip.tu-berlin.de>
China,Asia-Rest,Gas_Bio,3073.234639,,km,Own calulation,20.07.2026,Julian Bornemann <jb@wip.tu-berlin.de>
China,Central & South America,Gas_Bio,16782.15593,,km,Own calulation,20.07.2026,Julian Bornemann <jb@wip.tu-berlin.de>
China,Europe,Gas_Bio,6852.235455,,km,Own calulation,20.07.2026,Julian Bornemann <jb@wip.tu-berlin.de>
China,FSU,Gas_Bio,2521.363399,,km,Own calulation,20.07.2026,Julian Bornemann <jb@wip.tu-berlin.de>
China,India,Gas_Bio,2757.710221,,km,Own calulation,20.07.2026,Julian Bornemann <jb@wip.tu-berlin.de>
China,Japan + Republic of Korea,Gas_Bio,2911.301733,,km,Own calulation,20.07.2026,Julian Bornemann <jb@wip.tu-berlin.de>
China,Middle East,Gas_Bio,4759.676467,,km,Own calulation,20.07.2026,Julian Bornemann <jb@wip.tu-berlin.de>
China,North America,Gas_Bio,10378.28708,,km,Own calulation,20.07.2026,Julian Bornemann <jb@wip.tu-berlin.de>
China,Oceania,Gas_Bio,7672.255997,,km,Own calulation,20.07.2026,Julian Bornemann <jb@wip.tu-berlin.de>
Europe,Africa,Gas_Bio,4729.362996,,km,Own calulation,20.07.2026,Julian Bornemann <jb@wip.tu-berlin.de>
Europe,Asia-Rest,Gas_Bio,9357.778653,,km,Own calulation,20.07.2026,Julian Bornemann <jb@wip.tu-berlin.de>
Europe,Central & South America,Gas_Bio,9992.18997,,km,Own calulation,20.07.2026,Julian Bornemann <jb@wip.tu-berlin.de>
Europe,China,Gas_Bio,6852.235455,,km,Own calulation,20.07.2026,Julian Bornemann <jb@wip.tu-berlin.de>
Europe,FSU,Gas_Bio,4623.134493,,km,Own calulation,20.07.2026,Julian Bornemann <jb@wip.tu-berlin.de>
Europe,India,Gas_Bio,6271.833761,,km,Own calulation,20.07.2026,Julian Bornemann <jb@wip.tu-berlin.de>
Europe,Japan + Republic of Korea,Gas_Bio,8826.835866,,km,Own calulation,20.07.2026,Julian Bornemann <jb@wip.tu-berlin.de>
Europe,Middle East,Gas_Bio,3929.60841,,km,Own calulation,20.07.2026,Julian Bornemann <jb@wip.tu-berlin.de>
Europe,North America,Gas_Bio,7508.50222,,km,Own calulation,20.07.2026,Julian Bornemann <jb@wip.tu-berlin.de>
Europe,Oceania,Gas_Bio,14233.59643,,km,Own calulation,20.07.2026,Julian Bornemann <jb@wip.tu-berlin.de>
FSU,Africa,Gas_Bio,8074.947493,,km,Own calulation,20.07.2026,Julian Bornemann <jb@wip.tu-berlin.de>
FSU,Asia-Rest,Gas_Bio,5547.799376,,km,Own calulation,20.07.2026,Julian Bornemann <jb@wip.tu-berlin.de>
FSU,Central & South America,Gas_Bio,14293.65694,,km,Own calulation,20.07.2026,Julian Bornemann <jb@wip.tu-berlin.de>
FSU,China,Gas_Bio,2521.363399,,km,Own calulation,20.07.2026,Julian Bornemann <jb@wip.tu-berlin.de>
FSU,Europe,Gas_Bio,4623.134493,,km,Own calulation,20.07.2026,Julian Bornemann <jb@wip.tu-berlin.de>
FSU,India,Gas_Bio,3837.865868,,km,Own calulation,20.07.2026,Julian Bornemann <jb@wip.tu-berlin.de>
FSU,Japan + Republic of Korea,Gas_Bio,4250.976952,,km,Own calulation,20.07.2026,Julian Bornemann <jb@wip.tu-berlin.de>
FSU,Middle East,Gas_Bio,4132.502748,,km,Own calulation,20.07.2026,Julian Bornemann <jb@wip.tu-berlin.de>
FSU,North America,Gas_Bio,8399.02516,,km,Own calulation,20.07.2026,Julian Bornemann <jb@wip.tu-berlin.de>
FSU,Oceania,Gas_Bio,10175.17743,,km,Own calulation,20.07.2026,Julian Bornemann <jb@wip.tu-berlin.de>
India,Africa,Gas_Bio,6783.819556,,km,Own calulation,20.07.2026,Julian Bornemann <jb@wip.tu-berlin.de>
India,Asia-Rest,Gas_Bio,3305.882699,,km,Own calulation,20.07.2026,Julian Bornemann <jb@wip.tu-berlin.de>
India,Central & South America,Gas_Bio,15592.11016,,km,Own calulation,20.07.2026,Julian Bornemann <jb@wip.tu-berlin.de>
India,China,Gas_Bio,2757.710221,,km,Own calulation,20.07.2026,Julian Bornemann <jb@wip.tu-berlin.de>
India,Europe,Gas_Bio,6271.833761,,km,Own calulation,20.07.2026,Julian Bornemann <jb@wip.tu-berlin.de>
India,FSU,Gas_Bio,3837.865868,,km,Own calulation,20.07.2026,Julian Bornemann <jb@wip.tu-berlin.de>
India,Japan + Republic of Korea,Gas_Bio,5583.267342,,km,Own calulation,20.07.2026,Julian Bornemann <jb@wip.tu-berlin.de>
India,Middle East,Gas_Bio,2761.847935,,km,Own calulation,20.07.2026,Julian Bornemann <jb@wip.tu-berlin.de>
India,North America,Gas_Bio,12199.49225,,km,Own calulation,20.07.2026,Julian Bornemann <jb@wip.tu-berlin.de>
India,Oceania,Gas_Bio,8007.382799,,km,Own calulation,20.07.2026,Julian Bornemann <jb@wip.tu-berlin.de>
Japan + Republic of Korea,Africa,Gas_Bio,11953.10263,,km,Own calulation,20.07.2026,Julian Bornemann <jb@wip.tu-berlin.de>
Japan + Republic of Korea,Asia-Rest,Gas_Bio,4150.842264,,km,Own calulation,20.07.2026,Julian Bornemann <jb@wip.tu-berlin.de>
Japan + Republic of Korea,Central & South America,Gas_Bio,16875.34825,,km,Own calulation,20.07.2026,Julian Bornemann <jb@wip.tu-berlin.de>
Japan + Republic of Korea,China,Gas_Bio,2911.301733,,km,Own calulation,20.07.2026,Julian Bornemann <jb@wip.tu-berlin.de>
Japan + Republic of Korea,Europe,Gas_Bio,8826.835866,,km,Own calulation,20.07.2026,Julian Bornemann <jb@wip.tu-berlin.de>
Japan + Republic of Korea,FSU,Gas_Bio,4250.976952,,km,Own calulation,20.07.2026,Julian Bornemann <jb@wip.tu-berlin.de>
Japan + Republic of Korea,India,Gas_Bio,5583.267342,,km,Own calulation,20.07.2026,Julian Bornemann <jb@wip.tu-berlin.de>
Japan + Republic of Korea,Middle East,Gas_Bio,7620.153303,,km,Own calulation,20.07.2026,Julian Bornemann <jb@wip.tu-berlin.de>
Japan + Republic of Korea,North America,Gas_Bio,9223.299405,,km,Own calulation,20.07.2026,Julian Bornemann <jb@wip.tu-berlin.de>
Japan + Republic of Korea,Oceania,Gas_Bio,6859.546762,,km,Own calulation,20.07.2026,Julian Bornemann <jb@wip.tu-berlin.de>
Middle East,Africa,Gas_Bio,4343.732131,,km,Own calulation,20.07.2026,Julian Bornemann <jb@wip.tu-berlin.de>
Middle East,Asia-Rest,Gas_Bio,6065.803234,,km,Own calulation,20.07.2026,Julian Bornemann <jb@wip.tu-berlin.de>
Middle East,Central & South America,Gas_Bio,12861.11677,,km,Own calulation,20.07.2026,Julian Bornemann <jb@wip.tu-berlin.de>
Middle East,China,Gas_Bio,4759.676467,,km,Own calulation,20.07.2026,Julian Bornemann <jb@wip.tu-berlin.de>
Middle East,Europe,Gas_Bio,3929.60841,,km,Own calulation,20.07.2026,Julian Bornemann <jb@wip.tu-berlin.de>
Middle East,FSU,Gas_Bio,4132.502748,,km,Own calulation,20.07.2026,Julian Bornemann <jb@wip.tu-berlin.de>
Middle East,India,Gas_Bio,2761.847935,,km,Own calulation,20.07.2026,Julian Bornemann <jb@wip.tu-berlin.de>
Middle East,Japan + Republic of Korea,Gas_Bio,7620.153303,,km,Own calulation,20.07.2026,Julian Bornemann <jb@wip.tu-berlin.de>
Middle East,North America,Gas_Bio,11092.46665,,km,Own calulation,20.07.2026,Julian Bornemann <jb@wip.tu-berlin.de>
Middle East,Oceania,Gas_Bio,10622.14299,,km,Own calulation,20.07.2026,Julian Bornemann <jb@wip.tu-berlin.de>
North America,Africa,Gas_Bio,11379.1441,,km,Own calulation,20.07.2026,Julian Bornemann <jb@wip.tu-berlin.de>
North America,Asia-Rest,Gas_Bio,13170.39014,,km,Own calulation,20.07.2026,Julian Bornemann <jb@wip.tu-berlin.de>
North America,Central & South America,Gas_Bio,7652.175283,,km,Own calulation,20.07.2026,Julian Bornemann <jb@wip.tu-berlin.de>
North America,China,Gas_Bio,10378.28708,,km,Own calulation,20.07.2026,Julian Bornemann <jb@wip.tu-berlin.de>
North America,Europe,Gas_Bio,7508.50222,,km,Own calulation,20.07.2026,Julian Bornemann <jb@wip.tu-berlin.de>
North America,FSU,Gas_Bio,8399.02516,,km,Own calulation,20.07.2026,Julian Bornemann <jb@wip.tu-berlin.de>
North America,India,Gas_Bio,12199.49225,,km,Own calulation,20.07.2026,Julian Bornemann <jb@wip.tu-berlin.de>
North America,Japan + Republic of Korea,Gas_Bio,9223.299405,,km,Own calulation,20.07.2026,Julian Bornemann <jb@wip.tu-berlin.de>
North America,Middle East,Gas_Bio,11092.46665,,km,Own calulation,20.07.2026,Julian Bornemann <jb@wip.tu-berlin.de>
North America,Oceania,Gas_Bio,14757.4025,,km,Own calulation,20.07.2026,Julian Bornemann <jb@wip.tu-berlin.de>
Oceania,Africa,Gas_Bio,13028.48755,,km,Own calulation,20.07.2026,Julian Bornemann <jb@wip.tu-berlin.de>
Oceania,Asia-Rest,Gas_Bio,4887.189586,,km,Own calulation,20.07.2026,Julian Bornemann <jb@wip.tu-berlin.de>
Oceania,Central & South America,Gas_Bio,15547.51929,,km,Own calulation,20.07.2026,Julian Bornemann <jb@wip.tu-berlin.de>
Oceania,China,Gas_Bio,7672.255997,,km,Own calulation,20.07.2026,Julian Bornemann <jb@wip.tu-berlin.de>
Oceania,Europe,Gas_Bio,14233.59643,,km,Own calulation,20.07.2026,Julian Bornemann <jb@wip.tu-berlin.de>
Oceania,FSU,Gas_Bio,10175.17743,,km,Own calulation,20.07.2026,Julian Bornemann <jb@wip.tu-berlin.de>
Oceania,India,Gas_Bio,8007.382799,,km,Own calulation,20.07.2026,Julian Bornemann <jb@wip.tu-berlin.de>
Oceania,Japan + Republic of Korea,Gas_Bio,6859.546762,,km,Own calulation,20.07.2026,Julian Bornemann <jb@wip.tu-berlin.de>
Oceania,Middle East,Gas_Bio,10622.14299,,km,Own calulation,20.07.2026,Julian Bornemann <jb@wip.tu-berlin.de>
Oceania,North America,Gas_Bio,14757.4025,,km,Own calulation,20.07.2026,Julian Bornemann <jb@wip.tu-berlin.de>
Africa,Asia-Rest,Gas_Natural,9800.597366,,km,Own calulation,20.07.2026,Julian Bornemann <jb@wip.tu-berlin.de>
Africa,Central & South America,Gas_Natural,8904.563084,,km,Own calulation,20.07.2026,Julian Bornemann <jb@wip.tu-berlin.de>
Africa,China,Gas_Natural,9102.089819,,km,Own calulation,20.07.2026,Julian Bornemann <jb@wip.tu-berlin.de>
Africa,Europe,Gas_Natural,4729.362996,,km,Own calulation,20.07.2026,Julian Bornemann <jb@wip.tu-berlin.de>
Africa,FSU,Gas_Natural,8074.947493,,km,Own calulation,20.07.2026,Julian Bornemann <jb@wip.tu-berlin.de>
Africa,India,Gas_Natural,6783.819556,,km,Own calulation,20.07.2026,Julian Bornemann <jb@wip.tu-berlin.de>
Africa,Japan + Republic of Korea,Gas_Natural,11953.10263,,km,Own calulation,20.07.2026,Julian Bornemann <jb@wip.tu-berlin.de>
Africa,Middle East,Gas_Natural,4343.732131,,km,Own calulation,20.07.2026,Julian Bornemann <jb@wip.tu-berlin.de>
Africa,North America,Gas_Natural,11379.1441,,km,Own calulation,20.07.2026,Julian Bornemann <jb@wip.tu-berlin.de>
Africa,Oceania,Gas_Natural,13028.48755,,km,Own calulation,20.07.2026,Julian Bornemann <jb@wip.tu-berlin.de>
Asia-Rest,Africa,Gas_Natural,9800.597366,,km,Own calulation,20.07.2026,Julian Bornemann <jb@wip.tu-berlin.de>
Asia-Rest,Central & South America,Gas_Natural,18620.87487,,km,Own calulation,20.07.2026,Julian Bornemann <jb@wip.tu-berlin.de>
Asia-Rest,China,Gas_Natural,3073.234639,,km,Own calulation,20.07.2026,Julian Bornemann <jb@wip.tu-berlin.de>
Asia-Rest,Europe,Gas_Natural,9357.778653,,km,Own calulation,20.07.2026,Julian Bornemann <jb@wip.tu-berlin.de>
Asia-Rest,FSU,Gas_Natural,5547.799376,,km,Own calulation,20.07.2026,Julian Bornemann <jb@wip.tu-berlin.de>
Asia-Rest,India,Gas_Natural,3305.882699,,km,Own calulation,20.07.2026,Julian Bornemann <jb@wip.tu-berlin.de>
Asia-Rest,Japan + Republic of Korea,Gas_Natural,4150.842264,,km,Own calulation,20.07.2026,Julian Bornemann <jb@wip.tu-berlin.de>
Asia-Rest,Middle East,Gas_Natural,6065.803234,,km,Own calulation,20.07.2026,Julian Bornemann <jb@wip.tu-berlin.de>
Asia-Rest,North America,Gas_Natural,13170.39014,,km,Own calulation,20.07.2026,Julian Bornemann <jb@wip.tu-berlin.de>
Asia-Rest,Oceania,Gas_Natural,4887.189586,,km,Own calulation,20.07.2026,Julian Bornemann <jb@wip.tu-berlin.de>
Central & South America,Africa,Gas_Natural,8904.563084,,km,Own calulation,20.07.2026,Julian Bornemann <jb@wip.tu-berlin.de>
Central & South America,Asia-Rest,Gas_Natural,18620.87487,,km,Own calulation,20.07.2026,Julian Bornemann <jb@wip.tu-berlin.de>
Central & South America,China,Gas_Natural,16782.15593,,km,Own calulation,20.07.2026,Julian Bornemann <jb@wip.tu-berlin.de>
Central & South America,Europe,Gas_Natural,9992.18997,,km,Own calulation,20.07.2026,Julian Bornemann <jb@wip.tu-berlin.de>
Central & South America,FSU,Gas_Natural,14293.65694,,km,Own calulation,20.07.2026,Julian Bornemann <jb@wip.tu-berlin.de>
Central & South America,India,Gas_Natural,15592.11016,,km,Own calulation,20.07.2026,Julian Bornemann <jb@wip.tu-berlin.de>
Central & South America,Japan + Republic of Korea,Gas_Natural,16875.34825,,km,Own calulation,20.07.2026,Julian Bornemann <jb@wip.tu-berlin.de>
Central & South America,Middle East,Gas_Natural,12861.11677,,km,Own calulation,20.07.2026,Julian Bornemann <jb@wip.tu-berlin.de>
Central & South America,North America,Gas_Natural,7652.175283,,km,Own calulation,20.07.2026,Julian Bornemann <jb@wip.tu-berlin.de>
Central & South America,Oceania,Gas_Natural,15547.51929,,km,Own calulation,20.07.2026,Julian Bornemann <jb@wip.tu-berlin.de>
China,Africa,Gas_Natural,9102.089819,,km,Own calulation,20.07.2026,Julian Bornemann <jb@wip.tu-berlin.de>
China,Asia-Rest,Gas_Natural,3073.234639,,km,Own calulation,20.07.2026,Julian Bornemann <jb@wip.tu-berlin.de>
China,Central & South America,Gas_Natural,16782.15593,,km,Own calulation,20.07.2026,Julian Bornemann <jb@wip.tu-berlin.de>
China,Europe,Gas_Natural,6852.235455,,km,Own calulation,20.07.2026,Julian Bornemann <jb@wip.tu-berlin.de>
China,FSU,Gas_Natural,2521.363399,,km,Own calulation,20.07.2026,Julian Bornemann <jb@wip.tu-berlin.de>
China,India,Gas_Natural,2757.710221,,km,Own calulation,20.07.2026,Julian Bornemann <jb@wip.tu-berlin.de>
China,Japan + Republic of Korea,Gas_Natural,2911.301733,,km,Own calulation,20.07.2026,Julian Bornemann <jb@wip.tu-berlin.de>
China,Middle East,Gas_Natural,4759.676467,,km,Own calulation,20.07.2026,Julian Bornemann <jb@wip.tu-berlin.de>
China,North America,Gas_Natural,10378.28708,,km,Own calulation,20.07.2026,Julian Bornemann <jb@wip.tu-berlin.de>
China,Oceania,Gas_Natural,7672.255997,,km,Own calulation,20.07.2026,Julian Bornemann <jb@wip.tu-berlin.de>
Europe,Africa,Gas_Natural,4729.362996,,km,Own calulation,20.07.2026,Julian Bornemann <jb@wip.tu-berlin.de>
Europe,Asia-Rest,Gas_Natural,9357.778653,,km,Own calulation,20.07.2026,Julian Bornemann <jb@wip.tu-berlin.de>
Europe,Central & South America,Gas_Natural,9992.18997,,km,Own calulation,20.07.2026,Julian Bornemann <jb@wip.tu-berlin.de>
Europe,China,Gas_Natural,6852.235455,,km,Own calulation,20.07.2026,Julian Bornemann <jb@wip.tu-berlin.de>
Europe,FSU,Gas_Natural,4623.134493,,km,Own calulation,20.07.2026,Julian Bornemann <jb@wip.tu-berlin.de>
Europe,India,Gas_Natural,6271.833761,,km,Own calulation,20.07.2026,Julian Bornemann <jb@wip.tu-berlin.de>
Europe,Japan + Republic of Korea,Gas_Natural,8826.835866,,km,Own calulation,20.07.2026,Julian Bornemann <jb@wip.tu-berlin.de>
Europe,Middle East,Gas_Natural,3929.60841,,km,Own calulation,20.07.2026,Julian Bornemann <jb@wip.tu-berlin.de>
Europe,North America,Gas_Natural,7508.50222,,km,Own calulation,20.07.2026,Julian Bornemann <jb@wip.tu-berlin.de>
Europe,Oceania,Gas_Natural,14233.59643,,km,Own calulation,20.07.2026,Julian Bornemann <jb@wip.tu-berlin.de>
FSU,Africa,Gas_Natural,8074.947493,,km,Own calulation,20.07.2026,Julian Bornemann <jb@wip.tu-berlin.de>
FSU,Asia-Rest,Gas_Natural,5547.799376,,km,Own calulation,20.07.2026,Julian Bornemann <jb@wip.tu-berlin.de>
FSU,Central & South America,Gas_Natural,14293.65694,,km,Own calulation,20.07.2026,Julian Bornemann <jb@wip.tu-berlin.de>
FSU,China,Gas_Natural,2521.363399,,km,Own calulation,20.07.2026,Julian Bornemann <jb@wip.tu-berlin.de>
FSU,Europe,Gas_Natural,4623.134493,,km,Own calulation,20.07.2026,Julian Bornemann <jb@wip.tu-berlin.de>
FSU,India,Gas_Natural,3837.865868,,km,Own calulation,20.07.2026,Julian Bornemann <jb@wip.tu-berlin.de>
FSU,Japan + Republic of Korea,Gas_Natural,4250.976952,,km,Own calulation,20.07.2026,Julian Bornemann <jb@wip.tu-berlin.de>
FSU,Middle East,Gas_Natural,4132.502748,,km,Own calulation,20.07.2026,Julian Bornemann <jb@wip.tu-berlin.de>
FSU,North America,Gas_Natural,8399.02516,,km,Own calulation,20.07.2026,Julian Bornemann <jb@wip.tu-berlin.de>
FSU,Oceania,Gas_Natural,10175.17743,,km,Own calulation,20.07.2026,Julian Bornemann <jb@wip.tu-berlin.de>
India,Africa,Gas_Natural,6783.819556,,km,Own calulation,20.07.2026,Julian Bornemann <jb@wip.tu-berlin.de>
India,Asia-Rest,Gas_Natural,3305.882699,,km,Own calulation,20.07.2026,Julian Bornemann <jb@wip.tu-berlin.de>
India,Central & South America,Gas_Natural,15592.11016,,km,Own calulation,20.07.2026,Julian Bornemann <jb@wip.tu-berlin.de>
India,China,Gas_Natural,2757.710221,,km,Own calulation,20.07.2026,Julian Bornemann <jb@wip.tu-berlin.de>
India,Europe,Gas_Natural,6271.833761,,km,Own calulation,20.07.2026,Julian Bornemann <jb@wip.tu-berlin.de>
India,FSU,Gas_Natural,3837.865868,,km,Own calulation,20.07.2026,Julian Bornemann <jb@wip.tu-berlin.de>
India,Japan + Republic of Korea,Gas_Natural,5583.267342,,km,Own calulation,20.07.2026,Julian Bornemann <jb@wip.tu-berlin.de>
India,Middle East,Gas_Natural,2761.847935,,km,Own calulation,20.07.2026,Julian Bornemann <jb@wip.tu-berlin.de>
India,North America,Gas_Natural,12199.49225,,km,Own calulation,20.07.2026,Julian Bornemann <jb@wip.tu-berlin.de>
India,Oceania,Gas_Natural,8007.382799,,km,Own calulation,20.07.2026,Julian Bornemann <jb@wip.tu-berlin.de>
Japan + Republic of Korea,Africa,Gas_Natural,11953.10263,,km,Own calulation,20.07.2026,Julian Bornemann <jb@wip.tu-berlin.de>
Japan + Republic of Korea,Asia-Rest,Gas_Natural,4150.842264,,km,Own calulation,20.07.2026,Julian Bornemann <jb@wip.tu-berlin.de>
Japan + Republic of Korea,Central & South America,Gas_Natural,16875.34825,,km,Own calulation,20.07.2026,Julian Bornemann <jb@wip.tu-berlin.de>
Japan + Republic of Korea,China,Gas_Natural,2911.301733,,km,Own calulation,20.07.2026,Julian Bornemann <jb@wip.tu-berlin.de>
Japan + Republic of Korea,Europe,Gas_Natural,8826.835866,,km,Own calulation,20.07.2026,Julian Bornemann <jb@wip.tu-berlin.de>
Japan + Republic of Korea,FSU,Gas_Natural,4250.976952,,km,Own calulation,20.07.2026,Julian Bornemann <jb@wip.tu-berlin.de>
Japan + Republic of Korea,India,Gas_Natural,5583.267342,,km,Own calulation,20.07.2026,Julian Bornemann <jb@wip.tu-berlin.de>
Japan + Republic of Korea,Middle East,Gas_Natural,7620.153303,,km,Own calulation,20.07.2026,Julian Bornemann <jb@wip.tu-berlin.de>
Japan + Republic of Korea,North America,Gas_Natural,9223.299405,,km,Own calulation,20.07.2026,Julian Bornemann <jb@wip.tu-berlin.de>
Japan + Republic of Korea,Oceania,Gas_Natural,6859.546762,,km,Own calulation,20.07.2026,Julian Bornemann <jb@wip.tu-berlin.de>
Middle East,Africa,Gas_Natural,4343.732131,,km,Own calulation,20.07.2026,Julian Bornemann <jb@wip.tu-berlin.de>
Middle East,Asia-Rest,Gas_Natural,6065.803234,,km,Own calulation,20.07.2026,Julian Bornemann <jb@wip.tu-berlin.de>
Middle East,Central & South America,Gas_Natural,12861.11677,,km,Own calulation,20.07.2026,Julian Bornemann <jb@wip.tu-berlin.de>
Middle East,China,Gas_Natural,4759.676467,,km,Own calulation,20.07.2026,Julian Bornemann <jb@wip.tu-berlin.de>
Middle East,Europe,Gas_Natural,3929.60841,,km,Own calulation,20.07.2026,Julian Bornemann <jb@wip.tu-berlin.de>
Middle East,FSU,Gas_Natural,4132.502748,,km,Own calulation,20.07.2026,Julian Bornemann <jb@wip.tu-berlin.de>
Middle East,India,Gas_Natural,2761.847935,,km,Own calulation,20.07.2026,Julian Bornemann <jb@wip.tu-berlin.de>
Middle East,Japan + Republic of Korea,Gas_Natural,7620.153303,,km,Own calulation,20.07.2026,Julian Bornemann <jb@wip.tu-berlin.de>
Middle East,North America,Gas_Natural,11092.46665,,km,Own calulation,20.07.2026,Julian Bornemann <jb@wip.tu-berlin.de>
Middle East,Oceania,Gas_Natural,10622.14299,,km,Own calulation,20.07.2026,Julian Bornemann <jb@wip.tu-berlin.de>
North America,Africa,Gas_Natural,11379.1441,,km,Own calulation,20.07.2026,Julian Bornemann <jb@wip.tu-berlin.de>
North America,Asia-Rest,Gas_Natural,13170.39014,,km,Own calulation,20.07.2026,Julian Bornemann <jb@wip.tu-berlin.de>
North America,Central & South America,Gas_Natural,7652.175283,,km,Own calulation,20.07.2026,Julian Bornemann <jb@wip.tu-berlin.de>
North America,China,Gas_Natural,10378.28708,,km,Own calulation,20.07.2026,Julian Bornemann <jb@wip.tu-berlin.de>
North America,Europe,Gas_Natural,7508.50222,,km,Own calulation,20.07.2026,Julian Bornemann <jb@wip.tu-berlin.de>
North America,FSU,Gas_Natural,8399.02516,,km,Own calulation,20.07.2026,Julian Bornemann <jb@wip.tu-berlin.de>
North America,India,Gas_Natural,12199.49225,,km,Own calulation,20.07.2026,Julian Bornemann <jb@wip.tu-berlin.de>
North America,Japan + Republic of Korea,Gas_Natural,9223.299405,,km,Own calulation,20.07.2026,Julian Bornemann <jb@wip.tu-berlin.de>
North America,Middle East,Gas_Natural,11092.46665,,km,Own calulation,20.07.2026,Julian Bornemann <jb@wip.tu-berlin.de>
North America,Oceania,Gas_Natural,14757.4025,,km,Own calulation,20.07.2026,Julian Bornemann <jb@wip.tu-berlin.de>
Oceania,Africa,Gas_Natural,13028.48755,,km,Own calulation,20.07.2026,Julian Bornemann <jb@wip.tu-berlin.de>
Oceania,Asia-Rest,Gas_Natural,4887.189586,,km,Own calulation,20.07.2026,Julian Bornemann <jb@wip.tu-berlin.de>
Oceania,Central & South America,Gas_Natural,15547.51929,,km,Own calulation,20.07.2026,Julian Bornemann <jb@wip.tu-berlin.de>
Oceania,China,Gas_Natural,7672.255997,,km,Own calulation,20.07.2026,Julian Bornemann <jb@wip.tu-berlin.de>
Oceania,Europe,Gas_Natural,14233.59643,,km,Own calulation,20.07.2026,Julian Bornemann <jb@wip.tu-berlin.de>
Oceania,FSU,Gas_Natural,10175.17743,,km,Own calulation,20.07.2026,Julian Bornemann <jb@wip.tu-berlin.de>
Oceania,India,Gas_Natural,8007.382799,,km,Own calulation,20.07.2026,Julian Bornemann <jb@wip.tu-berlin.de>
Oceania,Japan + Republic of Korea,Gas_Natural,6859.546762,,km,Own calulation,20.07.2026,Julian Bornemann <jb@wip.tu-berlin.de>
Oceania,Middle East,Gas_Natural,10622.14299,,km,Own calulation,20.07.2026,Julian Bornemann <jb@wip.tu-berlin.de>
Oceania,North America,Gas_Natural,14757.4025,,km,Own calulation,20.07.2026,Julian Bornemann <jb@wip.tu-berlin.de>
Africa,Asia-Rest,Gas_Synth,9800.597366,,km,Own calulation,20.07.2026,Julian Bornemann <jb@wip.tu-berlin.de>
Africa,Central & South America,Gas_Synth,8904.563084,,km,Own calulation,20.07.2026,Julian Bornemann <jb@wip.tu-berlin.de>
Africa,China,Gas_Synth,9102.089819,,km,Own calulation,20.07.2026,Julian Bornemann <jb@wip.tu-berlin.de>
Africa,Europe,Gas_Synth,4729.362996,,km,Own calulation,20.07.2026,Julian Bornemann <jb@wip.tu-berlin.de>
Africa,FSU,Gas_Synth,8074.947493,,km,Own calulation,20.07.2026,Julian Bornemann <jb@wip.tu-berlin.de>
Africa,India,Gas_Synth,6783.819556,,km,Own calulation,20.07.2026,Julian Bornemann <jb@wip.tu-berlin.de>
Africa,Japan + Republic of Korea,Gas_Synth,11953.10263,,km,Own calulation,20.07.2026,Julian Bornemann <jb@wip.tu-berlin.de>
Africa,Middle East,Gas_Synth,4343.732131,,km,Own calulation,20.07.2026,Julian Bornemann <jb@wip.tu-berlin.de>
Africa,North America,Gas_Synth,11379.1441,,km,Own calulation,20.07.2026,Julian Bornemann <jb@wip.tu-berlin.de>
Africa,Oceania,Gas_Synth,13028.48755,,km,Own calulation,20.07.2026,Julian Bornemann <jb@wip.tu-berlin.de>
Asia-Rest,Africa,Gas_Synth,9800.597366,,km,Own calulation,20.07.2026,Julian Bornemann <jb@wip.tu-berlin.de>
Asia-Rest,Central & South America,Gas_Synth,18620.87487,,km,Own calulation,20.07.2026,Julian Bornemann <jb@wip.tu-berlin.de>
Asia-Rest,China,Gas_Synth,3073.234639,,km,Own calulation,20.07.2026,Julian Bornemann <jb@wip.tu-berlin.de>
Asia-Rest,Europe,Gas_Synth,9357.778653,,km,Own calulation,20.07.2026,Julian Bornemann <jb@wip.tu-berlin.de>
Asia-Rest,FSU,Gas_Synth,5547.799376,,km,Own calulation,20.07.2026,Julian Bornemann <jb@wip.tu-berlin.de>
Asia-Rest,India,Gas_Synth,3305.882699,,km,Own calulation,20.07.2026,Julian Bornemann <jb@wip.tu-berlin.de>
Asia-Rest,Japan + Republic of Korea,Gas_Synth,4150.842264,,km,Own calulation,20.07.2026,Julian Bornemann <jb@wip.tu-berlin.de>
Asia-Rest,Middle East,Gas_Synth,6065.803234,,km,Own calulation,20.07.2026,Julian Bornemann <jb@wip.tu-berlin.de>
Asia-Rest,North America,Gas_Synth,13170.39014,,km,Own calulation,20.07.2026,Julian Bornemann <jb@wip.tu-berlin.de>
Asia-Rest,Oceania,Gas_Synth,4887.189586,,km,Own calulation,20.07.2026,Julian Bornemann <jb@wip.tu-berlin.de>
Central & South America,Africa,Gas_Synth,8904.563084,,km,Own calulation,20.07.2026,Julian Bornemann <jb@wip.tu-berlin.de>
Central & South America,Asia-Rest,Gas_Synth,18620.87487,,km,Own calulation,20.07.2026,Julian Bornemann <jb@wip.tu-berlin.de>
Central & South America,China,Gas_Synth,16782.15593,,km,Own calulation,20.07.2026,Julian Bornemann <jb@wip.tu-berlin.de>
Central & South America,Europe,Gas_Synth,9992.18997,,km,Own calulation,20.07.2026,Julian Bornemann <jb@wip.tu-berlin.de>
Central & South America,FSU,Gas_Synth,14293.65694,,km,Own calulation,20.07.2026,Julian Bornemann <jb@wip.tu-berlin.de>
Central & South America,India,Gas_Synth,15592.11016,,km,Own calulation,20.07.2026,Julian Bornemann <jb@wip.tu-berlin.de>
Central & South America,Japan + Republic of Korea,Gas_Synth,16875.34825,,km,Own calulation,20.07.2026,Julian Bornemann <jb@wip.tu-berlin.de>
Central & South America,Middle East,Gas_Synth,12861.11677,,km,Own calulation,20.07.2026,Julian Bornemann <jb@wip.tu-berlin.de>
Central & South America,North America,Gas_Synth,7652.175283,,km,Own calulation,20.07.2026,Julian Bornemann <jb@wip.tu-berlin.de>
Central & South America,Oceania,Gas_Synth,15547.51929,,km,Own calulation,20.07.2026,Julian Bornemann <jb@wip.tu-berlin.de>
China,Africa,Gas_Synth,9102.089819,,km,Own calulation,20.07.2026,Julian Bornemann <jb@wip.tu-berlin.de>
China,Asia-Rest,Gas_Synth,3073.234639,,km,Own calulation,20.07.2026,Julian Bornemann <jb@wip.tu-berlin.de>
China,Central & South America,Gas_Synth,16782.15593,,km,Own calulation,20.07.2026,Julian Bornemann <jb@wip.tu-berlin.de>
China,Europe,Gas_Synth,6852.235455,,km,Own calulation,20.07.2026,Julian Bornemann <jb@wip.tu-berlin.de>
China,FSU,Gas_Synth,2521.363399,,km,Own calulation,20.07.2026,Julian Bornemann <jb@wip.tu-berlin.de>
China,India,Gas_Synth,2757.710221,,km,Own calulation,20.07.2026,Julian Bornemann <jb@wip.tu-berlin.de>
China,Japan + Republic of Korea,Gas_Synth,2911.301733,,km,Own calulation,20.07.2026,Julian Bornemann <jb@wip.tu-berlin.de>
China,Middle East,Gas_Synth,4759.676467,,km,Own calulation,20.07.2026,Julian Bornemann <jb@wip.tu-berlin.de>
China,North America,Gas_Synth,10378.28708,,km,Own calulation,20.07.2026,Julian Bornemann <jb@wip.tu-berlin.de>
China,Oceania,Gas_Synth,7672.255997,,km,Own calulation,20.07.2026,Julian Bornemann <jb@wip.tu-berlin.de>
Europe,Africa,Gas_Synth,4729.362996,,km,Own calulation,20.07.2026,Julian Bornemann <jb@wip.tu-berlin.de>
Europe,Asia-Rest,Gas_Synth,9357.778653,,km,Own calulation,20.07.2026,Julian Bornemann <jb@wip.tu-berlin.de>
Europe,Central & South America,Gas_Synth,9992.18997,,km,Own calulation,20.07.2026,Julian Bornemann <jb@wip.tu-berlin.de>
Europe,China,Gas_Synth,6852.235455,,km,Own calulation,20.07.2026,Julian Bornemann <jb@wip.tu-berlin.de>
Europe,FSU,Gas_Synth,4623.134493,,km,Own calulation,20.07.2026,Julian Bornemann <jb@wip.tu-berlin.de>
Europe,India,Gas_Synth,6271.833761,,km,Own calulation,20.07.2026,Julian Bornemann <jb@wip.tu-berlin.de>
Europe,Japan + Republic of Korea,Gas_Synth,8826.835866,,km,Own calulation,20.07.2026,Julian Bornemann <jb@wip.tu-berlin.de>
Europe,Middle East,Gas_Synth,3929.60841,,km,Own calulation,20.07.2026,Julian Bornemann <jb@wip.tu-berlin.de>
Europe,North America,Gas_Synth,7508.50222,,km,Own calulation,20.07.2026,Julian Bornemann <jb@wip.tu-berlin.de>
Europe,Oceania,Gas_Synth,14233.59643,,km,Own calulation,20.07.2026,Julian Bornemann <jb@wip.tu-berlin.de>
FSU,Africa,Gas_Synth,8074.947493,,km,Own calulation,20.07.2026,Julian Bornemann <jb@wip.tu-berlin.de>
FSU,Asia-Rest,Gas_Synth,5547.799376,,km,Own calulation,20.07.2026,Julian Bornemann <jb@wip.tu-berlin.de>
FSU,Central & South America,Gas_Synth,14293.65694,,km,Own calulation,20.07.2026,Julian Bornemann <jb@wip.tu-berlin.de>
FSU,China,Gas_Synth,2521.363399,,km,Own calulation,20.07.2026,Julian Bornemann <jb@wip.tu-berlin.de>
FSU,Europe,Gas_Synth,4623.134493,,km,Own calulation,20.07.2026,Julian Bornemann <jb@wip.tu-berlin.de>
FSU,India,Gas_Synth,3837.865868,,km,Own calulation,20.07.2026,Julian Bornemann <jb@wip.tu-berlin.de>
FSU,Japan + Republic of Korea,Gas_Synth,4250.976952,,km,Own calulation,20.07.2026,Julian Bornemann <jb@wip.tu-berlin.de>
FSU,Middle East,Gas_Synth,4132.502748,,km,Own calulation,20.07.2026,Julian Bornemann <jb@wip.tu-berlin.de>
FSU,North America,Gas_Synth,8399.02516,,km,Own calulation,20.07.2026,Julian Bornemann <jb@wip.tu-berlin.de>
FSU,Oceania,Gas_Synth,10175.17743,,km,Own calulation,20.07.2026,Julian Bornemann <jb@wip.tu-berlin.de>
India,Africa,Gas_Synth,6783.819556,,km,Own calulation,20.07.2026,Julian Bornemann <jb@wip.tu-berlin.de>
India,Asia-Rest,Gas_Synth,3305.882699,,km,Own calulation,20.07.2026,Julian Bornemann <jb@wip.tu-berlin.de>
India,Central & South America,Gas_Synth,15592.11016,,km,Own calulation,20.07.2026,Julian Bornemann <jb@wip.tu-berlin.de>
India,China,Gas_Synth,2757.710221,,km,Own calulation,20.07.2026,Julian Bornemann <jb@wip.tu-berlin.de>
India,Europe,Gas_Synth,6271.833761,,km,Own calulation,20.07.2026,Julian Bornemann <jb@wip.tu-berlin.de>
India,FSU,Gas_Synth,3837.865868,,km,Own calulation,20.07.2026,Julian Bornemann <jb@wip.tu-berlin.de>
India,Japan + Republic of Korea,Gas_Synth,5583.267342,,km,Own calulation,20.07.2026,Julian Bornemann <jb@wip.tu-berlin.de>
India,Middle East,Gas_Synth,2761.847935,,km,Own calulation,20.07.2026,Julian Bornemann <jb@wip.tu-berlin.de>
India,North America,Gas_Synth,12199.49225,,km,Own calulation,20.07.2026,Julian Bornemann <jb@wip.tu-berlin.de>
India,Oceania,Gas_Synth,8007.382799,,km,Own calulation,20.07.2026,Julian Bornemann <jb@wip.tu-berlin.de>
Japan + Republic of Korea,Africa,Gas_Synth,11953.10263,,km,Own calulation,20.07.2026,Julian Bornemann <jb@wip.tu-berlin.de>
Japan + Republic of Korea,Asia-Rest,Gas_Synth,4150.842264,,km,Own calulation,20.07.2026,Julian Bornemann <jb@wip.tu-berlin.de>
Japan + Republic of Korea,Central & South America,Gas_Synth,16875.34825,,km,Own calulation,20.07.2026,Julian Bornemann <jb@wip.tu-berlin.de>
Japan + Republic of Korea,China,Gas_Synth,2911.301733,,km,Own calulation,20.07.2026,Julian Bornemann <jb@wip.tu-berlin.de>
Japan + Republic of Korea,Europe,Gas_Synth,8826.835866,,km,Own calulation,20.07.2026,Julian Bornemann <jb@wip.tu-berlin.de>
Japan + Republic of Korea,FSU,Gas_Synth,4250.976952,,km,Own calulation,20.07.2026,Julian Bornemann <jb@wip.tu-berlin.de>
Japan + Republic of Korea,India,Gas_Synth,5583.267342,,km,Own calulation,20.07.2026,Julian Bornemann <jb@wip.tu-berlin.de>
Japan + Republic of Korea,Middle East,Gas_Synth,7620.153303,,km,Own calulation,20.07.2026,Julian Bornemann <jb@wip.tu-berlin.de>
Japan + Republic of Korea,North America,Gas_Synth,9223.299405,,km,Own calulation,20.07.2026,Julian Bornemann <jb@wip.tu-berlin.de>
Japan + Republic of Korea,Oceania,Gas_Synth,6859.546762,,km,Own calulation,20.07.2026,Julian Bornemann <jb@wip.tu-berlin.de>
Middle East,Africa,Gas_Synth,4343.732131,,km,Own calulation,20.07.2026,Julian Bornemann <jb@wip.tu-berlin.de>
Middle East,Asia-Rest,Gas_Synth,6065.803234,,km,Own calulation,20.07.2026,Julian Bornemann <jb@wip.tu-berlin.de>
Middle East,Central & South America,Gas_Synth,12861.11677,,km,Own calulation,20.07.2026,Julian Bornemann <jb@wip.tu-berlin.de>
Middle East,China,Gas_Synth,4759.676467,,km,Own calulation,20.07.2026,Julian Bornemann <jb@wip.tu-berlin.de>
Middle East,Europe,Gas_Synth,3929.60841,,km,Own calulation,20.07.2026,Julian Bornemann <jb@wip.tu-berlin.de>
Middle East,FSU,Gas_Synth,4132.502748,,km,Own calulation,20.07.2026,Julian Bornemann <jb@wip.tu-berlin.de>
Middle East,India,Gas_Synth,2761.847935,,km,Own calulation,20.07.2026,Julian Bornemann <jb@wip.tu-berlin.de>
Middle East,Japan + Republic of Korea,Gas_Synth,7620.153303,,km,Own calulation,20.07.2026,Julian Bornemann <jb@wip.tu-berlin.de>
Middle East,North America,Gas_Synth,11092.46665,,km,Own calulation,20.07.2026,Julian Bornemann <jb@wip.tu-berlin.de>
Middle East,Oceania,Gas_Synth,10622.14299,,km,Own calulation,20.07.2026,Julian Bornemann <jb@wip.tu-berlin.de>
North America,Africa,Gas_Synth,11379.1441,,km,Own calulation,20.07.2026,Julian Bornemann <jb@wip.tu-berlin.de>
North America,Asia-Rest,Gas_Synth,13170.39014,,km,Own calulation,20.07.2026,Julian Bornemann <jb@wip.tu-berlin.de>
North America,Central & South America,Gas_Synth,7652.175283,,km,Own calulation,20.07.2026,Julian Bornemann <jb@wip.tu-berlin.de>
North America,China,Gas_Synth,10378.28708,,km,Own calulation,20.07.2026,Julian Bornemann <jb@wip.tu-berlin.de>
North America,Europe,Gas_Synth,7508.50222,,km,Own calulation,20.07.2026,Julian Bornemann <jb@wip.tu-berlin.de>
North America,FSU,Gas_Synth,8399.02516,,km,Own calulation,20.07.2026,Julian Bornemann <jb@wip.tu-berlin.de>
North America,India,Gas_Synth,12199.49225,,km,Own calulation,20.07.2026,Julian Bornemann <jb@wip.tu-berlin.de>
North America,Japan + Republic of Korea,Gas_Synth,9223.299405,,km,Own calulation,20.07.2026,Julian Bornemann <jb@wip.tu-berlin.de>
North America,Middle East,Gas_Synth,11092.46665,,km,Own calulation,20.07.2026,Julian Bornemann <jb@wip.tu-berlin.de>
North America,Oceania,Gas_Synth,14757.4025,,km,Own calulation,20.07.2026,Julian Bornemann <jb@wip.tu-berlin.de>
Oceania,Africa,Gas_Synth,13028.48755,,km,Own calulation,20.07.2026,Julian Bornemann <jb@wip.tu-berlin.de>
Oceania,Asia-Rest,Gas_Synth,4887.189586,,km,Own calulation,20.07.2026,Julian Bornemann <jb@wip.tu-berlin.de>
Oceania,Central & South America,Gas_Synth,15547.51929,,km,Own calulation,20.07.2026,Julian Bornemann <jb@wip.tu-berlin.de>
Oceania,China,Gas_Synth,7672.255997,,km,Own calulation,20.07.2026,Julian Bornemann <jb@wip.tu-berlin.de>
Oceania,Europe,Gas_Synth,14233.59643,,km,Own calulation,20.07.2026,Julian Bornemann <jb@wip.tu-berlin.de>
Oceania,FSU,Gas_Synth,10175.17743,,km,Own calulation,20.07.2026,Julian Bornemann <jb@wip.tu-berlin.de>
Oceania,India,Gas_Synth,8007.382799,,km,Own calulation,20.07.2026,Julian Bornemann <jb@wip.tu-berlin.de>
Oceania,Japan + Republic of Korea,Gas_Synth,6859.546762,,km,Own calulation,20.07.2026,Julian Bornemann <jb@wip.tu-berlin.de>
Oceania,Middle East,Gas_Synth,10622.14299,,km,Own calulation,20.07.2026,Julian Bornemann <jb@wip.tu-berlin.de>
Oceania,North America,Gas_Synth,14757.4025,,km,Own calulation,20.07.2026,Julian Bornemann <jb@wip.tu-berlin.de>
Africa,Asia-Rest,H2,9800.597366,,km,Own calulation,20.07.2026,Julian Bornemann <jb@wip.tu-berlin.de>
Africa,Central & South America,H2,8904.563084,,km,Own calulation,20.07.2026,Julian Bornemann <jb@wip.tu-berlin.de>
Africa,China,H2,9102.089819,,km,Own calulation,20.07.2026,Julian Bornemann <jb@wip.tu-berlin.de>
Africa,Europe,H2,4729.362996,,km,Own calulation,20.07.2026,Julian Bornemann <jb@wip.tu-berlin.de>
Africa,FSU,H2,8074.947493,,km,Own calulation,20.07.2026,Julian Bornemann <jb@wip.tu-berlin.de>
Africa,India,H2,6783.819556,,km,Own calulation,20.07.2026,Julian Bornemann <jb@wip.tu-berlin.de>
Africa,Japan + Republic of Korea,H2,11953.10263,,km,Own calulation,20.07.2026,Julian Bornemann <jb@wip.tu-berlin.de>
Africa,Middle East,H2,4343.732131,,km,Own calulation,20.07.2026,Julian Bornemann <jb@wip.tu-berlin.de>
Africa,North America,H2,11379.1441,,km,Own calulation,20.07.2026,Julian Bornemann <jb@wip.tu-berlin.de>
Africa,Oceania,H2,13028.48755,,km,Own calulation,20.07.2026,Julian Bornemann <jb@wip.tu-berlin.de>
Asia-Rest,Africa,H2,9800.597366,,km,Own calulation,20.07.2026,Julian Bornemann <jb@wip.tu-berlin.de>
Asia-Rest,Central & South America,H2,18620.87487,,km,Own calulation,20.07.2026,Julian Bornemann <jb@wip.tu-berlin.de>
Asia-Rest,China,H2,3073.234639,,km,Own calulation,20.07.2026,Julian Bornemann <jb@wip.tu-berlin.de>
Asia-Rest,Europe,H2,9357.778653,,km,Own calulation,20.07.2026,Julian Bornemann <jb@wip.tu-berlin.de>
Asia-Rest,FSU,H2,5547.799376,,km,Own calulation,20.07.2026,Julian Bornemann <jb@wip.tu-berlin.de>
Asia-Rest,India,H2,3305.882699,,km,Own calulation,20.07.2026,Julian Bornemann <jb@wip.tu-berlin.de>
Asia-Rest,Japan + Republic of Korea,H2,4150.842264,,km,Own calulation,20.07.2026,Julian Bornemann <jb@wip.tu-berlin.de>
Asia-Rest,Middle East,H2,6065.803234,,km,Own calulation,20.07.2026,Julian Bornemann <jb@wip.tu-berlin.de>
Asia-Rest,North America,H2,13170.39014,,km,Own calulation,20.07.2026,Julian Bornemann <jb@wip.tu-berlin.de>
Asia-Rest,Oceania,H2,4887.189586,,km,Own calulation,20.07.2026,Julian Bornemann <jb@wip.tu-berlin.de>
Central & South America,Africa,H2,8904.563084,,km,Own calulation,20.07.2026,Julian Bornemann <jb@wip.tu-berlin.de>
Central & South America,Asia-Rest,H2,18620.87487,,km,Own calulation,20.07.2026,Julian Bornemann <jb@wip.tu-berlin.de>
Central & South America,China,H2,16782.15593,,km,Own calulation,20.07.2026,Julian Bornemann <jb@wip.tu-berlin.de>
Central & South America,Europe,H2,9992.18997,,km,Own calulation,20.07.2026,Julian Bornemann <jb@wip.tu-berlin.de>
Central & South America,FSU,H2,14293.65694,,km,Own calulation,20.07.2026,Julian Bornemann <jb@wip.tu-berlin.de>
Central & South America,India,H2,15592.11016,,km,Own calulation,20.07.2026,Julian Bornemann <jb@wip.tu-berlin.de>
Central & South America,Japan + Republic of Korea,H2,16875.34825,,km,Own calulation,20.07.2026,Julian Bornemann <jb@wip.tu-berlin.de>
Central & South America,Middle East,H2,12861.11677,,km,Own calulation,20.07.2026,Julian Bornemann <jb@wip.tu-berlin.de>
Central & South America,North America,H2,7652.175283,,km,Own calulation,20.07.2026,Julian Bornemann <jb@wip.tu-berlin.de>
Central & South America,Oceania,H2,15547.51929,,km,Own calulation,20.07.2026,Julian Bornemann <jb@wip.tu-berlin.de>
China,Africa,H2,9102.089819,,km,Own calulation,20.07.2026,Julian Bornemann <jb@wip.tu-berlin.de>
China,Asia-Rest,H2,3073.234639,,km,Own calulation,20.07.2026,Julian Bornemann <jb@wip.tu-berlin.de>
China,Central & South America,H2,16782.15593,,km,Own calulation,20.07.2026,Julian Bornemann <jb@wip.tu-berlin.de>
China,Europe,H2,6852.235455,,km,Own calulation,20.07.2026,Julian Bornemann <jb@wip.tu-berlin.de>
China,FSU,H2,2521.363399,,km,Own calulation,20.07.2026,Julian Bornemann <jb@wip.tu-berlin.de>
China,India,H2,2757.710221,,km,Own calulation,20.07.2026,Julian Bornemann <jb@wip.tu-berlin.de>
China,Japan + Republic of Korea,H2,2911.301733,,km,Own calulation,20.07.2026,Julian Bornemann <jb@wip.tu-berlin.de>
China,Middle East,H2,4759.676467,,km,Own calulation,20.07.2026,Julian Bornemann <jb@wip.tu-berlin.de>
China,North America,H2,10378.28708,,km,Own calulation,20.07.2026,Julian Bornemann <jb@wip.tu-berlin.de>
China,Oceania,H2,7672.255997,,km,Own calulation,20.07.2026,Julian Bornemann <jb@wip.tu-berlin.de>
Europe,Africa,H2,4729.362996,,km,Own calulation,20.07.2026,Julian Bornemann <jb@wip.tu-berlin.de>
Europe,Asia-Rest,H2,9357.778653,,km,Own calulation,20.07.2026,Julian Bornemann <jb@wip.tu-berlin.de>
Europe,Central & South America,H2,9992.18997,,km,Own calulation,20.07.2026,Julian Bornemann <jb@wip.tu-berlin.de>
Europe,China,H2,6852.235455,,km,Own calulation,20.07.2026,Julian Bornemann <jb@wip.tu-berlin.de>
Europe,FSU,H2,4623.134493,,km,Own calulation,20.07.2026,Julian Bornemann <jb@wip.tu-berlin.de>
Europe,India,H2,6271.833761,,km,Own calulation,20.07.2026,Julian Bornemann <jb@wip.tu-berlin.de>
Europe,Japan + Republic of Korea,H2,8826.835866,,km,Own calulation,20.07.2026,Julian Bornemann <jb@wip.tu-berlin.de>
Europe,Middle East,H2,3929.60841,,km,Own calulation,20.07.2026,Julian Bornemann <jb@wip.tu-berlin.de>
Europe,North America,H2,7508.50222,,km,Own calulation,20.07.2026,Julian Bornemann <jb@wip.tu-berlin.de>
Europe,Oceania,H2,14233.59643,,km,Own calulation,20.07.2026,Julian Bornemann <jb@wip.tu-berlin.de>
FSU,Africa,H2,8074.947493,,km,Own calulation,20.07.2026,Julian Bornemann <jb@wip.tu-berlin.de>
FSU,Asia-Rest,H2,5547.799376,,km,Own calulation,20.07.2026,Julian Bornemann <jb@wip.tu-berlin.de>
FSU,Central & South America,H2,14293.65694,,km,Own calulation,20.07.2026,Julian Bornemann <jb@wip.tu-berlin.de>
FSU,China,H2,2521.363399,,km,Own calulation,20.07.2026,Julian Bornemann <jb@wip.tu-berlin.de>
FSU,Europe,H2,4623.134493,,km,Own calulation,20.07.2026,Julian Bornemann <jb@wip.tu-berlin.de>
FSU,India,H2,3837.865868,,km,Own calulation,20.07.2026,Julian Bornemann <jb@wip.tu-berlin.de>
FSU,Japan + Republic of Korea,H2,4250.976952,,km,Own calulation,20.07.2026,Julian Bornemann <jb@wip.tu-berlin.de>
FSU,Middle East,H2,4132.502748,,km,Own calulation,20.07.2026,Julian Bornemann <jb@wip.tu-berlin.de>
FSU,North America,H2,8399.02516,,km,Own calulation,20.07.2026,Julian Bornemann <jb@wip.tu-berlin.de>
FSU,Oceania,H2,10175.17743,,km,Own calulation,20.07.2026,Julian Bornemann <jb@wip.tu-berlin.de>
India,Africa,H2,6783.819556,,km,Own calulation,20.07.2026,Julian Bornemann <jb@wip.tu-berlin.de>
India,Asia-Rest,H2,3305.882699,,km,Own calulation,20.07.2026,Julian Bornemann <jb@wip.tu-berlin.de>
India,Central & South America,H2,15592.11016,,km,Own calulation,20.07.2026,Julian Bornemann <jb@wip.tu-berlin.de>
India,China,H2,2757.710221,,km,Own calulation,20.07.2026,Julian Bornemann <jb@wip.tu-berlin.de>
India,Europe,H2,6271.833761,,km,Own calulation,20.07.2026,Julian Bornemann <jb@wip.tu-berlin.de>
India,FSU,H2,3837.865868,,km,Own calulation,20.07.2026,Julian Bornemann <jb@wip.tu-berlin.de>
India,Japan + Republic of Korea,H2,5583.267342,,km,Own calulation,20.07.2026,Julian Bornemann <jb@wip.tu-berlin.de>
India,Middle East,H2,2761.847935,,km,Own calulation,20.07.2026,Julian Bornemann <jb@wip.tu-berlin.de>
India,North America,H2,12199.49225,,km,Own calulation,20.07.2026,Julian Bornemann <jb@wip.tu-berlin.de>
India,Oceania,H2,8007.382799,,km,Own calulation,20.07.2026,Julian Bornemann <jb@wip.tu-berlin.de>
Japan + Republic of Korea,Africa,H2,11953.10263,,km,Own calulation,20.07.2026,Julian Bornemann <jb@wip.tu-berlin.de>
Japan + Republic of Korea,Asia-Rest,H2,4150.842264,,km,Own calulation,20.07.2026,Julian Bornemann <jb@wip.tu-berlin.de>
Japan + Republic of Korea,Central & South America,H2,16875.34825,,km,Own calulation,20.07.2026,Julian Bornemann <jb@wip.tu-berlin.de>
Japan + Republic of Korea,China,H2,2911.301733,,km,Own calulation,20.07.2026,Julian Bornemann <jb@wip.tu-berlin.de>
Japan + Republic of Korea,Europe,H2,8826.835866,,km,Own calulation,20.07.2026,Julian Bornemann <jb@wip.tu-berlin.de>
Japan + Republic of Korea,FSU,H2,4250.976952,,km,Own calulation,20.07.2026,Julian Bornemann <jb@wip.tu-berlin.de>
Japan + Republic of Korea,India,H2,5583.267342,,km,Own calulation,20.07.2026,Julian Bornemann <jb@wip.tu-berlin.de>
Japan + Republic of Korea,Middle East,H2,7620.153303,,km,Own calulation,20.07.2026,Julian Bornemann <jb@wip.tu-berlin.de>
Japan + Republic of Korea,North America,H2,9223.299405,,km,Own calulation,20.07.2026,Julian Bornemann <jb@wip.tu-berlin.de>
Japan + Republic of Korea,Oceania,H2,6859.546762,,km,Own calulation,20.07.2026,Julian Bornemann <jb@wip.tu-berlin.de>
Middle East,Africa,H2,4343.732131,,km,Own calulation,20.07.2026,Julian Bornemann <jb@wip.tu-berlin.de>
Middle East,Asia-Rest,H2,6065.803234,,km,Own calulation,20.07.2026,Julian Bornemann <jb@wip.tu-berlin.de>
Middle East,Central & South America,H2,12861.11677,,km,Own calulation,20.07.2026,Julian Bornemann <jb@wip.tu-berlin.de>
Middle East,China,H2,4759.676467,,km,Own calulation,20.07.2026,Julian Bornemann <jb@wip.tu-berlin.de>
Middle East,Europe,H2,3929.60841,,km,Own calulation,20.07.2026,Julian Bornemann <jb@wip.tu-berlin.de>
Middle East,FSU,H2,4132.502748,,km,Own calulation,20.07.2026,Julian Bornemann <jb@wip.tu-berlin.de>
Middle East,India,H2,2761.847935,,km,Own calulation,20.07.2026,Julian Bornemann <jb@wip.tu-berlin.de>
Middle East,Japan + Republic of Korea,H2,7620.153303,,km,Own calulation,20.07.2026,Julian Bornemann <jb@wip.tu-berlin.de>
Middle East,North America,H2,11092.46665,,km,Own calulation,20.07.2026,Julian Bornemann <jb@wip.tu-berlin.de>
Middle East,Oceania,H2,10622.14299,,km,Own calulation,20.07.2026,Julian Bornemann <jb@wip.tu-berlin.de>
North America,Africa,H2,11379.1441,,km,Own calulation,20.07.2026,Julian Bornemann <jb@wip.tu-berlin.de>
North America,Asia-Rest,H2,13170.39014,,km,Own calulation,20.07.2026,Julian Bornemann <jb@wip.tu-berlin.de>
North America,Central & South America,H2,7652.175283,,km,Own calulation,20.07.2026,Julian Bornemann <jb@wip.tu-berlin.de>
North America,China,H2,10378.28708,,km,Own calulation,20.07.2026,Julian Bornemann <jb@wip.tu-berlin.de>
North America,Europe,H2,7508.50222,,km,Own calulation,20.07.2026,Julian Bornemann <jb@wip.tu-berlin.de>
North America,FSU,H2,8399.02516,,km,Own calulation,20.07.2026,Julian Bornemann <jb@wip.tu-berlin.de>
North America,India,H2,12199.49225,,km,Own calulation,20.07.2026,Julian Bornemann <jb@wip.tu-berlin.de>
North America,Japan + Republic of Korea,H2,9223.299405,,km,Own calulation,20.07.2026,Julian Bornemann <jb@wip.tu-berlin.de>
North America,Middle East,H2,11092.46665,,km,Own calulation,20.07.2026,Julian Bornemann <jb@wip.tu-berlin.de>
North America,Oceania,H2,14757.4025,,km,Own calulation,20.07.2026,Julian Bornemann <jb@wip.tu-berlin.de>
Oceania,Africa,H2,13028.48755,,km,Own calulation,20.07.2026,Julian Bornemann <jb@wip.tu-berlin.de>
Oceania,Asia-Rest,H2,4887.189586,,km,Own calulation,20.07.2026,Julian Bornemann <jb@wip.tu-berlin.de>
Oceania,Central & South America,H2,15547.51929,,km,Own calulation,20.07.2026,Julian Bornemann <jb@wip.tu-berlin.de>
Oceania,China,H2,7672.255997,,km,Own calulation,20.07.2026,Julian Bornemann <jb@wip.tu-berlin.de>
Oceania,Europe,H2,14233.59643,,km,Own calulation,20.07.2026,Julian Bornemann <jb@wip.tu-berlin.de>
Oceania,FSU,H2,10175.17743,,km,Own calulation,20.07.2026,Julian Bornemann <jb@wip.tu-berlin.de>
Oceania,India,H2,8007.382799,,km,Own calulation,20.07.2026,Julian Bornemann <jb@wip.tu-berlin.de>
Oceania,Japan + Republic of Korea,H2,6859.546762,,km,Own calulation,20.07.2026,Julian Bornemann <jb@wip.tu-berlin.de>
Oceania,Middle East,H2,10622.14299,,km,Own calulation,20.07.2026,Julian Bornemann <jb@wip.tu-berlin.de>
Oceania,North America,H2,14757.4025,,km,Own calulation,20.07.2026,Julian Bornemann <jb@wip.tu-berlin.de>
Africa,Asia-Rest,H2_Blend,9800.597366,,km,Own calulation,20.07.2026,Julian Bornemann <jb@wip.tu-berlin.de>
Africa,Central & South America,H2_Blend,8904.563084,,km,Own calulation,20.07.2026,Julian Bornemann <jb@wip.tu-berlin.de>
Africa,China,H2_Blend,9102.089819,,km,Own calulation,20.07.2026,Julian Bornemann <jb@wip.tu-berlin.de>
Africa,Europe,H2_Blend,4729.362996,,km,Own calulation,20.07.2026,Julian Bornemann <jb@wip.tu-berlin.de>
Africa,FSU,H2_Blend,8074.947493,,km,Own calulation,20.07.2026,Julian Bornemann <jb@wip.tu-berlin.de>
Africa,India,H2_Blend,6783.819556,,km,Own calulation,20.07.2026,Julian Bornemann <jb@wip.tu-berlin.de>
Africa,Japan + Republic of Korea,H2_Blend,11953.10263,,km,Own calulation,20.07.2026,Julian Bornemann <jb@wip.tu-berlin.de>
Africa,Middle East,H2_Blend,4343.732131,,km,Own calulation,20.07.2026,Julian Bornemann <jb@wip.tu-berlin.de>
Africa,North America,H2_Blend,11379.1441,,km,Own calulation,20.07.2026,Julian Bornemann <jb@wip.tu-berlin.de>
Africa,Oceania,H2_Blend,13028.48755,,km,Own calulation,20.07.2026,Julian Bornemann <jb@wip.tu-berlin.de>
Asia-Rest,Africa,H2_Blend,9800.597366,,km,Own calulation,20.07.2026,Julian Bornemann <jb@wip.tu-berlin.de>
Asia-Rest,Central & South America,H2_Blend,18620.87487,,km,Own calulation,20.07.2026,Julian Bornemann <jb@wip.tu-berlin.de>
Asia-Rest,China,H2_Blend,3073.234639,,km,Own calulation,20.07.2026,Julian Bornemann <jb@wip.tu-berlin.de>
Asia-Rest,Europe,H2_Blend,9357.778653,,km,Own calulation,20.07.2026,Julian Bornemann <jb@wip.tu-berlin.de>
Asia-Rest,FSU,H2_Blend,5547.799376,,km,Own calulation,20.07.2026,Julian Bornemann <jb@wip.tu-berlin.de>
Asia-Rest,India,H2_Blend,3305.882699,,km,Own calulation,20.07.2026,Julian Bornemann <jb@wip.tu-berlin.de>
Asia-Rest,Japan + Republic of Korea,H2_Blend,4150.842264,,km,Own calulation,20.07.2026,Julian Bornemann <jb@wip.tu-berlin.de>
Asia-Rest,Middle East,H2_Blend,6065.803234,,km,Own calulation,20.07.2026,Julian Bornemann <jb@wip.tu-berlin.de>
Asia-Rest,North America,H2_Blend,13170.39014,,km,Own calulation,20.07.2026,Julian Bornemann <jb@wip.tu-berlin.de>
Asia-Rest,Oceania,H2_Blend,4887.189586,,km,Own calulation,20.07.2026,Julian Bornemann <jb@wip.tu-berlin.de>
Central & South America,Africa,H2_Blend,8904.563084,,km,Own calulation,20.07.2026,Julian Bornemann <jb@wip.tu-berlin.de>
Central & South America,Asia-Rest,H2_Blend,18620.87487,,km,Own calulation,20.07.2026,Julian Bornemann <jb@wip.tu-berlin.de>
Central & South America,China,H2_Blend,16782.15593,,km,Own calulation,20.07.2026,Julian Bornemann <jb@wip.tu-berlin.de>
Central & South America,Europe,H2_Blend,9992.18997,,km,Own calulation,20.07.2026,Julian Bornemann <jb@wip.tu-berlin.de>
Central & South America,FSU,H2_Blend,14293.65694,,km,Own calulation,20.07.2026,Julian Bornemann <jb@wip.tu-berlin.de>
Central & South America,India,H2_Blend,15592.11016,,km,Own calulation,20.07.2026,Julian Bornemann <jb@wip.tu-berlin.de>
Central & South America,Japan + Republic of Korea,H2_Blend,16875.34825,,km,Own calulation,20.07.2026,Julian Bornemann <jb@wip.tu-berlin.de>
Central & South America,Middle East,H2_Blend,12861.11677,,km,Own calulation,20.07.2026,Julian Bornemann <jb@wip.tu-berlin.de>
Central & South America,North America,H2_Blend,7652.175283,,km,Own calulation,20.07.2026,Julian Bornemann <jb@wip.tu-berlin.de>
Central & South America,Oceania,H2_Blend,15547.51929,,km,Own calulation,20.07.2026,Julian Bornemann <jb@wip.tu-berlin.de>
China,Africa,H2_Blend,9102.089819,,km,Own calulation,20.07.2026,Julian Bornemann <jb@wip.tu-berlin.de>
China,Asia-Rest,H2_Blend,3073.234639,,km,Own calulation,20.07.2026,Julian Bornemann <jb@wip.tu-berlin.de>
China,Central & South America,H2_Blend,16782.15593,,km,Own calulation,20.07.2026,Julian Bornemann <jb@wip.tu-berlin.de>
China,Europe,H2_Blend,6852.235455,,km,Own calulation,20.07.2026,Julian Bornemann <jb@wip.tu-berlin.de>
China,FSU,H2_Blend,2521.363399,,km,Own calulation,20.07.2026,Julian Bornemann <jb@wip.tu-berlin.de>
China,India,H2_Blend,2757.710221,,km,Own calulation,20.07.2026,Julian Bornemann <jb@wip.tu-berlin.de>
China,Japan + Republic of Korea,H2_Blend,2911.301733,,km,Own calulation,20.07.2026,Julian Bornemann <jb@wip.tu-berlin.de>
China,Middle East,H2_Blend,4759.676467,,km,Own calulation,20.07.2026,Julian Bornemann <jb@wip.tu-berlin.de>
China,North America,H2_Blend,10378.28708,,km,Own calulation,20.07.2026,Julian Bornemann <jb@wip.tu-berlin.de>
China,Oceania,H2_Blend,7672.255997,,km,Own calulation,20.07.2026,Julian Bornemann <jb@wip.tu-berlin.de>
Europe,Africa,H2_Blend,4729.362996,,km,Own calulation,20.07.2026,Julian Bornemann <jb@wip.tu-berlin.de>
Europe,Asia-Rest,H2_Blend,9357.778653,,km,Own calulation,20.07.2026,Julian Bornemann <jb@wip.tu-berlin.de>
Europe,Central & South America,H2_Blend,9992.18997,,km,Own calulation,20.07.2026,Julian Bornemann <jb@wip.tu-berlin.de>
Europe,China,H2_Blend,6852.235455,,km,Own calulation,20.07.2026,Julian Bornemann <jb@wip.tu-berlin.de>
Europe,FSU,H2_Blend,4623.134493,,km,Own calulation,20.07.2026,Julian Bornemann <jb@wip.tu-berlin.de>
Europe,India,H2_Blend,6271.833761,,km,Own calulation,20.07.2026,Julian Bornemann <jb@wip.tu-berlin.de>
Europe,Japan + Republic of Korea,H2_Blend,8826.835866,,km,Own calulation,20.07.2026,Julian Bornemann <jb@wip.tu-berlin.de>
Europe,Middle East,H2_Blend,3929.60841,,km,Own calulation,20.07.2026,Julian Bornemann <jb@wip.tu-berlin.de>
Europe,North America,H2_Blend,7508.50222,,km,Own calulation,20.07.2026,Julian Bornemann <jb@wip.tu-berlin.de>
Europe,Oceania,H2_Blend,14233.59643,,km,Own calulation,20.07.2026,Julian Bornemann <jb@wip.tu-berlin.de>
FSU,Africa,H2_Blend,8074.947493,,km,Own calulation,20.07.2026,Julian Bornemann <jb@wip.tu-berlin.de>
FSU,Asia-Rest,H2_Blend,5547.799376,,km,Own calulation,20.07.2026,Julian Bornemann <jb@wip.tu-berlin.de>
FSU,Central & South America,H2_Blend,14293.65694,,km,Own calulation,20.07.2026,Julian Bornemann <jb@wip.tu-berlin.de>
FSU,China,H2_Blend,2521.363399,,km,Own calulation,20.07.2026,Julian Bornemann <jb@wip.tu-berlin.de>
FSU,Europe,H2_Blend,4623.134493,,km,Own calulation,20.07.2026,Julian Bornemann <jb@wip.tu-berlin.de>
FSU,India,H2_Blend,3837.865868,,km,Own calulation,20.07.2026,Julian Bornemann <jb@wip.tu-berlin.de>
FSU,Japan + Republic of Korea,H2_Blend,4250.976952,,km,Own calulation,20.07.2026,Julian Bornemann <jb@wip.tu-berlin.de>
FSU,Middle East,H2_Blend,4132.502748,,km,Own calulation,20.07.2026,Julian Bornemann <jb@wip.tu-berlin.de>
FSU,North America,H2_Blend,8399.02516,,km,Own calulation,20.07.2026,Julian Bornemann <jb@wip.tu-berlin.de>
FSU,Oceania,H2_Blend,10175.17743,,km,Own calulation,20.07.2026,Julian Bornemann <jb@wip.tu-berlin.de>
India,Africa,H2_Blend,6783.819556,,km,Own calulation,20.07.2026,Julian Bornemann <jb@wip.tu-berlin.de>
India,Asia-Rest,H2_Blend,3305.882699,,km,Own calulation,20.07.2026,Julian Bornemann <jb@wip.tu-berlin.de>
India,Central & South America,H2_Blend,15592.11016,,km,Own calulation,20.07.2026,Julian Bornemann <jb@wip.tu-berlin.de>
India,China,H2_Blend,2757.710221,,km,Own calulation,20.07.2026,Julian Bornemann <jb@wip.tu-berlin.de>
India,Europe,H2_Blend,6271.833761,,km,Own calulation,20.07.2026,Julian Bornemann <jb@wip.tu-berlin.de>
India,FSU,H2_Blend,3837.865868,,km,Own calulation,20.07.2026,Julian Bornemann <jb@wip.tu-berlin.de>
India,Japan + Republic of Korea,H2_Blend,5583.267342,,km,Own calulation,20.07.2026,Julian Bornemann <jb@wip.tu-berlin.de>
India,Middle East,H2_Blend,2761.847935,,km,Own calulation,20.07.2026,Julian Bornemann <jb@wip.tu-berlin.de>
India,North America,H2_Blend,12199.49225,,km,Own calulation,20.07.2026,Julian Bornemann <jb@wip.tu-berlin.de>
India,Oceania,H2_Blend,8007.382799,,km,Own calulation,20.07.2026,Julian Bornemann <jb@wip.tu-berlin.de>
Japan + Republic of Korea,Africa,H2_Blend,11953.10263,,km,Own calulation,20.07.2026,Julian Bornemann <jb@wip.tu-berlin.de>
Japan + Republic of Korea,Asia-Rest,H2_Blend,4150.842264,,km,Own calulation,20.07.2026,Julian Bornemann <jb@wip.tu-berlin.de>
Japan + Republic of Korea,Central & South America,H2_Blend,16875.34825,,km,Own calulation,20.07.2026,Julian Bornemann <jb@wip.tu-berlin.de>
Japan + Republic of Korea,China,H2_Blend,2911.301733,,km,Own calulation,20.07.2026,Julian Bornemann <jb@wip.tu-berlin.de>
Japan + Republic of Korea,Europe,H2_Blend,8826.835866,,km,Own calulation,20.07.2026,Julian Bornemann <jb@wip.tu-berlin.de>
Japan + Republic of Korea,FSU,H2_Blend,4250.976952,,km,Own calulation,20.07.2026,Julian Bornemann <jb@wip.tu-berlin.de>
Japan + Republic of Korea,India,H2_Blend,5583.267342,,km,Own calulation,20.07.2026,Julian Bornemann <jb@wip.tu-berlin.de>
Japan + Republic of Korea,Middle East,H2_Blend,7620.153303,,km,Own calulation,20.07.2026,Julian Bornemann <jb@wip.tu-berlin.de>
Japan + Republic of Korea,North America,H2_Blend,9223.299405,,km,Own calulation,20.07.2026,Julian Bornemann <jb@wip.tu-berlin.de>
Japan + Republic of Korea,Oceania,H2_Blend,6859.546762,,km,Own calulation,20.07.2026,Julian Bornemann <jb@wip.tu-berlin.de>
Middle East,Africa,H2_Blend,4343.732131,,km,Own calulation,20.07.2026,Julian Bornemann <jb@wip.tu-berlin.de>
Middle East,Asia-Rest,H2_Blend,6065.803234,,km,Own calulation,20.07.2026,Julian Bornemann <jb@wip.tu-berlin.de>
Middle East,Central & South America,H2_Blend,12861.11677,,km,Own calulation,20.07.2026,Julian Bornemann <jb@wip.tu-berlin.de>
Middle East,China,H2_Blend,4759.676467,,km,Own calulation,20.07.2026,Julian Bornemann <jb@wip.tu-berlin.de>
Middle East,Europe,H2_Blend,3929.60841,,km,Own calulation,20.07.2026,Julian Bornemann <jb@wip.tu-berlin.de>
Middle East,FSU,H2_Blend,4132.502748,,km,Own calulation,20.07.2026,Julian Bornemann <jb@wip.tu-berlin.de>
Middle East,India,H2_Blend,2761.847935,,km,Own calulation,20.07.2026,Julian Bornemann <jb@wip.tu-berlin.de>
Middle East,Japan + Republic of Korea,H2_Blend,7620.153303,,km,Own calulation,20.07.2026,Julian Bornemann <jb@wip.tu-berlin.de>
Middle East,North America,H2_Blend,11092.46665,,km,Own calulation,20.07.2026,Julian Bornemann <jb@wip.tu-berlin.de>
Middle East,Oceania,H2_Blend,10622.14299,,km,Own calulation,20.07.2026,Julian Bornemann <jb@wip.tu-berlin.de>
North America,Africa,H2_Blend,11379.1441,,km,Own calulation,20.07.2026,Julian Bornemann <jb@wip.tu-berlin.de>
North America,Asia-Rest,H2_Blend,13170.39014,,km,Own calulation,20.07.2026,Julian Bornemann <jb@wip.tu-berlin.de>
North America,Central & South America,H2_Blend,7652.175283,,km,Own calulation,20.07.2026,Julian Bornemann <jb@wip.tu-berlin.de>
North America,China,H2_Blend,10378.28708,,km,Own calulation,20.07.2026,Julian Bornemann <jb@wip.tu-berlin.de>
North America,Europe,H2_Blend,7508.50222,,km,Own calulation,20.07.2026,Julian Bornemann <jb@wip.tu-berlin.de>
North America,FSU,H2_Blend,8399.02516,,km,Own calulation,20.07.2026,Julian Bornemann <jb@wip.tu-berlin.de>
North America,India,H2_Blend,12199.49225,,km,Own calulation,20.07.2026,Julian Bornemann <jb@wip.tu-berlin.de>
North America,Japan + Republic of Korea,H2_Blend,9223.299405,,km,Own calulation,20.07.2026,Julian Bornemann <jb@wip.tu-berlin.de>
North America,Middle East,H2_Blend,11092.46665,,km,Own calulation,20.07.2026,Julian Bornemann <jb@wip.tu-berlin.de>
North America,Oceania,H2_Blend,14757.4025,,km,Own calulation,20.07.2026,Julian Bornemann <jb@wip.tu-berlin.de>
Oceania,Africa,H2_Blend,13028.48755,,km,Own calulation,20.07.2026,Julian Bornemann <jb@wip.tu-berlin.de>
Oceania,Asia-Rest,H2_Blend,4887.189586,,km,Own calulation,20.07.2026,Julian Bornemann <jb@wip.tu-berlin.de>
Oceania,Central & South America,H2_Blend,15547.51929,,km,Own calulation,20.07.2026,Julian Bornemann <jb@wip.tu-berlin.de>
Oceania,China,H2_Blend,7672.255997,,km,Own calulation,20.07.2026,Julian Bornemann <jb@wip.tu-berlin.de>
Oceania,Europe,H2_Blend,14233.59643,,km,Own calulation,20.07.2026,Julian Bornemann <jb@wip.tu-berlin.de>
Oceania,FSU,H2_Blend,10175.17743,,km,Own calulation,20.07.2026,Julian Bornemann <jb@wip.tu-berlin.de>
Oceania,India,H2_Blend,8007.382799,,km,Own calulation,20.07.2026,Julian Bornemann <jb@wip.tu-berlin.de>
Oceania,Japan + Republic of Korea,H2_Blend,6859.546762,,km,Own calulation,20.07.2026,Julian Bornemann <jb@wip.tu-berlin.de>
Oceania,Middle East,H2_Blend,10622.14299,,km,Own calulation,20.07.2026,Julian Bornemann <jb@wip.tu-berlin.de>
Oceania,North America,H2_Blend,14757.4025,,km,Own calulation,20.07.2026,Julian Bornemann <jb@wip.tu-berlin.de>
Africa,Asia-Rest,Hardcoal,9800.597366,,km,Own calulation,20.07.2026,Julian Bornemann <jb@wip.tu-berlin.de>
Africa,Central & South America,Hardcoal,8904.563084,,km,Own calulation,20.07.2026,Julian Bornemann <jb@wip.tu-berlin.de>
Africa,China,Hardcoal,9102.089819,,km,Own calulation,20.07.2026,Julian Bornemann <jb@wip.tu-berlin.de>
Africa,Europe,Hardcoal,4729.362996,,km,Own calulation,20.07.2026,Julian Bornemann <jb@wip.tu-berlin.de>
Africa,FSU,Hardcoal,8074.947493,,km,Own calulation,20.07.2026,Julian Bornemann <jb@wip.tu-berlin.de>
Africa,India,Hardcoal,6783.819556,,km,Own calulation,20.07.2026,Julian Bornemann <jb@wip.tu-berlin.de>
Africa,Japan + Republic of Korea,Hardcoal,11953.10263,,km,Own calulation,20.07.2026,Julian Bornemann <jb@wip.tu-berlin.de>
Africa,Middle East,Hardcoal,4343.732131,,km,Own calulation,20.07.2026,Julian Bornemann <jb@wip.tu-berlin.de>
Africa,North America,Hardcoal,11379.1441,,km,Own calulation,20.07.2026,Julian Bornemann <jb@wip.tu-berlin.de>
Africa,Oceania,Hardcoal,13028.48755,,km,Own calulation,20.07.2026,Julian Bornemann <jb@wip.tu-berlin.de>
Asia-Rest,Africa,Hardcoal,9800.597366,,km,Own calulation,20.07.2026,Julian Bornemann <jb@wip.tu-berlin.de>
Asia-Rest,Central & South America,Hardcoal,18620.87487,,km,Own calulation,20.07.2026,Julian Bornemann <jb@wip.tu-berlin.de>
Asia-Rest,China,Hardcoal,3073.234639,,km,Own calulation,20.07.2026,Julian Bornemann <jb@wip.tu-berlin.de>
Asia-Rest,Europe,Hardcoal,9357.778653,,km,Own calulation,20.07.2026,Julian Bornemann <jb@wip.tu-berlin.de>
Asia-Rest,FSU,Hardcoal,5547.799376,,km,Own calulation,20.07.2026,Julian Bornemann <jb@wip.tu-berlin.de>
Asia-Rest,India,Hardcoal,3305.882699,,km,Own calulation,20.07.2026,Julian Bornemann <jb@wip.tu-berlin.de>
Asia-Rest,Japan + Republic of Korea,Hardcoal,4150.842264,,km,Own calulation,20.07.2026,Julian Bornemann <jb@wip.tu-berlin.de>
Asia-Rest,Middle East,Hardcoal,6065.803234,,km,Own calulation,20.07.2026,Julian Bornemann <jb@wip.tu-berlin.de>
Asia-Rest,North America,Hardcoal,13170.39014,,km,Own calulation,20.07.2026,Julian Bornemann <jb@wip.tu-berlin.de>
Asia-Rest,Oceania,Hardcoal,4887.189586,,km,Own calulation,20.07.2026,Julian Bornemann <jb@wip.tu-berlin.de>
Central & South America,Africa,Hardcoal,8904.563084,,km,Own calulation,20.07.2026,Julian Bornemann <jb@wip.tu-berlin.de>
Central & South America,Asia-Rest,Hardcoal,18620.87487,,km,Own calulation,20.07.2026,Julian Bornemann <jb@wip.tu-berlin.de>
Central & South America,China,Hardcoal,16782.15593,,km,Own calulation,20.07.2026,Julian Bornemann <jb@wip.tu-berlin.de>
Central & South America,Europe,Hardcoal,9992.18997,,km,Own calulation,20.07.2026,Julian Bornemann <jb@wip.tu-berlin.de>
Central & South America,FSU,Hardcoal,14293.65694,,km,Own calulation,20.07.2026,Julian Bornemann <jb@wip.tu-berlin.de>
Central & South America,India,Hardcoal,15592.11016,,km,Own calulation,20.07.2026,Julian Bornemann <jb@wip.tu-berlin.de>
Central & South America,Japan + Republic of Korea,Hardcoal,16875.34825,,km,Own calulation,20.07.2026,Julian Bornemann <jb@wip.tu-berlin.de>
Central & South America,Middle East,Hardcoal,12861.11677,,km,Own calulation,20.07.2026,Julian Bornemann <jb@wip.tu-berlin.de>
Central & South America,North America,Hardcoal,7652.175283,,km,Own calulation,20.07.2026,Julian Bornemann <jb@wip.tu-berlin.de>
Central & South America,Oceania,Hardcoal,15547.51929,,km,Own calulation,20.07.2026,Julian Bornemann <jb@wip.tu-berlin.de>
China,Africa,Hardcoal,9102.089819,,km,Own calulation,20.07.2026,Julian Bornemann <jb@wip.tu-berlin.de>
China,Asia-Rest,Hardcoal,3073.234639,,km,Own calulation,20.07.2026,Julian Bornemann <jb@wip.tu-berlin.de>
China,Central & South America,Hardcoal,16782.15593,,km,Own calulation,20.07.2026,Julian Bornemann <jb@wip.tu-berlin.de>
China,Europe,Hardcoal,6852.235455,,km,Own calulation,20.07.2026,Julian Bornemann <jb@wip.tu-berlin.de>
China,FSU,Hardcoal,2521.363399,,km,Own calulation,20.07.2026,Julian Bornemann <jb@wip.tu-berlin.de>
China,India,Hardcoal,2757.710221,,km,Own calulation,20.07.2026,Julian Bornemann <jb@wip.tu-berlin.de>
China,Japan + Republic of Korea,Hardcoal,2911.301733,,km,Own calulation,20.07.2026,Julian Bornemann <jb@wip.tu-berlin.de>
China,Middle East,Hardcoal,4759.676467,,km,Own calulation,20.07.2026,Julian Bornemann <jb@wip.tu-berlin.de>
China,North America,Hardcoal,10378.28708,,km,Own calulation,20.07.2026,Julian Bornemann <jb@wip.tu-berlin.de>
China,Oceania,Hardcoal,7672.255997,,km,Own calulation,20.07.2026,Julian Bornemann <jb@wip.tu-berlin.de>
Europe,Africa,Hardcoal,4729.362996,,km,Own calulation,20.07.2026,Julian Bornemann <jb@wip.tu-berlin.de>
Europe,Asia-Rest,Hardcoal,9357.778653,,km,Own calulation,20.07.2026,Julian Bornemann <jb@wip.tu-berlin.de>
Europe,Central & South America,Hardcoal,9992.18997,,km,Own calulation,20.07.2026,Julian Bornemann <jb@wip.tu-berlin.de>
Europe,China,Hardcoal,6852.235455,,km,Own calulation,20.07.2026,Julian Bornemann <jb@wip.tu-berlin.de>
Europe,FSU,Hardcoal,4623.134493,,km,Own calulation,20.07.2026,Julian Bornemann <jb@wip.tu-berlin.de>
Europe,India,Hardcoal,6271.833761,,km,Own calulation,20.07.2026,Julian Bornemann <jb@wip.tu-berlin.de>
Europe,Japan + Republic of Korea,Hardcoal,8826.835866,,km,Own calulation,20.07.2026,Julian Bornemann <jb@wip.tu-berlin.de>
Europe,Middle East,Hardcoal,3929.60841,,km,Own calulation,20.07.2026,Julian Bornemann <jb@wip.tu-berlin.de>
Europe,North America,Hardcoal,7508.50222,,km,Own calulation,20.07.2026,Julian Bornemann <jb@wip.tu-berlin.de>
Europe,Oceania,Hardcoal,14233.59643,,km,Own calulation,20.07.2026,Julian Bornemann <jb@wip.tu-berlin.de>
FSU,Africa,Hardcoal,8074.947493,,km,Own calulation,20.07.2026,Julian Bornemann <jb@wip.tu-berlin.de>
FSU,Asia-Rest,Hardcoal,5547.799376,,km,Own calulation,20.07.2026,Julian Bornemann <jb@wip.tu-berlin.de>
FSU,Central & South America,Hardcoal,14293.65694,,km,Own calulation,20.07.2026,Julian Bornemann <jb@wip.tu-berlin.de>
FSU,China,Hardcoal,2521.363399,,km,Own calulation,20.07.2026,Julian Bornemann <jb@wip.tu-berlin.de>
FSU,Europe,Hardcoal,4623.134493,,km,Own calulation,20.07.2026,Julian Bornemann <jb@wip.tu-berlin.de>
FSU,India,Hardcoal,3837.865868,,km,Own calulation,20.07.2026,Julian Bornemann <jb@wip.tu-berlin.de>
FSU,Japan + Republic of Korea,Hardcoal,4250.976952,,km,Own calulation,20.07.2026,Julian Bornemann <jb@wip.tu-berlin.de>
FSU,Middle East,Hardcoal,4132.502748,,km,Own calulation,20.07.2026,Julian Bornemann <jb@wip.tu-berlin.de>
FSU,North America,Hardcoal,8399.02516,,km,Own calulation,20.07.2026,Julian Bornemann <jb@wip.tu-berlin.de>
FSU,Oceania,Hardcoal,10175.17743,,km,Own calulation,20.07.2026,Julian Bornemann <jb@wip.tu-berlin.de>
India,Africa,Hardcoal,6783.819556,,km,Own calulation,20.07.2026,Julian Bornemann <jb@wip.tu-berlin.de>
India,Asia-Rest,Hardcoal,3305.882699,,km,Own calulation,20.07.2026,Julian Bornemann <jb@wip.tu-berlin.de>
India,Central & South America,Hardcoal,15592.11016,,km,Own calulation,20.07.2026,Julian Bornemann <jb@wip.tu-berlin.de>
India,China,Hardcoal,2757.710221,,km,Own calulation,20.07.2026,Julian Bornemann <jb@wip.tu-berlin.de>
India,Europe,Hardcoal,6271.833761,,km,Own calulation,20.07.2026,Julian Bornemann <jb@wip.tu-berlin.de>
India,FSU,Hardcoal,3837.865868,,km,Own calulation,20.07.2026,Julian Bornemann <jb@wip.tu-berlin.de>
India,Japan + Republic of Korea,Hardcoal,5583.267342,,km,Own calulation,20.07.2026,Julian Bornemann <jb@wip.tu-berlin.de>
India,Middle East,Hardcoal,2761.847935,,km,Own calulation,20.07.2026,Julian Bornemann <jb@wip.tu-berlin.de>
India,North America,Hardcoal,12199.49225,,km,Own calulation,20.07.2026,Julian Bornemann <jb@wip.tu-berlin.de>
India,Oceania,Hardcoal,8007.382799,,km,Own calulation,20.07.2026,Julian Bornemann <jb@wip.tu-berlin.de>
Japan + Republic of Korea,Africa,Hardcoal,11953.10263,,km,Own calulation,20.07.2026,Julian Bornemann <jb@wip.tu-berlin.de>
Japan + Republic of Korea,Asia-Rest,Hardcoal,4150.842264,,km,Own calulation,20.07.2026,Julian Bornemann <jb@wip.tu-berlin.de>
Japan + Republic of Korea,Central & South America,Hardcoal,16875.34825,,km,Own calulation,20.07.2026,Julian Bornemann <jb@wip.tu-berlin.de>
Japan + Republic of Korea,China,Hardcoal,2911.301733,,km,Own calulation,20.07.2026,Julian Bornemann <jb@wip.tu-berlin.de>
Japan + Republic of Korea,Europe,Hardcoal,8826.835866,,km,Own calulation,20.07.2026,Julian Bornemann <jb@wip.tu-berlin.de>
Japan + Republic of Korea,FSU,Hardcoal,4250.976952,,km,Own calulation,20.07.2026,Julian Bornemann <jb@wip.tu-berlin.de>
Japan + Republic of Korea,India,Hardcoal,5583.267342,,km,Own calulation,20.07.2026,Julian Bornemann <jb@wip.tu-berlin.de>
Japan + Republic of Korea,Middle East,Hardcoal,7620.153303,,km,Own calulation,20.07.2026,Julian Bornemann <jb@wip.tu-berlin.de>
Japan + Republic of Korea,North America,Hardcoal,9223.299405,,km,Own calulation,20.07.2026,Julian Bornemann <jb@wip.tu-berlin.de>
Japan + Republic of Korea,Oceania,Hardcoal,6859.546762,,km,Own calulation,20.07.2026,Julian Bornemann <jb@wip.tu-berlin.de>
Middle East,Africa,Hardcoal,4343.732131,,km,Own calulation,20.07.2026,Julian Bornemann <jb@wip.tu-berlin.de>
Middle East,Asia-Rest,Hardcoal,6065.803234,,km,Own calulation,20.07.2026,Julian Bornemann <jb@wip.tu-berlin.de>
Middle East,Central & South America,Hardcoal,12861.11677,,km,Own calulation,20.07.2026,Julian Bornemann <jb@wip.tu-berlin.de>
Middle East,China,Hardcoal,4759.676467,,km,Own calulation,20.07.2026,Julian Bornemann <jb@wip.tu-berlin.de>
Middle East,Europe,Hardcoal,3929.60841,,km,Own calulation,20.07.2026,Julian Bornemann <jb@wip.tu-berlin.de>
Middle East,FSU,Hardcoal,4132.502748,,km,Own calulation,20.07.2026,Julian Bornemann <jb@wip.tu-berlin.de>
Middle East,India,Hardcoal,2761.847935,,km,Own calulation,20.07.2026,Julian Bornemann <jb@wip.tu-berlin.de>
Middle East,Japan + Republic of Korea,Hardcoal,7620.153303,,km,Own calulation,20.07.2026,Julian Bornemann <jb@wip.tu-berlin.de>
Middle East,North America,Hardcoal,11092.46665,,km,Own calulation,20.07.2026,Julian Bornemann <jb@wip.tu-berlin.de>
Middle East,Oceania,Hardcoal,10622.14299,,km,Own calulation,20.07.2026,Julian Bornemann <jb@wip.tu-berlin.de>
North America,Africa,Hardcoal,11379.1441,,km,Own calulation,20.07.2026,Julian Bornemann <jb@wip.tu-berlin.de>
North America,Asia-Rest,Hardcoal,13170.39014,,km,Own calulation,20.07.2026,Julian Bornemann <jb@wip.tu-berlin.de>
North America,Central & South America,Hardcoal,7652.175283,,km,Own calulation,20.07.2026,Julian Bornemann <jb@wip.tu-berlin.de>
North America,China,Hardcoal,10378.28708,,km,Own calulation,20.07.2026,Julian Bornemann <jb@wip.tu-berlin.de>
North America,Europe,Hardcoal,7508.50222,,km,Own calulation,20.07.2026,Julian Bornemann <jb@wip.tu-berlin.de>
North America,FSU,Hardcoal,8399.02516,,km,Own calulation,20.07.2026,Julian Bornemann <jb@wip.tu-berlin.de>
North America,India,Hardcoal,12199.49225,,km,Own calulation,20.07.2026,Julian Bornemann <jb@wip.tu-berlin.de>
North America,Japan + Republic of Korea,Hardcoal,9223.299405,,km,Own calulation,20.07.2026,Julian Bornemann <jb@wip.tu-berlin.de>
North America,Middle East,Hardcoal,11092.46665,,km,Own calulation,20.07.2026,Julian Bornemann <jb@wip.tu-berlin.de>
North America,Oceania,Hardcoal,14757.4025,,km,Own calulation,20.07.2026,Julian Bornemann <jb@wip.tu-berlin.de>
Oceania,Africa,Hardcoal,13028.48755,,km,Own calulation,20.07.2026,Julian Bornemann <jb@wip.tu-berlin.de>
Oceania,Asia-Rest,Hardcoal,4887.189586,,km,Own calulation,20.07.2026,Julian Bornemann <jb@wip.tu-berlin.de>
Oceania,Central & South America,Hardcoal,15547.51929,,km,Own calulation,20.07.2026,Julian Bornemann <jb@wip.tu-berlin.de>
Oceania,China,Hardcoal,7672.255997,,km,Own calulation,20.07.2026,Julian Bornemann <jb@wip.tu-berlin.de>
Oceania,Europe,Hardcoal,14233.59643,,km,Own calulation,20.07.2026,Julian Bornemann <jb@wip.tu-berlin.de>
Oceania,FSU,Hardcoal,10175.17743,,km,Own calulation,20.07.2026,Julian Bornemann <jb@wip.tu-berlin.de>
Oceania,India,Hardcoal,8007.382799,,km,Own calulation,20.07.2026,Julian Bornemann <jb@wip.tu-berlin.de>
Oceania,Japan + Republic of Korea,Hardcoal,6859.546762,,km,Own calulation,20.07.2026,Julian Bornemann <jb@wip.tu-berlin.de>
Oceania,Middle East,Hardcoal,10622.14299,,km,Own calulation,20.07.2026,Julian Bornemann <jb@wip.tu-berlin.de>
Oceania,North America,Hardcoal,14757.4025,,km,Own calulation,20.07.2026,Julian Bornemann <jb@wip.tu-berlin.de>
Africa,Asia-Rest,LBG,9800.597366,,km,Own calulation,20.07.2026,Julian Bornemann <jb@wip.tu-berlin.de>
Africa,Central & South America,LBG,8904.563084,,km,Own calulation,20.07.2026,Julian Bornemann <jb@wip.tu-berlin.de>
Africa,China,LBG,9102.089819,,km,Own calulation,20.07.2026,Julian Bornemann <jb@wip.tu-berlin.de>
Africa,Europe,LBG,4729.362996,,km,Own calulation,20.07.2026,Julian Bornemann <jb@wip.tu-berlin.de>
Africa,FSU,LBG,8074.947493,,km,Own calulation,20.07.2026,Julian Bornemann <jb@wip.tu-berlin.de>
Africa,India,LBG,6783.819556,,km,Own calulation,20.07.2026,Julian Bornemann <jb@wip.tu-berlin.de>
Africa,Japan + Republic of Korea,LBG,11953.10263,,km,Own calulation,20.07.2026,Julian Bornemann <jb@wip.tu-berlin.de>
Africa,Middle East,LBG,4343.732131,,km,Own calulation,20.07.2026,Julian Bornemann <jb@wip.tu-berlin.de>
Africa,North America,LBG,11379.1441,,km,Own calulation,20.07.2026,Julian Bornemann <jb@wip.tu-berlin.de>
Africa,Oceania,LBG,13028.48755,,km,Own calulation,20.07.2026,Julian Bornemann <jb@wip.tu-berlin.de>
Asia-Rest,Africa,LBG,9800.597366,,km,Own calulation,20.07.2026,Julian Bornemann <jb@wip.tu-berlin.de>
Asia-Rest,Central & South America,LBG,18620.87487,,km,Own calulation,20.07.2026,Julian Bornemann <jb@wip.tu-berlin.de>
Asia-Rest,China,LBG,3073.234639,,km,Own calulation,20.07.2026,Julian Bornemann <jb@wip.tu-berlin.de>
Asia-Rest,Europe,LBG,9357.778653,,km,Own calulation,20.07.2026,Julian Bornemann <jb@wip.tu-berlin.de>
Asia-Rest,FSU,LBG,5547.799376,,km,Own calulation,20.07.2026,Julian Bornemann <jb@wip.tu-berlin.de>
Asia-Rest,India,LBG,3305.882699,,km,Own calulation,20.07.2026,Julian Bornemann <jb@wip.tu-berlin.de>
Asia-Rest,Japan + Republic of Korea,LBG,4150.842264,,km,Own calulation,20.07.2026,Julian Bornemann <jb@wip.tu-berlin.de>
Asia-Rest,Middle East,LBG,6065.803234,,km,Own calulation,20.07.2026,Julian Bornemann <jb@wip.tu-berlin.de>
Asia-Rest,North America,LBG,13170.39014,,km,Own calulation,20.07.2026,Julian Bornemann <jb@wip.tu-berlin.de>
Asia-Rest,Oceania,LBG,4887.189586,,km,Own calulation,20.07.2026,Julian Bornemann <jb@wip.tu-berlin.de>
Central & South America,Africa,LBG,8904.563084,,km,Own calulation,20.07.2026,Julian Bornemann <jb@wip.tu-berlin.de>
Central & South America,Asia-Rest,LBG,18620.87487,,km,Own calulation,20.07.2026,Julian Bornemann <jb@wip.tu-berlin.de>
Central & South America,China,LBG,16782.15593,,km,Own calulation,20.07.2026,Julian Bornemann <jb@wip.tu-berlin.de>
Central & South America,Europe,LBG,9992.18997,,km,Own calulation,20.07.2026,Julian Bornemann <jb@wip.tu-berlin.de>
Central & South America,FSU,LBG,14293.65694,,km,Own calulation,20.07.2026,Julian Bornemann <jb@wip.tu-berlin.de>
Central & South America,India,LBG,15592.11016,,km,Own calulation,20.07.2026,Julian Bornemann <jb@wip.tu-berlin.de>
Central & South America,Japan + Republic of Korea,LBG,16875.34825,,km,Own calulation,20.07.2026,Julian Bornemann <jb@wip.tu-berlin.de>
Central & South America,Middle East,LBG,12861.11677,,km,Own calulation,20.07.2026,Julian Bornemann <jb@wip.tu-berlin.de>
Central & South America,North America,LBG,7652.175283,,km,Own calulation,20.07.2026,Julian Bornemann <jb@wip.tu-berlin.de>
Central & South America,Oceania,LBG,15547.51929,,km,Own calulation,20.07.2026,Julian Bornemann <jb@wip.tu-berlin.de>
China,Africa,LBG,9102.089819,,km,Own calulation,20.07.2026,Julian Bornemann <jb@wip.tu-berlin.de>
China,Asia-Rest,LBG,3073.234639,,km,Own calulation,20.07.2026,Julian Bornemann <jb@wip.tu-berlin.de>
China,Central & South America,LBG,16782.15593,,km,Own calulation,20.07.2026,Julian Bornemann <jb@wip.tu-berlin.de>
China,Europe,LBG,6852.235455,,km,Own calulation,20.07.2026,Julian Bornemann <jb@wip.tu-berlin.de>
China,FSU,LBG,2521.363399,,km,Own calulation,20.07.2026,Julian Bornemann <jb@wip.tu-berlin.de>
China,India,LBG,2757.710221,,km,Own calulation,20.07.2026,Julian Bornemann <jb@wip.tu-berlin.de>
China,Japan + Republic of Korea,LBG,2911.301733,,km,Own calulation,20.07.2026,Julian Bornemann <jb@wip.tu-berlin.de>
China,Middle East,LBG,4759.676467,,km,Own calulation,20.07.2026,Julian Bornemann <jb@wip.tu-berlin.de>
China,North America,LBG,10378.28708,,km,Own calulation,20.07.2026,Julian Bornemann <jb@wip.tu-berlin.de>
China,Oceania,LBG,7672.255997,,km,Own calulation,20.07.2026,Julian Bornemann <jb@wip.tu-berlin.de>
Europe,Africa,LBG,4729.362996,,km,Own calulation,20.07.2026,Julian Bornemann <jb@wip.tu-berlin.de>
Europe,Asia-Rest,LBG,9357.778653,,km,Own calulation,20.07.2026,Julian Bornemann <jb@wip.tu-berlin.de>
Europe,Central & South America,LBG,9992.18997,,km,Own calulation,20.07.2026,Julian Bornemann <jb@wip.tu-berlin.de>
Europe,China,LBG,6852.235455,,km,Own calulation,20.07.2026,Julian Bornemann <jb@wip.tu-berlin.de>
Europe,FSU,LBG,4623.134493,,km,Own calulation,20.07.2026,Julian Bornemann <jb@wip.tu-berlin.de>
Europe,India,LBG,6271.833761,,km,Own calulation,20.07.2026,Julian Bornemann <jb@wip.tu-berlin.de>
Europe,Japan + Republic of Korea,LBG,8826.835866,,km,Own calulation,20.07.2026,Julian Bornemann <jb@wip.tu-berlin.de>
Europe,Middle East,LBG,3929.60841,,km,Own calulation,20.07.2026,Julian Bornemann <jb@wip.tu-berlin.de>
Europe,North America,LBG,7508.50222,,km,Own calulation,20.07.2026,Julian Bornemann <jb@wip.tu-berlin.de>
Europe,Oceania,LBG,14233.59643,,km,Own calulation,20.07.2026,Julian Bornemann <jb@wip.tu-berlin.de>
FSU,Africa,LBG,8074.947493,,km,Own calulation,20.07.2026,Julian Bornemann <jb@wip.tu-berlin.de>
FSU,Asia-Rest,LBG,5547.799376,,km,Own calulation,20.07.2026,Julian Bornemann <jb@wip.tu-berlin.de>
FSU,Central & South America,LBG,14293.65694,,km,Own calulation,20.07.2026,Julian Bornemann <jb@wip.tu-berlin.de>
FSU,China,LBG,2521.363399,,km,Own calulation,20.07.2026,Julian Bornemann <jb@wip.tu-berlin.de>
FSU,Europe,LBG,4623.134493,,km,Own calulation,20.07.2026,Julian Bornemann <jb@wip.tu-berlin.de>
FSU,India,LBG,3837.865868,,km,Own calulation,20.07.2026,Julian Bornemann <jb@wip.tu-berlin.de>
FSU,Japan + Republic of Korea,LBG,4250.976952,,km,Own calulation,20.07.2026,Julian Bornemann <jb@wip.tu-berlin.de>
FSU,Middle East,LBG,4132.502748,,km,Own calulation,20.07.2026,Julian Bornemann <jb@wip.tu-berlin.de>
FSU,North America,LBG,8399.02516,,km,Own calulation,20.07.2026,Julian Bornemann <jb@wip.tu-berlin.de>
FSU,Oceania,LBG,10175.17743,,km,Own calulation,20.07.2026,Julian Bornemann <jb@wip.tu-berlin.de>
India,Africa,LBG,6783.819556,,km,Own calulation,20.07.2026,Julian Bornemann <jb@wip.tu-berlin.de>
India,Asia-Rest,LBG,3305.882699,,km,Own calulation,20.07.2026,Julian Bornemann <jb@wip.tu-berlin.de>
India,Central & South America,LBG,15592.11016,,km,Own calulation,20.07.2026,Julian Bornemann <jb@wip.tu-berlin.de>
India,China,LBG,2757.710221,,km,Own calulation,20.07.2026,Julian Bornemann <jb@wip.tu-berlin.de>
India,Europe,LBG,6271.833761,,km,Own calulation,20.07.2026,Julian Bornemann <jb@wip.tu-berlin.de>
India,FSU,LBG,3837.865868,,km,Own calulation,20.07.2026,Julian Bornemann <jb@wip.tu-berlin.de>
India,Japan + Republic of Korea,LBG,5583.267342,,km,Own calulation,20.07.2026,Julian Bornemann <jb@wip.tu-berlin.de>
India,Middle East,LBG,2761.847935,,km,Own calulation,20.07.2026,Julian Bornemann <jb@wip.tu-berlin.de>
India,North America,LBG,12199.49225,,km,Own calulation,20.07.2026,Julian Bornemann <jb@wip.tu-berlin.de>
India,Oceania,LBG,8007.382799,,km,Own calulation,20.07.2026,Julian Bornemann <jb@wip.tu-berlin.de>
Japan + Republic of Korea,Africa,LBG,11953.10263,,km,Own calulation,20.07.2026,Julian Bornemann <jb@wip.tu-berlin.de>
Japan + Republic of Korea,Asia-Rest,LBG,4150.842264,,km,Own calulation,20.07.2026,Julian Bornemann <jb@wip.tu-berlin.de>
Japan + Republic of Korea,Central & South America,LBG,16875.34825,,km,Own calulation,20.07.2026,Julian Bornemann <jb@wip.tu-berlin.de>
Japan + Republic of Korea,China,LBG,2911.301733,,km,Own calulation,20.07.2026,Julian Bornemann <jb@wip.tu-berlin.de>
Japan + Republic of Korea,Europe,LBG,8826.835866,,km,Own calulation,20.07.2026,Julian Bornemann <jb@wip.tu-berlin.de>
Japan + Republic of Korea,FSU,LBG,4250.976952,,km,Own calulation,20.07.2026,Julian Bornemann <jb@wip.tu-berlin.de>
Japan + Republic of Korea,India,LBG,5583.267342,,km,Own calulation,20.07.2026,Julian Bornemann <jb@wip.tu-berlin.de>
Japan + Republic of Korea,Middle East,LBG,7620.153303,,km,Own calulation,20.07.2026,Julian Bornemann <jb@wip.tu-berlin.de>
Japan + Republic of Korea,North America,LBG,9223.299405,,km,Own calulation,20.07.2026,Julian Bornemann <jb@wip.tu-berlin.de>
Japan + Republic of Korea,Oceania,LBG,6859.546762,,km,Own calulation,20.07.2026,Julian Bornemann <jb@wip.tu-berlin.de>
Middle East,Africa,LBG,4343.732131,,km,Own calulation,20.07.2026,Julian Bornemann <jb@wip.tu-berlin.de>
Middle East,Asia-Rest,LBG,6065.803234,,km,Own calulation,20.07.2026,Julian Bornemann <jb@wip.tu-berlin.de>
Middle East,Central & South America,LBG,12861.11677,,km,Own calulation,20.07.2026,Julian Bornemann <jb@wip.tu-berlin.de>
Middle East,China,LBG,4759.676467,,km,Own calulation,20.07.2026,Julian Bornemann <jb@wip.tu-berlin.de>
Middle East,Europe,LBG,3929.60841,,km,Own calulation,20.07.2026,Julian Bornemann <jb@wip.tu-berlin.de>
Middle East,FSU,LBG,4132.502748,,km,Own calulation,20.07.2026,Julian Bornemann <jb@wip.tu-berlin.de>
Middle East,India,LBG,2761.847935,,km,Own calulation,20.07.2026,Julian Bornemann <jb@wip.tu-berlin.de>
Middle East,Japan + Republic of Korea,LBG,7620.153303,,km,Own calulation,20.07.2026,Julian Bornemann <jb@wip.tu-berlin.de>
Middle East,North America,LBG,11092.46665,,km,Own calulation,20.07.2026,Julian Bornemann <jb@wip.tu-berlin.de>
Middle East,Oceania,LBG,10622.14299,,km,Own calulation,20.07.2026,Julian Bornemann <jb@wip.tu-berlin.de>
North America,Africa,LBG,11379.1441,,km,Own calulation,20.07.2026,Julian Bornemann <jb@wip.tu-berlin.de>
North America,Asia-Rest,LBG,13170.39014,,km,Own calulation,20.07.2026,Julian Bornemann <jb@wip.tu-berlin.de>
North America,Central & South America,LBG,7652.175283,,km,Own calulation,20.07.2026,Julian Bornemann <jb@wip.tu-berlin.de>
North America,China,LBG,10378.28708,,km,Own calulation,20.07.2026,Julian Bornemann <jb@wip.tu-berlin.de>
North America,Europe,LBG,7508.50222,,km,Own calulation,20.07.2026,Julian Bornemann <jb@wip.tu-berlin.de>
North America,FSU,LBG,8399.02516,,km,Own calulation,20.07.2026,Julian Bornemann <jb@wip.tu-berlin.de>
North America,India,LBG,12199.49225,,km,Own calulation,20.07.2026,Julian Bornemann <jb@wip.tu-berlin.de>
North America,Japan + Republic of Korea,LBG,9223.299405,,km,Own calulation,20.07.2026,Julian Bornemann <jb@wip.tu-berlin.de>
North America,Middle East,LBG,11092.46665,,km,Own calulation,20.07.2026,Julian Bornemann <jb@wip.tu-berlin.de>
North America,Oceania,LBG,14757.4025,,km,Own calulation,20.07.2026,Julian Bornemann <jb@wip.tu-berlin.de>
Oceania,Africa,LBG,13028.48755,,km,Own calulation,20.07.2026,Julian Bornemann <jb@wip.tu-berlin.de>
Oceania,Asia-Rest,LBG,4887.189586,,km,Own calulation,20.07.2026,Julian Bornemann <jb@wip.tu-berlin.de>
Oceania,Central & South America,LBG,15547.51929,,km,Own calulation,20.07.2026,Julian Bornemann <jb@wip.tu-berlin.de>
Oceania,China,LBG,7672.255997,,km,Own calulation,20.07.2026,Julian Bornemann <jb@wip.tu-berlin.de>
Oceania,Europe,LBG,14233.59643,,km,Own calulation,20.07.2026,Julian Bornemann <jb@wip.tu-berlin.de>
Oceania,FSU,LBG,10175.17743,,km,Own calulation,20.07.2026,Julian Bornemann <jb@wip.tu-berlin.de>
Oceania,India,LBG,8007.382799,,km,Own calulation,20.07.2026,Julian Bornemann <jb@wip.tu-berlin.de>
Oceania,Japan + Republic of Korea,LBG,6859.546762,,km,Own calulation,20.07.2026,Julian Bornemann <jb@wip.tu-berlin.de>
Oceania,Middle East,LBG,10622.14299,,km,Own calulation,20.07.2026,Julian Bornemann <jb@wip.tu-berlin.de>
Oceania,North America,LBG,14757.4025,,km,Own calulation,20.07.2026,Julian Bornemann <jb@wip.tu-berlin.de>
Africa,Asia-Rest,LH2,9800.597366,,km,Own calulation,20.07.2026,Julian Bornemann <jb@wip.tu-berlin.de>
Africa,Central & South America,LH2,8904.563084,,km,Own calulation,20.07.2026,Julian Bornemann <jb@wip.tu-berlin.de>
Africa,China,LH2,9102.089819,,km,Own calulation,20.07.2026,Julian Bornemann <jb@wip.tu-berlin.de>
Africa,Europe,LH2,4729.362996,,km,Own calulation,20.07.2026,Julian Bornemann <jb@wip.tu-berlin.de>
Africa,FSU,LH2,8074.947493,,km,Own calulation,20.07.2026,Julian Bornemann <jb@wip.tu-berlin.de>
Africa,India,LH2,6783.819556,,km,Own calulation,20.07.2026,Julian Bornemann <jb@wip.tu-berlin.de>
Africa,Japan + Republic of Korea,LH2,11953.10263,,km,Own calulation,20.07.2026,Julian Bornemann <jb@wip.tu-berlin.de>
Africa,Middle East,LH2,4343.732131,,km,Own calulation,20.07.2026,Julian Bornemann <jb@wip.tu-berlin.de>
Africa,North America,LH2,11379.1441,,km,Own calulation,20.07.2026,Julian Bornemann <jb@wip.tu-berlin.de>
Africa,Oceania,LH2,13028.48755,,km,Own calulation,20.07.2026,Julian Bornemann <jb@wip.tu-berlin.de>
Asia-Rest,Africa,LH2,9800.597366,,km,Own calulation,20.07.2026,Julian Bornemann <jb@wip.tu-berlin.de>
Asia-Rest,Central & South America,LH2,18620.87487,,km,Own calulation,20.07.2026,Julian Bornemann <jb@wip.tu-berlin.de>
Asia-Rest,China,LH2,3073.234639,,km,Own calulation,20.07.2026,Julian Bornemann <jb@wip.tu-berlin.de>
Asia-Rest,Europe,LH2,9357.778653,,km,Own calulation,20.07.2026,Julian Bornemann <jb@wip.tu-berlin.de>
Asia-Rest,FSU,LH2,5547.799376,,km,Own calulation,20.07.2026,Julian Bornemann <jb@wip.tu-berlin.de>
Asia-Rest,India,LH2,3305.882699,,km,Own calulation,20.07.2026,Julian Bornemann <jb@wip.tu-berlin.de>
Asia-Rest,Japan + Republic of Korea,LH2,4150.842264,,km,Own calulation,20.07.2026,Julian Bornemann <jb@wip.tu-berlin.de>
Asia-Rest,Middle East,LH2,6065.803234,,km,Own calulation,20.07.2026,Julian Bornemann <jb@wip.tu-berlin.de>
Asia-Rest,North America,LH2,13170.39014,,km,Own calulation,20.07.2026,Julian Bornemann <jb@wip.tu-berlin.de>
Asia-Rest,Oceania,LH2,4887.189586,,km,Own calulation,20.07.2026,Julian Bornemann <jb@wip.tu-berlin.de>
Central & South America,Africa,LH2,8904.563084,,km,Own calulation,20.07.2026,Julian Bornemann <jb@wip.tu-berlin.de>
Central & South America,Asia-Rest,LH2,18620.87487,,km,Own calulation,20.07.2026,Julian Bornemann <jb@wip.tu-berlin.de>
Central & South America,China,LH2,16782.15593,,km,Own calulation,20.07.2026,Julian Bornemann <jb@wip.tu-berlin.de>
Central & South America,Europe,LH2,9992.18997,,km,Own calulation,20.07.2026,Julian Bornemann <jb@wip.tu-berlin.de>
Central & South America,FSU,LH2,14293.65694,,km,Own calulation,20.07.2026,Julian Bornemann <jb@wip.tu-berlin.de>
Central & South America,India,LH2,15592.11016,,km,Own calulation,20.07.2026,Julian Bornemann <jb@wip.tu-berlin.de>
Central & South America,Japan + Republic of Korea,LH2,16875.34825,,km,Own calulation,20.07.2026,Julian Bornemann <jb@wip.tu-berlin.de>
Central & South America,Middle East,LH2,12861.11677,,km,Own calulation,20.07.2026,Julian Bornemann <jb@wip.tu-berlin.de>
Central & South America,North America,LH2,7652.175283,,km,Own calulation,20.07.2026,Julian Bornemann <jb@wip.tu-berlin.de>
Central & South America,Oceania,LH2,15547.51929,,km,Own calulation,20.07.2026,Julian Bornemann <jb@wip.tu-berlin.de>
China,Africa,LH2,9102.089819,,km,Own calulation,20.07.2026,Julian Bornemann <jb@wip.tu-berlin.de>
China,Asia-Rest,LH2,3073.234639,,km,Own calulation,20.07.2026,Julian Bornemann <jb@wip.tu-berlin.de>
China,Central & South America,LH2,16782.15593,,km,Own calulation,20.07.2026,Julian Bornemann <jb@wip.tu-berlin.de>
China,Europe,LH2,6852.235455,,km,Own calulation,20.07.2026,Julian Bornemann <jb@wip.tu-berlin.de>
China,FSU,LH2,2521.363399,,km,Own calulation,20.07.2026,Julian Bornemann <jb@wip.tu-berlin.de>
China,India,LH2,2757.710221,,km,Own calulation,20.07.2026,Julian Bornemann <jb@wip.tu-berlin.de>
China,Japan + Republic of Korea,LH2,2911.301733,,km,Own calulation,20.07.2026,Julian Bornemann <jb@wip.tu-berlin.de>
China,Middle East,LH2,4759.676467,,km,Own calulation,20.07.2026,Julian Bornemann <jb@wip.tu-berlin.de>
China,North America,LH2,10378.28708,,km,Own calulation,20.07.2026,Julian Bornemann <jb@wip.tu-berlin.de>
China,Oceania,LH2,7672.255997,,km,Own calulation,20.07.2026,Julian Bornemann <jb@wip.tu-berlin.de>
Europe,Africa,LH2,4729.362996,,km,Own calulation,20.07.2026,Julian Bornemann <jb@wip.tu-berlin.de>
Europe,Asia-Rest,LH2,9357.778653,,km,Own calulation,20.07.2026,Julian Bornemann <jb@wip.tu-berlin.de>
Europe,Central & South America,LH2,9992.18997,,km,Own calulation,20.07.2026,Julian Bornemann <jb@wip.tu-berlin.de>
Europe,China,LH2,6852.235455,,km,Own calulation,20.07.2026,Julian Bornemann <jb@wip.tu-berlin.de>
Europe,FSU,LH2,4623.134493,,km,Own calulation,20.07.2026,Julian Bornemann <jb@wip.tu-berlin.de>
Europe,India,LH2,6271.833761,,km,Own calulation,20.07.2026,Julian Bornemann <jb@wip.tu-berlin.de>
Europe,Japan + Republic of Korea,LH2,8826.835866,,km,Own calulation,20.07.2026,Julian Bornemann <jb@wip.tu-berlin.de>
Europe,Middle East,LH2,3929.60841,,km,Own calulation,20.07.2026,Julian Bornemann <jb@wip.tu-berlin.de>
Europe,North America,LH2,7508.50222,,km,Own calulation,20.07.2026,Julian Bornemann <jb@wip.tu-berlin.de>
Europe,Oceania,LH2,14233.59643,,km,Own calulation,20.07.2026,Julian Bornemann <jb@wip.tu-berlin.de>
FSU,Africa,LH2,8074.947493,,km,Own calulation,20.07.2026,Julian Bornemann <jb@wip.tu-berlin.de>
FSU,Asia-Rest,LH2,5547.799376,,km,Own calulation,20.07.2026,Julian Bornemann <jb@wip.tu-berlin.de>
FSU,Central & South America,LH2,14293.65694,,km,Own calulation,20.07.2026,Julian Bornemann <jb@wip.tu-berlin.de>
FSU,China,LH2,2521.363399,,km,Own calulation,20.07.2026,Julian Bornemann <jb@wip.tu-berlin.de>
FSU,Europe,LH2,4623.134493,,km,Own calulation,20.07.2026,Julian Bornemann <jb@wip.tu-berlin.de>
FSU,India,LH2,3837.865868,,km,Own calulation,20.07.2026,Julian Bornemann <jb@wip.tu-berlin.de>
FSU,Japan + Republic of Korea,LH2,4250.976952,,km,Own calulation,20.07.2026,Julian Bornemann <jb@wip.tu-berlin.de>
FSU,Middle East,LH2,4132.502748,,km,Own calulation,20.07.2026,Julian Bornemann <jb@wip.tu-berlin.de>
FSU,North America,LH2,8399.02516,,km,Own calulation,20.07.2026,Julian Bornemann <jb@wip.tu-berlin.de>
FSU,Oceania,LH2,10175.17743,,km,Own calulation,20.07.2026,Julian Bornemann <jb@wip.tu-berlin.de>
India,Africa,LH2,6783.819556,,km,Own calulation,20.07.2026,Julian Bornemann <jb@wip.tu-berlin.de>
India,Asia-Rest,LH2,3305.882699,,km,Own calulation,20.07.2026,Julian Bornemann <jb@wip.tu-berlin.de>
India,Central & South America,LH2,15592.11016,,km,Own calulation,20.07.2026,Julian Bornemann <jb@wip.tu-berlin.de>
India,China,LH2,2757.710221,,km,Own calulation,20.07.2026,Julian Bornemann <jb@wip.tu-berlin.de>
India,Europe,LH2,6271.833761,,km,Own calulation,20.07.2026,Julian Bornemann <jb@wip.tu-berlin.de>
India,FSU,LH2,3837.865868,,km,Own calulation,20.07.2026,Julian Bornemann <jb@wip.tu-berlin.de>
India,Japan + Republic of Korea,LH2,5583.267342,,km,Own calulation,20.07.2026,Julian Bornemann <jb@wip.tu-berlin.de>
India,Middle East,LH2,2761.847935,,km,Own calulation,20.07.2026,Julian Bornemann <jb@wip.tu-berlin.de>
India,North America,LH2,12199.49225,,km,Own calulation,20.07.2026,Julian Bornemann <jb@wip.tu-berlin.de>
India,Oceania,LH2,8007.382799,,km,Own calulation,20.07.2026,Julian Bornemann <jb@wip.tu-berlin.de>
Japan + Republic of Korea,Africa,LH2,11953.10263,,km,Own calulation,20.07.2026,Julian Bornemann <jb@wip.tu-berlin.de>
Japan + Republic of Korea,Asia-Rest,LH2,4150.842264,,km,Own calulation,20.07.2026,Julian Bornemann <jb@wip.tu-berlin.de>
Japan + Republic of Korea,Central & South America,LH2,16875.34825,,km,Own calulation,20.07.2026,Julian Bornemann <jb@wip.tu-berlin.de>
Japan + Republic of Korea,China,LH2,2911.301733,,km,Own calulation,20.07.2026,Julian Bornemann <jb@wip.tu-berlin.de>
Japan + Republic of Korea,Europe,LH2,8826.835866,,km,Own calulation,20.07.2026,Julian Bornemann <jb@wip.tu-berlin.de>
Japan + Republic of Korea,FSU,LH2,4250.976952,,km,Own calulation,20.07.2026,Julian Bornemann <jb@wip.tu-berlin.de>
Japan + Republic of Korea,India,LH2,5583.267342,,km,Own calulation,20.07.2026,Julian Bornemann <jb@wip.tu-berlin.de>
Japan + Republic of Korea,Middle East,LH2,7620.153303,,km,Own calulation,20.07.2026,Julian Bornemann <jb@wip.tu-berlin.de>
Japan + Republic of Korea,North America,LH2,9223.299405,,km,Own calulation,20.07.2026,Julian Bornemann <jb@wip.tu-berlin.de>
Japan + Republic of Korea,Oceania,LH2,6859.546762,,km,Own calulation,20.07.2026,Julian Bornemann <jb@wip.tu-berlin.de>
Middle East,Africa,LH2,4343.732131,,km,Own calulation,20.07.2026,Julian Bornemann <jb@wip.tu-berlin.de>
Middle East,Asia-Rest,LH2,6065.803234,,km,Own calulation,20.07.2026,Julian Bornemann <jb@wip.tu-berlin.de>
Middle East,Central & South America,LH2,12861.11677,,km,Own calulation,20.07.2026,Julian Bornemann <jb@wip.tu-berlin.de>
Middle East,China,LH2,4759.676467,,km,Own calulation,20.07.2026,Julian Bornemann <jb@wip.tu-berlin.de>
Middle East,Europe,LH2,3929.60841,,km,Own calulation,20.07.2026,Julian Bornemann <jb@wip.tu-berlin.de>
Middle East,FSU,LH2,4132.502748,,km,Own calulation,20.07.2026,Julian Bornemann <jb@wip.tu-berlin.de>
Middle East,India,LH2,2761.847935,,km,Own calulation,20.07.2026,Julian Bornemann <jb@wip.tu-berlin.de>
Middle East,Japan + Republic of Korea,LH2,7620.153303,,km,Own calulation,20.07.2026,Julian Bornemann <jb@wip.tu-berlin.de>
Middle East,North America,LH2,11092.46665,,km,Own calulation,20.07.2026,Julian Bornemann <jb@wip.tu-berlin.de>
Middle East,Oceania,LH2,10622.14299,,km,Own calulation,20.07.2026,Julian Bornemann <jb@wip.tu-berlin.de>
North America,Africa,LH2,11379.1441,,km,Own calulation,20.07.2026,Julian Bornemann <jb@wip.tu-berlin.de>
North America,Asia-Rest,LH2,13170.39014,,km,Own calulation,20.07.2026,Julian Bornemann <jb@wip.tu-berlin.de>
North America,Central & South America,LH2,7652.175283,,km,Own calulation,20.07.2026,Julian Bornemann <jb@wip.tu-berlin.de>
North America,China,LH2,10378.28708,,km,Own calulation,20.07.2026,Julian Bornemann <jb@wip.tu-berlin.de>
North America,Europe,LH2,7508.50222,,km,Own calulation,20.07.2026,Julian Bornemann <jb@wip.tu-berlin.de>
North America,FSU,LH2,8399.02516,,km,Own calulation,20.07.2026,Julian Bornemann <jb@wip.tu-berlin.de>
North America,India,LH2,12199.49225,,km,Own calulation,20.07.2026,Julian Bornemann <jb@wip.tu-berlin.de>
North America,Japan + Republic of Korea,LH2,9223.299405,,km,Own calulation,20.07.2026,Julian Bornemann <jb@wip.tu-berlin.de>
North America,Middle East,LH2,11092.46665,,km,Own calulation,20.07.2026,Julian Bornemann <jb@wip.tu-berlin.de>
North America,Oceania,LH2,14757.4025,,km,Own calulation,20.07.2026,Julian Bornemann <jb@wip.tu-berlin.de>
Oceania,Africa,LH2,13028.48755,,km,Own calulation,20.07.2026,Julian Bornemann <jb@wip.tu-berlin.de>
Oceania,Asia-Rest,LH2,4887.189586,,km,Own calulation,20.07.2026,Julian Bornemann <jb@wip.tu-berlin.de>
Oceania,Central & South America,LH2,15547.51929,,km,Own calulation,20.07.2026,Julian Bornemann <jb@wip.tu-berlin.de>
Oceania,China,LH2,7672.255997,,km,Own calulation,20.07.2026,Julian Bornemann <jb@wip.tu-berlin.de>
Oceania,Europe,LH2,14233.59643,,km,Own calulation,20.07.2026,Julian Bornemann <jb@wip.tu-berlin.de>
Oceania,FSU,LH2,10175.17743,,km,Own calulation,20.07.2026,Julian Bornemann <jb@wip.tu-berlin.de>
Oceania,India,LH2,8007.382799,,km,Own calulation,20.07.2026,Julian Bornemann <jb@wip.tu-berlin.de>
Oceania,Japan + Republic of Korea,LH2,6859.546762,,km,Own calulation,20.07.2026,Julian Bornemann <jb@wip.tu-berlin.de>
Oceania,Middle East,LH2,10622.14299,,km,Own calulation,20.07.2026,Julian Bornemann <jb@wip.tu-berlin.de>
Oceania,North America,LH2,14757.4025,,km,Own calulation,20.07.2026,Julian Bornemann <jb@wip.tu-berlin.de>
Africa,Asia-Rest,LNG,9800.597366,,km,Own calulation,20.07.2026,Julian Bornemann <jb@wip.tu-berlin.de>
Africa,Central & South America,LNG,8904.563084,,km,Own calulation,20.07.2026,Julian Bornemann <jb@wip.tu-berlin.de>
Africa,China,LNG,9102.089819,,km,Own calulation,20.07.2026,Julian Bornemann <jb@wip.tu-berlin.de>
Africa,Europe,LNG,4729.362996,,km,Own calulation,20.07.2026,Julian Bornemann <jb@wip.tu-berlin.de>
Africa,FSU,LNG,8074.947493,,km,Own calulation,20.07.2026,Julian Bornemann <jb@wip.tu-berlin.de>
Africa,India,LNG,6783.819556,,km,Own calulation,20.07.2026,Julian Bornemann <jb@wip.tu-berlin.de>
Africa,Japan + Republic of Korea,LNG,11953.10263,,km,Own calulation,20.07.2026,Julian Bornemann <jb@wip.tu-berlin.de>
Africa,Middle East,LNG,4343.732131,,km,Own calulation,20.07.2026,Julian Bornemann <jb@wip.tu-berlin.de>
Africa,North America,LNG,11379.1441,,km,Own calulation,20.07.2026,Julian Bornemann <jb@wip.tu-berlin.de>
Africa,Oceania,LNG,13028.48755,,km,Own calulation,20.07.2026,Julian Bornemann <jb@wip.tu-berlin.de>
Asia-Rest,Africa,LNG,9800.597366,,km,Own calulation,20.07.2026,Julian Bornemann <jb@wip.tu-berlin.de>
Asia-Rest,Central & South America,LNG,18620.87487,,km,Own calulation,20.07.2026,Julian Bornemann <jb@wip.tu-berlin.de>
Asia-Rest,China,LNG,3073.234639,,km,Own calulation,20.07.2026,Julian Bornemann <jb@wip.tu-berlin.de>
Asia-Rest,Europe,LNG,9357.778653,,km,Own calulation,20.07.2026,Julian Bornemann <jb@wip.tu-berlin.de>
Asia-Rest,FSU,LNG,5547.799376,,km,Own calulation,20.07.2026,Julian Bornemann <jb@wip.tu-berlin.de>
Asia-Rest,India,LNG,3305.882699,,km,Own calulation,20.07.2026,Julian Bornemann <jb@wip.tu-berlin.de>
Asia-Rest,Japan + Republic of Korea,LNG,4150.842264,,km,Own calulation,20.07.2026,Julian Bornemann <jb@wip.tu-berlin.de>
Asia-Rest,Middle East,LNG,6065.803234,,km,Own calulation,20.07.2026,Julian Bornemann <jb@wip.tu-berlin.de>
Asia-Rest,North America,LNG,13170.39014,,km,Own calulation,20.07.2026,Julian Bornemann <jb@wip.tu-berlin.de>
Asia-Rest,Oceania,LNG,4887.189586,,km,Own calulation,20.07.2026,Julian Bornemann <jb@wip.tu-berlin.de>
Central & South America,Africa,LNG,8904.563084,,km,Own calulation,20.07.2026,Julian Bornemann <jb@wip.tu-berlin.de>
Central & South America,Asia-Rest,LNG,18620.87487,,km,Own calulation,20.07.2026,Julian Bornemann <jb@wip.tu-berlin.de>
Central & South America,China,LNG,16782.15593,,km,Own calulation,20.07.2026,Julian Bornemann <jb@wip.tu-berlin.de>
Central & South America,Europe,LNG,9992.18997,,km,Own calulation,20.07.2026,Julian Bornemann <jb@wip.tu-berlin.de>
Central & South America,FSU,LNG,14293.65694,,km,Own calulation,20.07.2026,Julian Bornemann <jb@wip.tu-berlin.de>
Central & South America,India,LNG,15592.11016,,km,Own calulation,20.07.2026,Julian Bornemann <jb@wip.tu-berlin.de>
Central & South America,Japan + Republic of Korea,LNG,16875.34825,,km,Own calulation,20.07.2026,Julian Bornemann <jb@wip.tu-berlin.de>
Central & South America,Middle East,LNG,12861.11677,,km,Own calulation,20.07.2026,Julian Bornemann <jb@wip.tu-berlin.de>
Central & South America,North America,LNG,7652.175283,,km,Own calulation,20.07.2026,Julian Bornemann <jb@wip.tu-berlin.de>
Central & South America,Oceania,LNG,15547.51929,,km,Own calulation,20.07.2026,Julian Bornemann <jb@wip.tu-berlin.de>
China,Africa,LNG,9102.089819,,km,Own calulation,20.07.2026,Julian Bornemann <jb@wip.tu-berlin.de>
China,Asia-Rest,LNG,3073.234639,,km,Own calulation,20.07.2026,Julian Bornemann <jb@wip.tu-berlin.de>
China,Central & South America,LNG,16782.15593,,km,Own calulation,20.07.2026,Julian Bornemann <jb@wip.tu-berlin.de>
China,Europe,LNG,6852.235455,,km,Own calulation,20.07.2026,Julian Bornemann <jb@wip.tu-berlin.de>
China,FSU,LNG,2521.363399,,km,Own calulation,20.07.2026,Julian Bornemann <jb@wip.tu-berlin.de>
China,India,LNG,2757.710221,,km,Own calulation,20.07.2026,Julian Bornemann <jb@wip.tu-berlin.de>
China,Japan + Republic of Korea,LNG,2911.301733,,km,Own calulation,20.07.2026,Julian Bornemann <jb@wip.tu-berlin.de>
China,Middle East,LNG,4759.676467,,km,Own calulation,20.07.2026,Julian Bornemann <jb@wip.tu-berlin.de>
China,North America,LNG,10378.28708,,km,Own calulation,20.07.2026,Julian Bornemann <jb@wip.tu-berlin.de>
China,Oceania,LNG,7672.255997,,km,Own calulation,20.07.2026,Julian Bornemann <jb@wip.tu-berlin.de>
Europe,Africa,LNG,4729.362996,,km,Own calulation,20.07.2026,Julian Bornemann <jb@wip.tu-berlin.de>
Europe,Asia-Rest,LNG,9357.778653,,km,Own calulation,20.07.2026,Julian Bornemann <jb@wip.tu-berlin.de>
Europe,Central & South America,LNG,9992.18997,,km,Own calulation,20.07.2026,Julian Bornemann <jb@wip.tu-berlin.de>
Europe,China,LNG,6852.235455,,km,Own calulation,20.07.2026,Julian Bornemann <jb@wip.tu-berlin.de>
Europe,FSU,LNG,4623.134493,,km,Own calulation,20.07.2026,Julian Bornemann <jb@wip.tu-berlin.de>
Europe,India,LNG,6271.833761,,km,Own calulation,20.07.2026,Julian Bornemann <jb@wip.tu-berlin.de>
Europe,Japan + Republic of Korea,LNG,8826.835866,,km,Own calulation,20.07.2026,Julian Bornemann <jb@wip.tu-berlin.de>
Europe,Middle East,LNG,3929.60841,,km,Own calulation,20.07.2026,Julian Bornemann <jb@wip.tu-berlin.de>
Europe,North America,LNG,7508.50222,,km,Own calulation,20.07.2026,Julian Bornemann <jb@wip.tu-berlin.de>
Europe,Oceania,LNG,14233.59643,,km,Own calulation,20.07.2026,Julian Bornemann <jb@wip.tu-berlin.de>
FSU,Africa,LNG,8074.947493,,km,Own calulation,20.07.2026,Julian Bornemann <jb@wip.tu-berlin.de>
FSU,Asia-Rest,LNG,5547.799376,,km,Own calulation,20.07.2026,Julian Bornemann <jb@wip.tu-berlin.de>
FSU,Central & South America,LNG,14293.65694,,km,Own calulation,20.07.2026,Julian Bornemann <jb@wip.tu-berlin.de>
FSU,China,LNG,2521.363399,,km,Own calulation,20.07.2026,Julian Bornemann <jb@wip.tu-berlin.de>
FSU,Europe,LNG,4623.134493,,km,Own calulation,20.07.2026,Julian Bornemann <jb@wip.tu-berlin.de>
FSU,India,LNG,3837.865868,,km,Own calulation,20.07.2026,Julian Bornemann <jb@wip.tu-berlin.de>
FSU,Japan + Republic of Korea,LNG,4250.976952,,km,Own calulation,20.07.2026,Julian Bornemann <jb@wip.tu-berlin.de>
FSU,Middle East,LNG,4132.502748,,km,Own calulation,20.07.2026,Julian Bornemann <jb@wip.tu-berlin.de>
FSU,North America,LNG,8399.02516,,km,Own calulation,20.07.2026,Julian Bornemann <jb@wip.tu-berlin.de>
FSU,Oceania,LNG,10175.17743,,km,Own calulation,20.07.2026,Julian Bornemann <jb@wip.tu-berlin.de>
India,Africa,LNG,6783.819556,,km,Own calulation,20.07.2026,Julian Bornemann <jb@wip.tu-berlin.de>
India,Asia-Rest,LNG,3305.882699,,km,Own calulation,20.07.2026,Julian Bornemann <jb@wip.tu-berlin.de>
India,Central & South America,LNG,15592.11016,,km,Own calulation,20.07.2026,Julian Bornemann <jb@wip.tu-berlin.de>
India,China,LNG,2757.710221,,km,Own calulation,20.07.2026,Julian Bornemann <jb@wip.tu-berlin.de>
India,Europe,LNG,6271.833761,,km,Own calulation,20.07.2026,Julian Bornemann <jb@wip.tu-berlin.de>
India,FSU,LNG,3837.865868,,km,Own calulation,20.07.2026,Julian Bornemann <jb@wip.tu-berlin.de>
India,Japan + Republic of Korea,LNG,5583.267342,,km,Own calulation,20.07.2026,Julian Bornemann <jb@wip.tu-berlin.de>
India,Middle East,LNG,2761.847935,,km,Own calulation,20.07.2026,Julian Bornemann <jb@wip.tu-berlin.de>
India,North America,LNG,12199.49225,,km,Own calulation,20.07.2026,Julian Bornemann <jb@wip.tu-berlin.de>
India,Oceania,LNG,8007.382799,,km,Own calulation,20.07.2026,Julian Bornemann <jb@wip.tu-berlin.de>
Japan + Republic of Korea,Africa,LNG,11953.10263,,km,Own calulation,20.07.2026,Julian Bornemann <jb@wip.tu-berlin.de>
Japan + Republic of Korea,Asia-Rest,LNG,4150.842264,,km,Own calulation,20.07.2026,Julian Bornemann <jb@wip.tu-berlin.de>
Japan + Republic of Korea,Central & South America,LNG,16875.34825,,km,Own calulation,20.07.2026,Julian Bornemann <jb@wip.tu-berlin.de>
Japan + Republic of Korea,China,LNG,2911.301733,,km,Own calulation,20.07.2026,Julian Bornemann <jb@wip.tu-berlin.de>
Japan + Republic of Korea,Europe,LNG,8826.835866,,km,Own calulation,20.07.2026,Julian Bornemann <jb@wip.tu-berlin.de>
Japan + Republic of Korea,FSU,LNG,4250.976952,,km,Own calulation,20.07.2026,Julian Bornemann <jb@wip.tu-berlin.de>
Japan + Republic of Korea,India,LNG,5583.267342,,km,Own calulation,20.07.2026,Julian Bornemann <jb@wip.tu-berlin.de>
Japan + Republic of Korea,Middle East,LNG,7620.153303,,km,Own calulation,20.07.2026,Julian Bornemann <jb@wip.tu-berlin.de>
Japan + Republic of Korea,North America,LNG,9223.299405,,km,Own calulation,20.07.2026,Julian Bornemann <jb@wip.tu-berlin.de>
Japan + Republic of Korea,Oceania,LNG,6859.546762,,km,Own calulation,20.07.2026,Julian Bornemann <jb@wip.tu-berlin.de>
Middle East,Africa,LNG,4343.732131,,km,Own calulation,20.07.2026,Julian Bornemann <jb@wip.tu-berlin.de>
Middle East,Asia-Rest,LNG,6065.803234,,km,Own calulation,20.07.2026,Julian Bornemann <jb@wip.tu-berlin.de>
Middle East,Central & South America,LNG,12861.11677,,km,Own calulation,20.07.2026,Julian Bornemann <jb@wip.tu-berlin.de>
Middle East,China,LNG,4759.676467,,km,Own calulation,20.07.2026,Julian Bornemann <jb@wip.tu-berlin.de>
Middle East,Europe,LNG,3929.60841,,km,Own calulation,20.07.2026,Julian Bornemann <jb@wip.tu-berlin.de>
Middle East,FSU,LNG,4132.502748,,km,Own calulation,20.07.2026,Julian Bornemann <jb@wip.tu-berlin.de>
Middle East,India,LNG,2761.847935,,km,Own calulation,20.07.2026,Julian Bornemann <jb@wip.tu-berlin.de>
Middle East,Japan + Republic of Korea,LNG,7620.153303,,km,Own calulation,20.07.2026,Julian Bornemann <jb@wip.tu-berlin.de>
Middle East,North America,LNG,11092.46665,,km,Own calulation,20.07.2026,Julian Bornemann <jb@wip.tu-berlin.de>
Middle East,Oceania,LNG,10622.14299,,km,Own calulation,20.07.2026,Julian Bornemann <jb@wip.tu-berlin.de>
North America,Africa,LNG,11379.1441,,km,Own calulation,20.07.2026,Julian Bornemann <jb@wip.tu-berlin.de>
North America,Asia-Rest,LNG,13170.39014,,km,Own calulation,20.07.2026,Julian Bornemann <jb@wip.tu-berlin.de>
North America,Central & South America,LNG,7652.175283,,km,Own calulation,20.07.2026,Julian Bornemann <jb@wip.tu-berlin.de>
North America,China,LNG,10378.28708,,km,Own calulation,20.07.2026,Julian Bornemann <jb@wip.tu-berlin.de>
North America,Europe,LNG,7508.50222,,km,Own calulation,20.07.2026,Julian Bornemann <jb@wip.tu-berlin.de>
North America,FSU,LNG,8399.02516,,km,Own calulation,20.07.2026,Julian Bornemann <jb@wip.tu-berlin.de>
North America,India,LNG,12199.49225,,km,Own calulation,20.07.2026,Julian Bornemann <jb@wip.tu-berlin.de>
North America,Japan + Republic of Korea,LNG,9223.299405,,km,Own calulation,20.07.2026,Julian Bornemann <jb@wip.tu-berlin.de>
North America,Middle East,LNG,11092.46665,,km,Own calulation,20.07.2026,Julian Bornemann <jb@wip.tu-berlin.de>
North America,Oceania,LNG,14757.4025,,km,Own calulation,20.07.2026,Julian Bornemann <jb@wip.tu-berlin.de>
Oceania,Africa,LNG,13028.48755,,km,Own calulation,20.07.2026,Julian Bornemann <jb@wip.tu-berlin.de>
Oceania,Asia-Rest,LNG,4887.189586,,km,Own calulation,20.07.2026,Julian Bornemann <jb@wip.tu-berlin.de>
Oceania,Central & South America,LNG,15547.51929,,km,Own calulation,20.07.2026,Julian Bornemann <jb@wip.tu-berlin.de>
Oceania,China,LNG,7672.255997,,km,Own calulation,20.07.2026,Julian Bornemann <jb@wip.tu-berlin.de>
Oceania,Europe,LNG,14233.59643,,km,Own calulation,20.07.2026,Julian Bornemann <jb@wip.tu-berlin.de>
Oceania,FSU,LNG,10175.17743,,km,Own calulation,20.07.2026,Julian Bornemann <jb@wip.tu-berlin.de>
Oceania,India,LNG,8007.382799,,km,Own calulation,20.07.2026,Julian Bornemann <jb@wip.tu-berlin.de>
Oceania,Japan + Republic of Korea,LNG,6859.546762,,km,Own calulation,20.07.2026,Julian Bornemann <jb@wip.tu-berlin.de>
Oceania,Middle East,LNG,10622.14299,,km,Own calulation,20.07.2026,Julian Bornemann <jb@wip.tu-berlin.de>
Oceania,North America,LNG,14757.4025,,km,Own calulation,20.07.2026,Julian Bornemann <jb@wip.tu-berlin.de>
Africa,Asia-Rest,LSG,9800.597366,,km,Own calulation,20.07.2026,Julian Bornemann <jb@wip.tu-berlin.de>
Africa,Central & South America,LSG,8904.563084,,km,Own calulation,20.07.2026,Julian Bornemann <jb@wip.tu-berlin.de>
Africa,China,LSG,9102.089819,,km,Own calulation,20.07.2026,Julian Bornemann <jb@wip.tu-berlin.de>
Africa,Europe,LSG,4729.362996,,km,Own calulation,20.07.2026,Julian Bornemann <jb@wip.tu-berlin.de>
Africa,FSU,LSG,8074.947493,,km,Own calulation,20.07.2026,Julian Bornemann <jb@wip.tu-berlin.de>
Africa,India,LSG,6783.819556,,km,Own calulation,20.07.2026,Julian Bornemann <jb@wip.tu-berlin.de>
Africa,Japan + Republic of Korea,LSG,11953.10263,,km,Own calulation,20.07.2026,Julian Bornemann <jb@wip.tu-berlin.de>
Africa,Middle East,LSG,4343.732131,,km,Own calulation,20.07.2026,Julian Bornemann <jb@wip.tu-berlin.de>
Africa,North America,LSG,11379.1441,,km,Own calulation,20.07.2026,Julian Bornemann <jb@wip.tu-berlin.de>
Africa,Oceania,LSG,13028.48755,,km,Own calulation,20.07.2026,Julian Bornemann <jb@wip.tu-berlin.de>
Asia-Rest,Africa,LSG,9800.597366,,km,Own calulation,20.07.2026,Julian Bornemann <jb@wip.tu-berlin.de>
Asia-Rest,Central & South America,LSG,18620.87487,,km,Own calulation,20.07.2026,Julian Bornemann <jb@wip.tu-berlin.de>
Asia-Rest,China,LSG,3073.234639,,km,Own calulation,20.07.2026,Julian Bornemann <jb@wip.tu-berlin.de>
Asia-Rest,Europe,LSG,9357.778653,,km,Own calulation,20.07.2026,Julian Bornemann <jb@wip.tu-berlin.de>
Asia-Rest,FSU,LSG,5547.799376,,km,Own calulation,20.07.2026,Julian Bornemann <jb@wip.tu-berlin.de>
Asia-Rest,India,LSG,3305.882699,,km,Own calulation,20.07.2026,Julian Bornemann <jb@wip.tu-berlin.de>
Asia-Rest,Japan + Republic of Korea,LSG,4150.842264,,km,Own calulation,20.07.2026,Julian Bornemann <jb@wip.tu-berlin.de>
Asia-Rest,Middle East,LSG,6065.803234,,km,Own calulation,20.07.2026,Julian Bornemann <jb@wip.tu-berlin.de>
Asia-Rest,North America,LSG,13170.39014,,km,Own calulation,20.07.2026,Julian Bornemann <jb@wip.tu-berlin.de>
Asia-Rest,Oceania,LSG,4887.189586,,km,Own calulation,20.07.2026,Julian Bornemann <jb@wip.tu-berlin.de>
Central & South America,Africa,LSG,8904.563084,,km,Own calulation,20.07.2026,Julian Bornemann <jb@wip.tu-berlin.de>
Central & South America,Asia-Rest,LSG,18620.87487,,km,Own calulation,20.07.2026,Julian Bornemann <jb@wip.tu-berlin.de>
Central & South America,China,LSG,16782.15593,,km,Own calulation,20.07.2026,Julian Bornemann <jb@wip.tu-berlin.de>
Central & South America,Europe,LSG,9992.18997,,km,Own calulation,20.07.2026,Julian Bornemann <jb@wip.tu-berlin.de>
Central & South America,FSU,LSG,14293.65694,,km,Own calulation,20.07.2026,Julian Bornemann <jb@wip.tu-berlin.de>
Central & South America,India,LSG,15592.11016,,km,Own calulation,20.07.2026,Julian Bornemann <jb@wip.tu-berlin.de>
Central & South America,Japan + Republic of Korea,LSG,16875.34825,,km,Own calulation,20.07.2026,Julian Bornemann <jb@wip.tu-berlin.de>
Central & South America,Middle East,LSG,12861.11677,,km,Own calulation,20.07.2026,Julian Bornemann <jb@wip.tu-berlin.de>
Central & South America,North America,LSG,7652.175283,,km,Own calulation,20.07.2026,Julian Bornemann <jb@wip.tu-berlin.de>
Central & South America,Oceania,LSG,15547.51929,,km,Own calulation,20.07.2026,Julian Bornemann <jb@wip.tu-berlin.de>
China,Africa,LSG,9102.089819,,km,Own calulation,20.07.2026,Julian Bornemann <jb@wip.tu-berlin.de>
China,Asia-Rest,LSG,3073.234639,,km,Own calulation,20.07.2026,Julian Bornemann <jb@wip.tu-berlin.de>
China,Central & South America,LSG,16782.15593,,km,Own calulation,20.07.2026,Julian Bornemann <jb@wip.tu-berlin.de>
China,Europe,LSG,6852.235455,,km,Own calulation,20.07.2026,Julian Bornemann <jb@wip.tu-berlin.de>
China,FSU,LSG,2521.363399,,km,Own calulation,20.07.2026,Julian Bornemann <jb@wip.tu-berlin.de>
China,India,LSG,2757.710221,,km,Own calulation,20.07.2026,Julian Bornemann <jb@wip.tu-berlin.de>
China,Japan + Republic of Korea,LSG,2911.301733,,km,Own calulation,20.07.2026,Julian Bornemann <jb@wip.tu-berlin.de>
China,Middle East,LSG,4759.676467,,km,Own calulation,20.07.2026,Julian Bornemann <jb@wip.tu-berlin.de>
China,North America,LSG,10378.28708,,km,Own calulation,20.07.2026,Julian Bornemann <jb@wip.tu-berlin.de>
China,Oceania,LSG,7672.255997,,km,Own calulation,20.07.2026,Julian Bornemann <jb@wip.tu-berlin.de>
Europe,Africa,LSG,4729.362996,,km,Own calulation,20.07.2026,Julian Bornemann <jb@wip.tu-berlin.de>
Europe,Asia-Rest,LSG,9357.778653,,km,Own calulation,20.07.2026,Julian Bornemann <jb@wip.tu-berlin.de>
Europe,Central & South America,LSG,9992.18997,,km,Own calulation,20.07.2026,Julian Bornemann <jb@wip.tu-berlin.de>
Europe,China,LSG,6852.235455,,km,Own calulation,20.07.2026,Julian Bornemann <jb@wip.tu-berlin.de>
Europe,FSU,LSG,4623.134493,,km,Own calulation,20.07.2026,Julian Bornemann <jb@wip.tu-berlin.de>
Europe,India,LSG,6271.833761,,km,Own calulation,20.07.2026,Julian Bornemann <jb@wip.tu-berlin.de>
Europe,Japan + Republic of Korea,LSG,8826.835866,,km,Own calulation,20.07.2026,Julian Bornemann <jb@wip.tu-berlin.de>
Europe,Middle East,LSG,3929.60841,,km,Own calulation,20.07.2026,Julian Bornemann <jb@wip.tu-berlin.de>
Europe,North America,LSG,7508.50222,,km,Own calulation,20.07.2026,Julian Bornemann <jb@wip.tu-berlin.de>
Europe,Oceania,LSG,14233.59643,,km,Own calulation,20.07.2026,Julian Bornemann <jb@wip.tu-berlin.de>
FSU,Africa,LSG,8074.947493,,km,Own calulation,20.07.2026,Julian Bornemann <jb@wip.tu-berlin.de>
FSU,Asia-Rest,LSG,5547.799376,,km,Own calulation,20.07.2026,Julian Bornemann <jb@wip.tu-berlin.de>
FSU,Central & South America,LSG,14293.65694,,km,Own calulation,20.07.2026,Julian Bornemann <jb@wip.tu-berlin.de>
FSU,China,LSG,2521.363399,,km,Own calulation,20.07.2026,Julian Bornemann <jb@wip.tu-berlin.de>
FSU,Europe,LSG,4623.134493,,km,Own calulation,20.07.2026,Julian Bornemann <jb@wip.tu-berlin.de>
FSU,India,LSG,3837.865868,,km,Own calulation,20.07.2026,Julian Bornemann <jb@wip.tu-berlin.de>
FSU,Japan + Republic of Korea,LSG,4250.976952,,km,Own calulation,20.07.2026,Julian Bornemann <jb@wip.tu-berlin.de>
FSU,Middle East,LSG,4132.502748,,km,Own calulation,20.07.2026,Julian Bornemann <jb@wip.tu-berlin.de>
FSU,North America,LSG,8399.02516,,km,Own calulation,20.07.2026,Julian Bornemann <jb@wip.tu-berlin.de>
FSU,Oceania,LSG,10175.17743,,km,Own calulation,20.07.2026,Julian Bornemann <jb@wip.tu-berlin.de>
India,Africa,LSG,6783.819556,,km,Own calulation,20.07.2026,Julian Bornemann <jb@wip.tu-berlin.de>
India,Asia-Rest,LSG,3305.882699,,km,Own calulation,20.07.2026,Julian Bornemann <jb@wip.tu-berlin.de>
India,Central & South America,LSG,15592.11016,,km,Own calulation,20.07.2026,Julian Bornemann <jb@wip.tu-berlin.de>
India,China,LSG,2757.710221,,km,Own calulation,20.07.2026,Julian Bornemann <jb@wip.tu-berlin.de>
India,Europe,LSG,6271.833761,,km,Own calulation,20.07.2026,Julian Bornemann <jb@wip.tu-berlin.de>
India,FSU,LSG,3837.865868,,km,Own calulation,20.07.2026,Julian Bornemann <jb@wip.tu-berlin.de>
India,Japan + Republic of Korea,LSG,5583.267342,,km,Own calulation,20.07.2026,Julian Bornemann <jb@wip.tu-berlin.de>
India,Middle East,LSG,2761.847935,,km,Own calulation,20.07.2026,Julian Bornemann <jb@wip.tu-berlin.de>
India,North America,LSG,12199.49225,,km,Own calulation,20.07.2026,Julian Bornemann <jb@wip.tu-berlin.de>
India,Oceania,LSG,8007.382799,,km,Own calulation,20.07.2026,Julian Bornemann <jb@wip.tu-berlin.de>
Japan + Republic of Korea,Africa,LSG,11953.10263,,km,Own calulation,20.07.2026,Julian Bornemann <jb@wip.tu-berlin.de>
Japan + Republic of Korea,Asia-Rest,LSG,4150.842264,,km,Own calulation,20.07.2026,Julian Bornemann <jb@wip.tu-berlin.de>
Japan + Republic of Korea,Central & South America,LSG,16875.34825,,km,Own calulation,20.07.2026,Julian Bornemann <jb@wip.tu-berlin.de>
Japan + Republic of Korea,China,LSG,2911.301733,,km,Own calulation,20.07.2026,Julian Bornemann <jb@wip.tu-berlin.de>
Japan + Republic of Korea,Europe,LSG,8826.835866,,km,Own calulation,20.07.2026,Julian Bornemann <jb@wip.tu-berlin.de>
Japan + Republic of Korea,FSU,LSG,4250.976952,,km,Own calulation,20.07.2026,Julian Bornemann <jb@wip.tu-berlin.de>
Japan + Republic of Korea,India,LSG,5583.267342,,km,Own calulation,20.07.2026,Julian Bornemann <jb@wip.tu-berlin.de>
Japan + Republic of Korea,Middle East,LSG,7620.153303,,km,Own calulation,20.07.2026,Julian Bornemann <jb@wip.tu-berlin.de>
Japan + Republic of Korea,North America,LSG,9223.299405,,km,Own calulation,20.07.2026,Julian Bornemann <jb@wip.tu-berlin.de>
Japan + Republic of Korea,Oceania,LSG,6859.546762,,km,Own calulation,20.07.2026,Julian Bornemann <jb@wip.tu-berlin.de>
Middle East,Africa,LSG,4343.732131,,km,Own calulation,20.07.2026,Julian Bornemann <jb@wip.tu-berlin.de>
Middle East,Asia-Rest,LSG,6065.803234,,km,Own calulation,20.07.2026,Julian Bornemann <jb@wip.tu-berlin.de>
Middle East,Central & South America,LSG,12861.11677,,km,Own calulation,20.07.2026,Julian Bornemann <jb@wip.tu-berlin.de>
Middle East,China,LSG,4759.676467,,km,Own calulation,20.07.2026,Julian Bornemann <jb@wip.tu-berlin.de>
Middle East,Europe,LSG,3929.60841,,km,Own calulation,20.07.2026,Julian Bornemann <jb@wip.tu-berlin.de>
Middle East,FSU,LSG,4132.502748,,km,Own calulation,20.07.2026,Julian Bornemann <jb@wip.tu-berlin.de>
Middle East,India,LSG,2761.847935,,km,Own calulation,20.07.2026,Julian Bornemann <jb@wip.tu-berlin.de>
Middle East,Japan + Republic of Korea,LSG,7620.153303,,km,Own calulation,20.07.2026,Julian Bornemann <jb@wip.tu-berlin.de>
Middle East,North America,LSG,11092.46665,,km,Own calulation,20.07.2026,Julian Bornemann <jb@wip.tu-berlin.de>
Middle East,Oceania,LSG,10622.14299,,km,Own calulation,20.07.2026,Julian Bornemann <jb@wip.tu-berlin.de>
North America,Africa,LSG,11379.1441,,km,Own calulation,20.07.2026,Julian Bornemann <jb@wip.tu-berlin.de>
North America,Asia-Rest,LSG,13170.39014,,km,Own calulation,20.07.2026,Julian Bornemann <jb@wip.tu-berlin.de>
North America,Central & South America,LSG,7652.175283,,km,Own calulation,20.07.2026,Julian Bornemann <jb@wip.tu-berlin.de>
North America,China,LSG,10378.28708,,km,Own calulation,20.07.2026,Julian Bornemann <jb@wip.tu-berlin.de>
North America,Europe,LSG,7508.50222,,km,Own calulation,20.07.2026,Julian Bornemann <jb@wip.tu-berlin.de>
North America,FSU,LSG,8399.02516,,km,Own calulation,20.07.2026,Julian Bornemann <jb@wip.tu-berlin.de>
North America,India,LSG,12199.49225,,km,Own calulation,20.07.2026,Julian Bornemann <jb@wip.tu-berlin.de>
North America,Japan + Republic of Korea,LSG,9223.299405,,km,Own calulation,20.07.2026,Julian Bornemann <jb@wip.tu-berlin.de>
North America,Middle East,LSG,11092.46665,,km,Own calulation,20.07.2026,Julian Bornemann <jb@wip.tu-berlin.de>
North America,Oceania,LSG,14757.4025,,km,Own calulation,20.07.2026,Julian Bornemann <jb@wip.tu-berlin.de>
Oceania,Africa,LSG,13028.48755,,km,Own calulation,20.07.2026,Julian Bornemann <jb@wip.tu-berlin.de>
Oceania,Asia-Rest,LSG,4887.189586,,km,Own calulation,20.07.2026,Julian Bornemann <jb@wip.tu-berlin.de>
Oceania,Central & South America,LSG,15547.51929,,km,Own calulation,20.07.2026,Julian Bornemann <jb@wip.tu-berlin.de>
Oceania,China,LSG,7672.255997,,km,Own calulation,20.07.2026,Julian Bornemann <jb@wip.tu-berlin.de>
Oceania,Europe,LSG,14233.59643,,km,Own calulation,20.07.2026,Julian Bornemann <jb@wip.tu-berlin.de>
Oceania,FSU,LSG,10175.17743,,km,Own calulation,20.07.2026,Julian Bornemann <jb@wip.tu-berlin.de>
Oceania,India,LSG,8007.382799,,km,Own calulation,20.07.2026,Julian Bornemann <jb@wip.tu-berlin.de>
Oceania,Japan + Republic of Korea,LSG,6859.546762,,km,Own calulation,20.07.2026,Julian Bornemann <jb@wip.tu-berlin.de>
Oceania,Middle East,LSG,10622.14299,,km,Own calulation,20.07.2026,Julian Bornemann <jb@wip.tu-berlin.de>
Oceania,North America,LSG,14757.4025,,km,Own calulation,20.07.2026,Julian Bornemann <jb@wip.tu-berlin.de>
Africa,Asia-Rest,Oil,9800.597366,,km,Own calulation,20.07.2026,Julian Bornemann <jb@wip.tu-berlin.de>
Africa,Central & South America,Oil,8904.563084,,km,Own calulation,20.07.2026,Julian Bornemann <jb@wip.tu-berlin.de>
Africa,China,Oil,9102.089819,,km,Own calulation,20.07.2026,Julian Bornemann <jb@wip.tu-berlin.de>
Africa,Europe,Oil,4729.362996,,km,Own calulation,20.07.2026,Julian Bornemann <jb@wip.tu-berlin.de>
Africa,FSU,Oil,8074.947493,,km,Own calulation,20.07.2026,Julian Bornemann <jb@wip.tu-berlin.de>
Africa,India,Oil,6783.819556,,km,Own calulation,20.07.2026,Julian Bornemann <jb@wip.tu-berlin.de>
Africa,Japan + Republic of Korea,Oil,11953.10263,,km,Own calulation,20.07.2026,Julian Bornemann <jb@wip.tu-berlin.de>
Africa,Middle East,Oil,4343.732131,,km,Own calulation,20.07.2026,Julian Bornemann <jb@wip.tu-berlin.de>
Africa,North America,Oil,11379.1441,,km,Own calulation,20.07.2026,Julian Bornemann <jb@wip.tu-berlin.de>
Africa,Oceania,Oil,13028.48755,,km,Own calulation,20.07.2026,Julian Bornemann <jb@wip.tu-berlin.de>
Asia-Rest,Africa,Oil,9800.597366,,km,Own calulation,20.07.2026,Julian Bornemann <jb@wip.tu-berlin.de>
Asia-Rest,Central & South America,Oil,18620.87487,,km,Own calulation,20.07.2026,Julian Bornemann <jb@wip.tu-berlin.de>
Asia-Rest,China,Oil,3073.234639,,km,Own calulation,20.07.2026,Julian Bornemann <jb@wip.tu-berlin.de>
Asia-Rest,Europe,Oil,9357.778653,,km,Own calulation,20.07.2026,Julian Bornemann <jb@wip.tu-berlin.de>
Asia-Rest,FSU,Oil,5547.799376,,km,Own calulation,20.07.2026,Julian Bornemann <jb@wip.tu-berlin.de>
Asia-Rest,India,Oil,3305.882699,,km,Own calulation,20.07.2026,Julian Bornemann <jb@wip.tu-berlin.de>
Asia-Rest,Japan + Republic of Korea,Oil,4150.842264,,km,Own calulation,20.07.2026,Julian Bornemann <jb@wip.tu-berlin.de>
Asia-Rest,Middle East,Oil,6065.803234,,km,Own calulation,20.07.2026,Julian Bornemann <jb@wip.tu-berlin.de>
Asia-Rest,North America,Oil,13170.39014,,km,Own calulation,20.07.2026,Julian Bornemann <jb@wip.tu-berlin.de>
Asia-Rest,Oceania,Oil,4887.189586,,km,Own calulation,20.07.2026,Julian Bornemann <jb@wip.tu-berlin.de>
Central & South America,Africa,Oil,8904.563084,,km,Own calulation,20.07.2026,Julian Bornemann <jb@wip.tu-berlin.de>
Central & South America,Asia-Rest,Oil,18620.87487,,km,Own calulation,20.07.2026,Julian Bornemann <jb@wip.tu-berlin.de>
Central & South America,China,Oil,16782.15593,,km,Own calulation,20.07.2026,Julian Bornemann <jb@wip.tu-berlin.de>
Central & South America,Europe,Oil,9992.18997,,km,Own calulation,20.07.2026,Julian Bornemann <jb@wip.tu-berlin.de>
Central & South America,FSU,Oil,14293.65694,,km,Own calulation,20.07.2026,Julian Bornemann <jb@wip.tu-berlin.de>
Central & South America,India,Oil,15592.11016,,km,Own calulation,20.07.2026,Julian Bornemann <jb@wip.tu-berlin.de>
Central & South America,Japan + Republic of Korea,Oil,16875.34825,,km,Own calulation,20.07.2026,Julian Bornemann <jb@wip.tu-berlin.de>
Central & South America,Middle East,Oil,12861.11677,,km,Own calulation,20.07.2026,Julian Bornemann <jb@wip.tu-berlin.de>
Central & South America,North America,Oil,7652.175283,,km,Own calulation,20.07.2026,Julian Bornemann <jb@wip.tu-berlin.de>
Central & South America,Oceania,Oil,15547.51929,,km,Own calulation,20.07.2026,Julian Bornemann <jb@wip.tu-berlin.de>
China,Africa,Oil,9102.089819,,km,Own calulation,20.07.2026,Julian Bornemann <jb@wip.tu-berlin.de>
China,Asia-Rest,Oil,3073.234639,,km,Own calulation,20.07.2026,Julian Bornemann <jb@wip.tu-berlin.de>
China,Central & South America,Oil,16782.15593,,km,Own calulation,20.07.2026,Julian Bornemann <jb@wip.tu-berlin.de>
China,Europe,Oil,6852.235455,,km,Own calulation,20.07.2026,Julian Bornemann <jb@wip.tu-berlin.de>
China,FSU,Oil,2521.363399,,km,Own calulation,20.07.2026,Julian Bornemann <jb@wip.tu-berlin.de>
China,India,Oil,2757.710221,,km,Own calulation,20.07.2026,Julian Bornemann <jb@wip.tu-berlin.de>
China,Japan + Republic of Korea,Oil,2911.301733,,km,Own calulation,20.07.2026,Julian Bornemann <jb@wip.tu-berlin.de>
China,Middle East,Oil,4759.676467,,km,Own calulation,20.07.2026,Julian Bornemann <jb@wip.tu-berlin.de>
China,North America,Oil,10378.28708,,km,Own calulation,20.07.2026,Julian Bornemann <jb@wip.tu-berlin.de>
China,Oceania,Oil,7672.255997,,km,Own calulation,20.07.2026,Julian Bornemann <jb@wip.tu-berlin.de>
Europe,Africa,Oil,4729.362996,,km,Own calulation,20.07.2026,Julian Bornemann <jb@wip.tu-berlin.de>
Europe,Asia-Rest,Oil,9357.778653,,km,Own calulation,20.07.2026,Julian Bornemann <jb@wip.tu-berlin.de>
Europe,Central & South America,Oil,9992.18997,,km,Own calulation,20.07.2026,Julian Bornemann <jb@wip.tu-berlin.de>
Europe,China,Oil,6852.235455,,km,Own calulation,20.07.2026,Julian Bornemann <jb@wip.tu-berlin.de>
Europe,FSU,Oil,4623.134493,,km,Own calulation,20.07.2026,Julian Bornemann <jb@wip.tu-berlin.de>
Europe,India,Oil,6271.833761,,km,Own calulation,20.07.2026,Julian Bornemann <jb@wip.tu-berlin.de>
Europe,Japan + Republic of Korea,Oil,8826.835866,,km,Own calulation,20.07.2026,Julian Bornemann <jb@wip.tu-berlin.de>
Europe,Middle East,Oil,3929.60841,,km,Own calulation,20.07.2026,Julian Bornemann <jb@wip.tu-berlin.de>
Europe,North America,Oil,7508.50222,,km,Own calulation,20.07.2026,Julian Bornemann <jb@wip.tu-berlin.de>
Europe,Oceania,Oil,14233.59643,,km,Own calulation,20.07.2026,Julian Bornemann <jb@wip.tu-berlin.de>
FSU,Africa,Oil,8074.947493,,km,Own calulation,20.07.2026,Julian Bornemann <jb@wip.tu-berlin.de>
FSU,Asia-Rest,Oil,5547.799376,,km,Own calulation,20.07.2026,Julian Bornemann <jb@wip.tu-berlin.de>
FSU,Central & South America,Oil,14293.65694,,km,Own calulation,20.07.2026,Julian Bornemann <jb@wip.tu-berlin.de>
FSU,China,Oil,2521.363399,,km,Own calulation,20.07.2026,Julian Bornemann <jb@wip.tu-berlin.de>
FSU,Europe,Oil,4623.134493,,km,Own calulation,20.07.2026,Julian Bornemann <jb@wip.tu-berlin.de>
FSU,India,Oil,3837.865868,,km,Own calulation,20.07.2026,Julian Bornemann <jb@wip.tu-berlin.de>
FSU,Japan + Republic of Korea,Oil,4250.976952,,km,Own calulation,20.07.2026,Julian Bornemann <jb@wip.tu-berlin.de>
FSU,Middle East,Oil,4132.502748,,km,Own calulation,20.07.2026,Julian Bornemann <jb@wip.tu-berlin.de>
FSU,North America,Oil,8399.02516,,km,Own calulation,20.07.2026,Julian Bornemann <jb@wip.tu-berlin.de>
FSU,Oceania,Oil,10175.17743,,km,Own calulation,20.07.2026,Julian Bornemann <jb@wip.tu-berlin.de>
India,Africa,Oil,6783.819556,,km,Own calulation,20.07.2026,Julian Bornemann <jb@wip.tu-berlin.de>
India,Asia-Rest,Oil,3305.882699,,km,Own calulation,20.07.2026,Julian Bornemann <jb@wip.tu-berlin.de>
India,Central & South America,Oil,15592.11016,,km,Own calulation,20.07.2026,Julian Bornemann <jb@wip.tu-berlin.de>
India,China,Oil,2757.710221,,km,Own calulation,20.07.2026,Julian Bornemann <jb@wip.tu-berlin.de>
India,Europe,Oil,6271.833761,,km,Own calulation,20.07.2026,Julian Bornemann <jb@wip.tu-berlin.de>
India,FSU,Oil,3837.865868,,km,Own calulation,20.07.2026,Julian Bornemann <jb@wip.tu-berlin.de>
India,Japan + Republic of Korea,Oil,5583.267342,,km,Own calulation,20.07.2026,Julian Bornemann <jb@wip.tu-berlin.de>
India,Middle East,Oil,2761.847935,,km,Own calulation,20.07.2026,Julian Bornemann <jb@wip.tu-berlin.de>
India,North America,Oil,12199.49225,,km,Own calulation,20.07.2026,Julian Bornemann <jb@wip.tu-berlin.de>
India,Oceania,Oil,8007.382799,,km,Own calulation,20.07.2026,Julian Bornemann <jb@wip.tu-berlin.de>
Japan + Republic of Korea,Africa,Oil,11953.10263,,km,Own calulation,20.07.2026,Julian Bornemann <jb@wip.tu-berlin.de>
Japan + Republic of Korea,Asia-Rest,Oil,4150.842264,,km,Own calulation,20.07.2026,Julian Bornemann <jb@wip.tu-berlin.de>
Japan + Republic of Korea,Central & South America,Oil,16875.34825,,km,Own calulation,20.07.2026,Julian Bornemann <jb@wip.tu-berlin.de>
Japan + Republic of Korea,China,Oil,2911.301733,,km,Own calulation,20.07.2026,Julian Bornemann <jb@wip.tu-berlin.de>
Japan + Republic of Korea,Europe,Oil,8826.835866,,km,Own calulation,20.07.2026,Julian Bornemann <jb@wip.tu-berlin.de>
Japan + Republic of Korea,FSU,Oil,4250.976952,,km,Own calulation,20.07.2026,Julian Bornemann <jb@wip.tu-berlin.de>
Japan + Republic of Korea,India,Oil,5583.267342,,km,Own calulation,20.07.2026,Julian Bornemann <jb@wip.tu-berlin.de>
Japan + Republic of Korea,Middle East,Oil,7620.153303,,km,Own calulation,20.07.2026,Julian Bornemann <jb@wip.tu-berlin.de>
Japan + Republic of Korea,North America,Oil,9223.299405,,km,Own calulation,20.07.2026,Julian Bornemann <jb@wip.tu-berlin.de>
Japan + Republic of Korea,Oceania,Oil,6859.546762,,km,Own calulation,20.07.2026,Julian Bornemann <jb@wip.tu-berlin.de>
Middle East,Africa,Oil,4343.732131,,km,Own calulation,20.07.2026,Julian Bornemann <jb@wip.tu-berlin.de>
Middle East,Asia-Rest,Oil,6065.803234,,km,Own calulation,20.07.2026,Julian Bornemann <jb@wip.tu-berlin.de>
Middle East,Central & South America,Oil,12861.11677,,km,Own calulation,20.07.2026,Julian Bornemann <jb@wip.tu-berlin.de>
Middle East,China,Oil,4759.676467,,km,Own calulation,20.07.2026,Julian Bornemann <jb@wip.tu-berlin.de>
Middle East,Europe,Oil,3929.60841,,km,Own calulation,20.07.2026,Julian Bornemann <jb@wip.tu-berlin.de>
Middle East,FSU,Oil,4132.502748,,km,Own calulation,20.07.2026,Julian Bornemann <jb@wip.tu-berlin.de>
Middle East,India,Oil,2761.847935,,km,Own calulation,20.07.2026,Julian Bornemann <jb@wip.tu-berlin.de>
Middle East,Japan + Republic of Korea,Oil,7620.153303,,km,Own calulation,20.07.2026,Julian Bornemann <jb@wip.tu-berlin.de>
Middle East,North America,Oil,11092.46665,,km,Own calulation,20.07.2026,Julian Bornemann <jb@wip.tu-berlin.de>
Middle East,Oceania,Oil,10622.14299,,km,Own calulation,20.07.2026,Julian Bornemann <jb@wip.tu-berlin.de>
North America,Africa,Oil,11379.1441,,km,Own calulation,20.07.2026,Julian Bornemann <jb@wip.tu-berlin.de>
North America,Asia-Rest,Oil,13170.39014,,km,Own calulation,20.07.2026,Julian Bornemann <jb@wip.tu-berlin.de>
North America,Central & South America,Oil,7652.175283,,km,Own calulation,20.07.2026,Julian Bornemann <jb@wip.tu-berlin.de>
North America,China,Oil,10378.28708,,km,Own calulation,20.07.2026,Julian Bornemann <jb@wip.tu-berlin.de>
North America,Europe,Oil,7508.50222,,km,Own calulation,20.07.2026,Julian Bornemann <jb@wip.tu-berlin.de>
North America,FSU,Oil,8399.02516,,km,Own calulation,20.07.2026,Julian Bornemann <jb@wip.tu-berlin.de>
North America,India,Oil,12199.49225,,km,Own calulation,20.07.2026,Julian Bornemann <jb@wip.tu-berlin.de>
North America,Japan + Republic of Korea,Oil,9223.299405,,km,Own calulation,20.07.2026,Julian Bornemann <jb@wip.tu-berlin.de>
North America,Middle East,Oil,11092.46665,,km,Own calulation,20.07.2026,Julian Bornemann <jb@wip.tu-berlin.de>
North America,Oceania,Oil,14757.4025,,km,Own calulation,20.07.2026,Julian Bornemann <jb@wip.tu-berlin.de>
Oceania,Africa,Oil,13028.48755,,km,Own calulation,20.07.2026,Julian Bornemann <jb@wip.tu-berlin.de>
Oceania,Asia-Rest,Oil,4887.189586,,km,Own calulation,20.07.2026,Julian Bornemann <jb@wip.tu-berlin.de>
Oceania,Central & South America,Oil,15547.51929,,km,Own calulation,20.07.2026,Julian Bornemann <jb@wip.tu-berlin.de>
Oceania,China,Oil,7672.255997,,km,Own calulation,20.07.2026,Julian Bornemann <jb@wip.tu-berlin.de>
Oceania,Europe,Oil,14233.59643,,km,Own calulation,20.07.2026,Julian Bornemann <jb@wip.tu-berlin.de>
Oceania,FSU,Oil,10175.17743,,km,Own calulation,20.07.2026,Julian Bornemann <jb@wip.tu-berlin.de>
Oceania,India,Oil,8007.382799,,km,Own calulation,20.07.2026,Julian Bornemann <jb@wip.tu-berlin.de>
Oceania,Japan + Republic of Korea,Oil,6859.546762,,km,Own calulation,20.07.2026,Julian Bornemann <jb@wip.tu-berlin.de>
Oceania,Middle East,Oil,10622.14299,,km,Own calulation,20.07.2026,Julian Bornemann <jb@wip.tu-berlin.de>
Oceania,North America,Oil,14757.4025,,km,Own calulation,20.07.2026,Julian Bornemann <jb@wip.tu-berlin.de>
Africa,Asia-Rest,Powerfuel,9800.597366,,km,Own calulation,20.07.2026,Julian Bornemann <jb@wip.tu-berlin.de>
Africa,Central & South America,Powerfuel,8904.563084,,km,Own calulation,20.07.2026,Julian Bornemann <jb@wip.tu-berlin.de>
Africa,China,Powerfuel,9102.089819,,km,Own calulation,20.07.2026,Julian Bornemann <jb@wip.tu-berlin.de>
Africa,Europe,Powerfuel,4729.362996,,km,Own calulation,20.07.2026,Julian Bornemann <jb@wip.tu-berlin.de>
Africa,FSU,Powerfuel,8074.947493,,km,Own calulation,20.07.2026,Julian Bornemann <jb@wip.tu-berlin.de>
Africa,India,Powerfuel,6783.819556,,km,Own calulation,20.07.2026,Julian Bornemann <jb@wip.tu-berlin.de>
Africa,Japan + Republic of Korea,Powerfuel,11953.10263,,km,Own calulation,20.07.2026,Julian Bornemann <jb@wip.tu-berlin.de>
Africa,Middle East,Powerfuel,4343.732131,,km,Own calulation,20.07.2026,Julian Bornemann <jb@wip.tu-berlin.de>
Africa,North America,Powerfuel,11379.1441,,km,Own calulation,20.07.2026,Julian Bornemann <jb@wip.tu-berlin.de>
Africa,Oceania,Powerfuel,13028.48755,,km,Own calulation,20.07.2026,Julian Bornemann <jb@wip.tu-berlin.de>
Asia-Rest,Africa,Powerfuel,9800.597366,,km,Own calulation,20.07.2026,Julian Bornemann <jb@wip.tu-berlin.de>
Asia-Rest,Central & South America,Powerfuel,18620.87487,,km,Own calulation,20.07.2026,Julian Bornemann <jb@wip.tu-berlin.de>
Asia-Rest,China,Powerfuel,3073.234639,,km,Own calulation,20.07.2026,Julian Bornemann <jb@wip.tu-berlin.de>
Asia-Rest,Europe,Powerfuel,9357.778653,,km,Own calulation,20.07.2026,Julian Bornemann <jb@wip.tu-berlin.de>
Asia-Rest,FSU,Powerfuel,5547.799376,,km,Own calulation,20.07.2026,Julian Bornemann <jb@wip.tu-berlin.de>
Asia-Rest,India,Powerfuel,3305.882699,,km,Own calulation,20.07.2026,Julian Bornemann <jb@wip.tu-berlin.de>
Asia-Rest,Japan + Republic of Korea,Powerfuel,4150.842264,,km,Own calulation,20.07.2026,Julian Bornemann <jb@wip.tu-berlin.de>
Asia-Rest,Middle East,Powerfuel,6065.803234,,km,Own calulation,20.07.2026,Julian Bornemann <jb@wip.tu-berlin.de>
Asia-Rest,North America,Powerfuel,13170.39014,,km,Own calulation,20.07.2026,Julian Bornemann <jb@wip.tu-berlin.de>
Asia-Rest,Oceania,Powerfuel,4887.189586,,km,Own calulation,20.07.2026,Julian Bornemann <jb@wip.tu-berlin.de>
Central & South America,Africa,Powerfuel,8904.563084,,km,Own calulation,20.07.2026,Julian Bornemann <jb@wip.tu-berlin.de>
Central & South America,Asia-Rest,Powerfuel,18620.87487,,km,Own calulation,20.07.2026,Julian Bornemann <jb@wip.tu-berlin.de>
Central & South America,China,Powerfuel,16782.15593,,km,Own calulation,20.07.2026,Julian Bornemann <jb@wip.tu-berlin.de>
Central & South America,Europe,Powerfuel,9992.18997,,km,Own calulation,20.07.2026,Julian Bornemann <jb@wip.tu-berlin.de>
Central & South America,FSU,Powerfuel,14293.65694,,km,Own calulation,20.07.2026,Julian Bornemann <jb@wip.tu-berlin.de>
Central & South America,India,Powerfuel,15592.11016,,km,Own calulation,20.07.2026,Julian Bornemann <jb@wip.tu-berlin.de>
Central & South America,Japan + Republic of Korea,Powerfuel,16875.34825,,km,Own calulation,20.07.2026,Julian Bornemann <jb@wip.tu-berlin.de>
Central & South America,Middle East,Powerfuel,12861.11677,,km,Own calulation,20.07.2026,Julian Bornemann <jb@wip.tu-berlin.de>
Central & South America,North America,Powerfuel,7652.175283,,km,Own calulation,20.07.2026,Julian Bornemann <jb@wip.tu-berlin.de>
Central & South America,Oceania,Powerfuel,15547.51929,,km,Own calulation,20.07.2026,Julian Bornemann <jb@wip.tu-berlin.de>
China,Africa,Powerfuel,9102.089819,,km,Own calulation,20.07.2026,Julian Bornemann <jb@wip.tu-berlin.de>
China,Asia-Rest,Powerfuel,3073.234639,,km,Own calulation,20.07.2026,Julian Bornemann <jb@wip.tu-berlin.de>
China,Central & South America,Powerfuel,16782.15593,,km,Own calulation,20.07.2026,Julian Bornemann <jb@wip.tu-berlin.de>
China,Europe,Powerfuel,6852.235455,,km,Own calulation,20.07.2026,Julian Bornemann <jb@wip.tu-berlin.de>
China,FSU,Powerfuel,2521.363399,,km,Own calulation,20.07.2026,Julian Bornemann <jb@wip.tu-berlin.de>
China,India,Powerfuel,2757.710221,,km,Own calulation,20.07.2026,Julian Bornemann <jb@wip.tu-berlin.de>
China,Japan + Republic of Korea,Powerfuel,2911.301733,,km,Own calulation,20.07.2026,Julian Bornemann <jb@wip.tu-berlin.de>
China,Middle East,Powerfuel,4759.676467,,km,Own calulation,20.07.2026,Julian Bornemann <jb@wip.tu-berlin.de>
China,North America,Powerfuel,10378.28708,,km,Own calulation,20.07.2026,Julian Bornemann <jb@wip.tu-berlin.de>
China,Oceania,Powerfuel,7672.255997,,km,Own calulation,20.07.2026,Julian Bornemann <jb@wip.tu-berlin.de>
Europe,Africa,Powerfuel,4729.362996,,km,Own calulation,20.07.2026,Julian Bornemann <jb@wip.tu-berlin.de>
Europe,Asia-Rest,Powerfuel,9357.778653,,km,Own calulation,20.07.2026,Julian Bornemann <jb@wip.tu-berlin.de>
Europe,Central & South America,Powerfuel,9992.18997,,km,Own calulation,20.07.2026,Julian Bornemann <jb@wip.tu-berlin.de>
Europe,China,Powerfuel,6852.235455,,km,Own calulation,20.07.2026,Julian Bornemann <jb@wip.tu-berlin.de>
Europe,FSU,Powerfuel,4623.134493,,km,Own calulation,20.07.2026,Julian Bornemann <jb@wip.tu-berlin.de>
Europe,India,Powerfuel,6271.833761,,km,Own calulation,20.07.2026,Julian Bornemann <jb@wip.tu-berlin.de>
Europe,Japan + Republic of Korea,Powerfuel,8826.835866,,km,Own calulation,20.07.2026,Julian Bornemann <jb@wip.tu-berlin.de>
Europe,Middle East,Powerfuel,3929.60841,,km,Own calulation,20.07.2026,Julian Bornemann <jb@wip.tu-berlin.de>
Europe,North America,Powerfuel,7508.50222,,km,Own calulation,20.07.2026,Julian Bornemann <jb@wip.tu-berlin.de>
Europe,Oceania,Powerfuel,14233.59643,,km,Own calulation,20.07.2026,Julian Bornemann <jb@wip.tu-berlin.de>
FSU,Africa,Powerfuel,8074.947493,,km,Own calulation,20.07.2026,Julian Bornemann <jb@wip.tu-berlin.de>
FSU,Asia-Rest,Powerfuel,5547.799376,,km,Own calulation,20.07.2026,Julian Bornemann <jb@wip.tu-berlin.de>
FSU,Central & South America,Powerfuel,14293.65694,,km,Own calulation,20.07.2026,Julian Bornemann <jb@wip.tu-berlin.de>
FSU,China,Powerfuel,2521.363399,,km,Own calulation,20.07.2026,Julian Bornemann <jb@wip.tu-berlin.de>
FSU,Europe,Powerfuel,4623.134493,,km,Own calulation,20.07.2026,Julian Bornemann <jb@wip.tu-berlin.de>
FSU,India,Powerfuel,3837.865868,,km,Own calulation,20.07.2026,Julian Bornemann <jb@wip.tu-berlin.de>
FSU,Japan + Republic of Korea,Powerfuel,4250.976952,,km,Own calulation,20.07.2026,Julian Bornemann <jb@wip.tu-berlin.de>
FSU,Middle East,Powerfuel,4132.502748,,km,Own calulation,20.07.2026,Julian Bornemann <jb@wip.tu-berlin.de>
FSU,North America,Powerfuel,8399.02516,,km,Own calulation,20.07.2026,Julian Bornemann <jb@wip.tu-berlin.de>
FSU,Oceania,Powerfuel,10175.17743,,km,Own calulation,20.07.2026,Julian Bornemann <jb@wip.tu-berlin.de>
India,Africa,Powerfuel,6783.819556,,km,Own calulation,20.07.2026,Julian Bornemann <jb@wip.tu-berlin.de>
India,Asia-Rest,Powerfuel,3305.882699,,km,Own calulation,20.07.2026,Julian Bornemann <jb@wip.tu-berlin.de>
India,Central & South America,Powerfuel,15592.11016,,km,Own calulation,20.07.2026,Julian Bornemann <jb@wip.tu-berlin.de>
India,China,Powerfuel,2757.710221,,km,Own calulation,20.07.2026,Julian Bornemann <jb@wip.tu-berlin.de>
India,Europe,Powerfuel,6271.833761,,km,Own calulation,20.07.2026,Julian Bornemann <jb@wip.tu-berlin.de>
India,FSU,Powerfuel,3837.865868,,km,Own calulation,20.07.2026,Julian Bornemann <jb@wip.tu-berlin.de>
India,Japan + Republic of Korea,Powerfuel,5583.267342,,km,Own calulation,20.07.2026,Julian Bornemann <jb@wip.tu-berlin.de>
India,Middle East,Powerfuel,2761.847935,,km,Own calulation,20.07.2026,Julian Bornemann <jb@wip.tu-berlin.de>
India,North America,Powerfuel,12199.49225,,km,Own calulation,20.07.2026,Julian Bornemann <jb@wip.tu-berlin.de>
India,Oceania,Powerfuel,8007.382799,,km,Own calulation,20.07.2026,Julian Bornemann <jb@wip.tu-berlin.de>
Japan + Republic of Korea,Africa,Powerfuel,11953.10263,,km,Own calulation,20.07.2026,Julian Bornemann <jb@wip.tu-berlin.de>
Japan + Republic of Korea,Asia-Rest,Powerfuel,4150.842264,,km,Own calulation,20.07.2026,Julian Bornemann <jb@wip.tu-berlin.de>
Japan + Republic of Korea,Central & South America,Powerfuel,16875.34825,,km,Own calulation,20.07.2026,Julian Bornemann <jb@wip.tu-berlin.de>
Japan + Republic of Korea,China,Powerfuel,2911.301733,,km,Own calulation,20.07.2026,Julian Bornemann <jb@wip.tu-berlin.de>
Japan + Republic of Korea,Europe,Powerfuel,8826.835866,,km,Own calulation,20.07.2026,Julian Bornemann <jb@wip.tu-berlin.de>
Japan + Republic of Korea,FSU,Powerfuel,4250.976952,,km,Own calulation,20.07.2026,Julian Bornemann <jb@wip.tu-berlin.de>
Japan + Republic of Korea,India,Powerfuel,5583.267342,,km,Own calulation,20.07.2026,Julian Bornemann <jb@wip.tu-berlin.de>
Japan + Republic of Korea,Middle East,Powerfuel,7620.153303,,km,Own calulation,20.07.2026,Julian Bornemann <jb@wip.tu-berlin.de>
Japan + Republic of Korea,North America,Powerfuel,9223.299405,,km,Own calulation,20.07.2026,Julian Bornemann <jb@wip.tu-berlin.de>
Japan + Republic of Korea,Oceania,Powerfuel,6859.546762,,km,Own calulation,20.07.2026,Julian Bornemann <jb@wip.tu-berlin.de>
Middle East,Africa,Powerfuel,4343.732131,,km,Own calulation,20.07.2026,Julian Bornemann <jb@wip.tu-berlin.de>
Middle East,Asia-Rest,Powerfuel,6065.803234,,km,Own calulation,20.07.2026,Julian Bornemann <jb@wip.tu-berlin.de>
Middle East,Central & South America,Powerfuel,12861.11677,,km,Own calulation,20.07.2026,Julian Bornemann <jb@wip.tu-berlin.de>
Middle East,China,Powerfuel,4759.676467,,km,Own calulation,20.07.2026,Julian Bornemann <jb@wip.tu-berlin.de>
Middle East,Europe,Powerfuel,3929.60841,,km,Own calulation,20.07.2026,Julian Bornemann <jb@wip.tu-berlin.de>
Middle East,FSU,Powerfuel,4132.502748,,km,Own calulation,20.07.2026,Julian Bornemann <jb@wip.tu-berlin.de>
Middle East,India,Powerfuel,2761.847935,,km,Own calulation,20.07.2026,Julian Bornemann <jb@wip.tu-berlin.de>
Middle East,Japan + Republic of Korea,Powerfuel,7620.153303,,km,Own calulation,20.07.2026,Julian Bornemann <jb@wip.tu-berlin.de>
Middle East,North America,Powerfuel,11092.46665,,km,Own calulation,20.07.2026,Julian Bornemann <jb@wip.tu-berlin.de>
Middle East,Oceania,Powerfuel,10622.14299,,km,Own calulation,20.07.2026,Julian Bornemann <jb@wip.tu-berlin.de>
North America,Africa,Powerfuel,11379.1441,,km,Own calulation,20.07.2026,Julian Bornemann <jb@wip.tu-berlin.de>
North America,Asia-Rest,Powerfuel,13170.39014,,km,Own calulation,20.07.2026,Julian Bornemann <jb@wip.tu-berlin.de>
North America,Central & South America,Powerfuel,7652.175283,,km,Own calulation,20.07.2026,Julian Bornemann <jb@wip.tu-berlin.de>
North America,China,Powerfuel,10378.28708,,km,Own calulation,20.07.2026,Julian Bornemann <jb@wip.tu-berlin.de>
North America,Europe,Powerfuel,7508.50222,,km,Own calulation,20.07.2026,Julian Bornemann <jb@wip.tu-berlin.de>
North America,FSU,Powerfuel,8399.02516,,km,Own calulation,20.07.2026,Julian Bornemann <jb@wip.tu-berlin.de>
North America,India,Powerfuel,12199.49225,,km,Own calulation,20.07.2026,Julian Bornemann <jb@wip.tu-berlin.de>
North America,Japan + Republic of Korea,Powerfuel,9223.299405,,km,Own calulation,20.07.2026,Julian Bornemann <jb@wip.tu-berlin.de>
North America,Middle East,Powerfuel,11092.46665,,km,Own calulation,20.07.2026,Julian Bornemann <jb@wip.tu-berlin.de>
North America,Oceania,Powerfuel,14757.4025,,km,Own calulation,20.07.2026,Julian Bornemann <jb@wip.tu-berlin.de>
Oceania,Africa,Powerfuel,13028.48755,,km,Own calulation,20.07.2026,Julian Bornemann <jb@wip.tu-berlin.de>
Oceania,Asia-Rest,Powerfuel,4887.189586,,km,Own calulation,20.07.2026,Julian Bornemann <jb@wip.tu-berlin.de>
Oceania,Central & South America,Powerfuel,15547.51929,,km,Own calulation,20.07.2026,Julian Bornemann <jb@wip.tu-berlin.de>
Oceania,China,Powerfuel,7672.255997,,km,Own calulation,20.07.2026,Julian Bornemann <jb@wip.tu-berlin.de>
Oceania,Europe,Powerfuel,14233.59643,,km,Own calulation,20.07.2026,Julian Bornemann <jb@wip.tu-berlin.de>
Oceania,FSU,Powerfuel,10175.17743,,km,Own calulation,20.07.2026,Julian Bornemann <jb@wip.tu-berlin.de>
Oceania,India,Powerfuel,8007.382799,,km,Own calulation,20.07.2026,Julian Bornemann <jb@wip.tu-berlin.de>
Oceania,Japan + Republic of Korea,Powerfuel,6859.546762,,km,Own calulation,20.07.2026,Julian Bornemann <jb@wip.tu-berlin.de>
Oceania,Middle East,Powerfuel,10622.14299,,km,Own calulation,20.07.2026,Julian Bornemann <jb@wip.tu-berlin.de>
Oceania,North America,Powerfuel,14757.4025,,km,Own calulation,20.07.2026,Julian Bornemann <jb@wip.tu-berlin.de>
