Region,Sector,Year,Value,,Unit,Source,Updated at,Updated by
AT,Buildings,2018,0.84,,PJ,European Commission: District heating and cooling in the European Union (see assumption and/or calculation file),10.09.2025,Nikita Moskalenko <nim@wip.tu-berlin.de>
AT,Buildings,2020,0.84,,PJ,European Commission: District heating and cooling in the European Union (see assumption and/or calculation file),10.09.2025,Nikita Moskalenko <nim@wip.tu-berlin.de>
AT,Buildings,2021,0.84,,PJ,European Commission: District heating and cooling in the European Union (see assumption and/or calculation file),10.09.2025,Nikita Moskalenko <nim@wip.tu-berlin.de>
AT,Buildings,2025,0.84,,PJ,European Commission: District heating and cooling in the European Union (see assumption and/or calculation file),10.09.2025,Nikita Moskalenko <nim@wip.tu-berlin.de>
AT,Buildings,2030,0.8,,PJ,European Commission: District heating and cooling in the European Union (see assumption and/or calculation file),10.09.2025,Nikita Moskalenko <nim@wip.tu-berlin.de>
AT,Buildings,2035,0.76,,PJ,European Commission: District heating and cooling in the European Union (see assumption and/or calculation file),10.09.2025,Nikita Moskalenko <nim@wip.tu-berlin.de>
AT,Buildings,2040,0.71,,PJ,European Commission: District heating and cooling in the European Union (see assumption and/or calculation file),10.09.2025,Nikita Moskalenko <nim@wip.tu-berlin.de>
AT,Buildings,2045,0.67,,PJ,European Commission: District heating and cooling in the European Union (see assumption and/or calculation file),10.09.2025,Nikita Moskalenko <nim@wip.tu-berlin.de>
AT,Buildings,2050,0.63,,PJ,European Commission: District heating and cooling in the European Union (see assumption and/or calculation file),10.09.2025,Nikita Moskalenko <nim@wip.tu-berlin.de>
AT,Buildings,2055,0.63,,PJ,European Commission: District heating and cooling in the European Union (see assumption and/or calculation file),10.09.2025,Nikita Moskalenko <nim@wip.tu-berlin.de>
AT,Buildings,2060,0.63,,PJ,European Commission: District heating and cooling in the European Union (see assumption and/or calculation file),10.09.2025,Nikita Moskalenko <nim@wip.tu-berlin.de>
BE,Buildings,2018,0.73,,PJ,European Commission: District heating and cooling in the European Union (see assumption and/or calculation file),10.09.2025,Nikita Moskalenko <nim@wip.tu-berlin.de>
BE,Buildings,2020,0.73,,PJ,European Commission: District heating and cooling in the European Union (see assumption and/or calculation file),10.09.2025,Nikita Moskalenko <nim@wip.tu-berlin.de>
BE,Buildings,2021,0.73,,PJ,European Commission: District heating and cooling in the European Union (see assumption and/or calculation file),10.09.2025,Nikita Moskalenko <nim@wip.tu-berlin.de>
BE,Buildings,2025,0.73,,PJ,European Commission: District heating and cooling in the European Union (see assumption and/or calculation file),10.09.2025,Nikita Moskalenko <nim@wip.tu-berlin.de>
BE,Buildings,2030,0.69,,PJ,European Commission: District heating and cooling in the European Union (see assumption and/or calculation file),10.09.2025,Nikita Moskalenko <nim@wip.tu-berlin.de>
BE,Buildings,2035,0.66,,PJ,European Commission: District heating and cooling in the European Union (see assumption and/or calculation file),10.09.2025,Nikita Moskalenko <nim@wip.tu-berlin.de>
BE,Buildings,2040,0.62,,PJ,European Commission: District heating and cooling in the European Union (see assumption and/or calculation file),10.09.2025,Nikita Moskalenko <nim@wip.tu-berlin.de>
BE,Buildings,2045,0.58,,PJ,European Commission: District heating and cooling in the European Union (see assumption and/or calculation file),10.09.2025,Nikita Moskalenko <nim@wip.tu-berlin.de>
BE,Buildings,2050,0.55,,PJ,European Commission: District heating and cooling in the European Union (see assumption and/or calculation file),10.09.2025,Nikita Moskalenko <nim@wip.tu-berlin.de>
BE,Buildings,2055,0.55,,PJ,European Commission: District heating and cooling in the European Union (see assumption and/or calculation file),10.09.2025,Nikita Moskalenko <nim@wip.tu-berlin.de>
BE,Buildings,2060,0.55,,PJ,European Commission: District heating and cooling in the European Union (see assumption and/or calculation file),10.09.2025,Nikita Moskalenko <nim@wip.tu-berlin.de>
BG,Buildings,2018,0.89,,PJ,European Commission: District heating and cooling in the European Union (see assumption and/or calculation file),10.09.2025,Nikita Moskalenko <nim@wip.tu-berlin.de>
BG,Buildings,2020,0.89,,PJ,European Commission: District heating and cooling in the European Union (see assumption and/or calculation file),10.09.2025,Nikita Moskalenko <nim@wip.tu-berlin.de>
BG,Buildings,2021,0.89,,PJ,European Commission: District heating and cooling in the European Union (see assumption and/or calculation file),10.09.2025,Nikita Moskalenko <nim@wip.tu-berlin.de>
BG,Buildings,2025,0.89,,PJ,European Commission: District heating and cooling in the European Union (see assumption and/or calculation file),10.09.2025,Nikita Moskalenko <nim@wip.tu-berlin.de>
BG,Buildings,2030,0.85,,PJ,European Commission: District heating and cooling in the European Union (see assumption and/or calculation file),10.09.2025,Nikita Moskalenko <nim@wip.tu-berlin.de>
BG,Buildings,2035,0.8,,PJ,European Commission: District heating and cooling in the European Union (see assumption and/or calculation file),10.09.2025,Nikita Moskalenko <nim@wip.tu-berlin.de>
BG,Buildings,2040,0.76,,PJ,European Commission: District heating and cooling in the European Union (see assumption and/or calculation file),10.09.2025,Nikita Moskalenko <nim@wip.tu-berlin.de>
BG,Buildings,2045,0.71,,PJ,European Commission: District heating and cooling in the European Union (see assumption and/or calculation file),10.09.2025,Nikita Moskalenko <nim@wip.tu-berlin.de>
BG,Buildings,2050,0.67,,PJ,European Commission: District heating and cooling in the European Union (see assumption and/or calculation file),10.09.2025,Nikita Moskalenko <nim@wip.tu-berlin.de>
BG,Buildings,2055,0.67,,PJ,European Commission: District heating and cooling in the European Union (see assumption and/or calculation file),10.09.2025,Nikita Moskalenko <nim@wip.tu-berlin.de>
BG,Buildings,2060,0.67,,PJ,European Commission: District heating and cooling in the European Union (see assumption and/or calculation file),10.09.2025,Nikita Moskalenko <nim@wip.tu-berlin.de>
CH,Buildings,2018,0,,PJ,European Commission: District heating and cooling in the European Union (see assumption and/or calculation file),10.09.2025,Nikita Moskalenko <nim@wip.tu-berlin.de>
CH,Buildings,2020,0,,PJ,European Commission: District heating and cooling in the European Union (see assumption and/or calculation file),10.09.2025,Nikita Moskalenko <nim@wip.tu-berlin.de>
CH,Buildings,2021,0,,PJ,European Commission: District heating and cooling in the European Union (see assumption and/or calculation file),10.09.2025,Nikita Moskalenko <nim@wip.tu-berlin.de>
CH,Buildings,2025,0,,PJ,European Commission: District heating and cooling in the European Union (see assumption and/or calculation file),10.09.2025,Nikita Moskalenko <nim@wip.tu-berlin.de>
CH,Buildings,2030,0,,PJ,European Commission: District heating and cooling in the European Union (see assumption and/or calculation file),10.09.2025,Nikita Moskalenko <nim@wip.tu-berlin.de>
CH,Buildings,2035,0,,PJ,European Commission: District heating and cooling in the European Union (see assumption and/or calculation file),10.09.2025,Nikita Moskalenko <nim@wip.tu-berlin.de>
CH,Buildings,2040,0,,PJ,European Commission: District heating and cooling in the European Union (see assumption and/or calculation file),10.09.2025,Nikita Moskalenko <nim@wip.tu-berlin.de>
CH,Buildings,2045,0,,PJ,European Commission: District heating and cooling in the European Union (see assumption and/or calculation file),10.09.2025,Nikita Moskalenko <nim@wip.tu-berlin.de>
CH,Buildings,2050,0,,PJ,European Commission: District heating and cooling in the European Union (see assumption and/or calculation file),10.09.2025,Nikita Moskalenko <nim@wip.tu-berlin.de>
CH,Buildings,2055,0,,PJ,European Commission: District heating and cooling in the European Union (see assumption and/or calculation file),10.09.2025,Nikita Moskalenko <nim@wip.tu-berlin.de>
CH,Buildings,2060,0,,PJ,European Commission: District heating and cooling in the European Union (see assumption and/or calculation file),10.09.2025,Nikita Moskalenko <nim@wip.tu-berlin.de>
CZ,Buildings,2018,0.66,,PJ,European Commission: District heating and cooling in the European Union (see assumption and/or calculation file),10.09.2025,Nikita Moskalenko <nim@wip.tu-berlin.de>
CZ,Buildings,2020,0.66,,PJ,European Commission: District heating and cooling in the European Union (see assumption and/or calculation file),10.09.2025,Nikita Moskalenko <nim@wip.tu-berlin.de>
CZ,Buildings,2021,0.66,,PJ,European Commission: District heating and cooling in the European Union (see assumption and/or calculation file),10.09.2025,Nikita Moskalenko <nim@wip.tu-berlin.de>
CZ,Buildings,2025,0.66,,PJ,European Commission: District heating and cooling in the European Union (see assumption and/or calculation file),10.09.2025,Nikita Moskalenko <nim@wip.tu-berlin.de>
CZ,Buildings,2030,0.63,,PJ,European Commission: District heating and cooling in the European Union (see assumption and/or calculation file),10.09.2025,Nikita Moskalenko <nim@wip.tu-berlin.de>
CZ,Buildings,2035,0.59,,PJ,European Commission: District heating and cooling in the European Union (see assumption and/or calculation file),10.09.2025,Nikita Moskalenko <nim@wip.tu-berlin.de>
CZ,Buildings,2040,0.56,,PJ,European Commission: District heating and cooling in the European Union (see assumption and/or calculation file),10.09.2025,Nikita Moskalenko <nim@wip.tu-berlin.de>
CZ,Buildings,2045,0.53,,PJ,European Commission: District heating and cooling in the European Union (see assumption and/or calculation file),10.09.2025,Nikita Moskalenko <nim@wip.tu-berlin.de>
CZ,Buildings,2050,0.5,,PJ,European Commission: District heating and cooling in the European Union (see assumption and/or calculation file),10.09.2025,Nikita Moskalenko <nim@wip.tu-berlin.de>
CZ,Buildings,2055,0.5,,PJ,European Commission: District heating and cooling in the European Union (see assumption and/or calculation file),10.09.2025,Nikita Moskalenko <nim@wip.tu-berlin.de>
CZ,Buildings,2060,0.5,,PJ,European Commission: District heating and cooling in the European Union (see assumption and/or calculation file),10.09.2025,Nikita Moskalenko <nim@wip.tu-berlin.de>
DE,Buildings,2018,0.78,,PJ,European Commission: District heating and cooling in the European Union (see assumption and/or calculation file),10.09.2025,Nikita Moskalenko <nim@wip.tu-berlin.de>
DE,Buildings,2020,0.78,,PJ,European Commission: District heating and cooling in the European Union (see assumption and/or calculation file),10.09.2025,Nikita Moskalenko <nim@wip.tu-berlin.de>
DE,Buildings,2021,0.78,,PJ,European Commission: District heating and cooling in the European Union (see assumption and/or calculation file),10.09.2025,Nikita Moskalenko <nim@wip.tu-berlin.de>
DE,Buildings,2025,0.78,,PJ,European Commission: District heating and cooling in the European Union (see assumption and/or calculation file),10.09.2025,Nikita Moskalenko <nim@wip.tu-berlin.de>
DE,Buildings,2030,0.74,,PJ,European Commission: District heating and cooling in the European Union (see assumption and/or calculation file),10.09.2025,Nikita Moskalenko <nim@wip.tu-berlin.de>
DE,Buildings,2035,0.7,,PJ,European Commission: District heating and cooling in the European Union (see assumption and/or calculation file),10.09.2025,Nikita Moskalenko <nim@wip.tu-berlin.de>
DE,Buildings,2040,0.66,,PJ,European Commission: District heating and cooling in the European Union (see assumption and/or calculation file),10.09.2025,Nikita Moskalenko <nim@wip.tu-berlin.de>
DE,Buildings,2045,0.62,,PJ,European Commission: District heating and cooling in the European Union (see assumption and/or calculation file),10.09.2025,Nikita Moskalenko <nim@wip.tu-berlin.de>
DE,Buildings,2050,0.59,,PJ,European Commission: District heating and cooling in the European Union (see assumption and/or calculation file),10.09.2025,Nikita Moskalenko <nim@wip.tu-berlin.de>
DE,Buildings,2055,0.59,,PJ,European Commission: District heating and cooling in the European Union (see assumption and/or calculation file),10.09.2025,Nikita Moskalenko <nim@wip.tu-berlin.de>
DE,Buildings,2060,0.59,,PJ,European Commission: District heating and cooling in the European Union (see assumption and/or calculation file),10.09.2025,Nikita Moskalenko <nim@wip.tu-berlin.de>
DK,Buildings,2018,0.95,,PJ,European Commission: District heating and cooling in the European Union (see assumption and/or calculation file),10.09.2025,Nikita Moskalenko <nim@wip.tu-berlin.de>
DK,Buildings,2020,0.95,,PJ,European Commission: District heating and cooling in the European Union (see assumption and/or calculation file),10.09.2025,Nikita Moskalenko <nim@wip.tu-berlin.de>
DK,Buildings,2021,0.95,,PJ,European Commission: District heating and cooling in the European Union (see assumption and/or calculation file),10.09.2025,Nikita Moskalenko <nim@wip.tu-berlin.de>
DK,Buildings,2025,0.95,,PJ,European Commission: District heating and cooling in the European Union (see assumption and/or calculation file),10.09.2025,Nikita Moskalenko <nim@wip.tu-berlin.de>
DK,Buildings,2030,0.9,,PJ,European Commission: District heating and cooling in the European Union (see assumption and/or calculation file),10.09.2025,Nikita Moskalenko <nim@wip.tu-berlin.de>
DK,Buildings,2035,0.86,,PJ,European Commission: District heating and cooling in the European Union (see assumption and/or calculation file),10.09.2025,Nikita Moskalenko <nim@wip.tu-berlin.de>
DK,Buildings,2040,0.81,,PJ,European Commission: District heating and cooling in the European Union (see assumption and/or calculation file),10.09.2025,Nikita Moskalenko <nim@wip.tu-berlin.de>
DK,Buildings,2045,0.76,,PJ,European Commission: District heating and cooling in the European Union (see assumption and/or calculation file),10.09.2025,Nikita Moskalenko <nim@wip.tu-berlin.de>
DK,Buildings,2050,0.71,,PJ,European Commission: District heating and cooling in the European Union (see assumption and/or calculation file),10.09.2025,Nikita Moskalenko <nim@wip.tu-berlin.de>
DK,Buildings,2055,0.71,,PJ,European Commission: District heating and cooling in the European Union (see assumption and/or calculation file),10.09.2025,Nikita Moskalenko <nim@wip.tu-berlin.de>
DK,Buildings,2060,0.71,,PJ,European Commission: District heating and cooling in the European Union (see assumption and/or calculation file),10.09.2025,Nikita Moskalenko <nim@wip.tu-berlin.de>
EE,Buildings,2018,0.92,,PJ,European Commission: District heating and cooling in the European Union (see assumption and/or calculation file),10.09.2025,Nikita Moskalenko <nim@wip.tu-berlin.de>
EE,Buildings,2020,0.92,,PJ,European Commission: District heating and cooling in the European Union (see assumption and/or calculation file),10.09.2025,Nikita Moskalenko <nim@wip.tu-berlin.de>
EE,Buildings,2021,0.92,,PJ,European Commission: District heating and cooling in the European Union (see assumption and/or calculation file),10.09.2025,Nikita Moskalenko <nim@wip.tu-berlin.de>
EE,Buildings,2025,0.92,,PJ,European Commission: District heating and cooling in the European Union (see assumption and/or calculation file),10.09.2025,Nikita Moskalenko <nim@wip.tu-berlin.de>
EE,Buildings,2030,0.87,,PJ,European Commission: District heating and cooling in the European Union (see assumption and/or calculation file),10.09.2025,Nikita Moskalenko <nim@wip.tu-berlin.de>
EE,Buildings,2035,0.83,,PJ,European Commission: District heating and cooling in the European Union (see assumption and/or calculation file),10.09.2025,Nikita Moskalenko <nim@wip.tu-berlin.de>
EE,Buildings,2040,0.78,,PJ,European Commission: District heating and cooling in the European Union (see assumption and/or calculation file),10.09.2025,Nikita Moskalenko <nim@wip.tu-berlin.de>
EE,Buildings,2045,0.74,,PJ,European Commission: District heating and cooling in the European Union (see assumption and/or calculation file),10.09.2025,Nikita Moskalenko <nim@wip.tu-berlin.de>
EE,Buildings,2050,0.69,,PJ,European Commission: District heating and cooling in the European Union (see assumption and/or calculation file),10.09.2025,Nikita Moskalenko <nim@wip.tu-berlin.de>
EE,Buildings,2055,0.69,,PJ,European Commission: District heating and cooling in the European Union (see assumption and/or calculation file),10.09.2025,Nikita Moskalenko <nim@wip.tu-berlin.de>
EE,Buildings,2060,0.69,,PJ,European Commission: District heating and cooling in the European Union (see assumption and/or calculation file),10.09.2025,Nikita Moskalenko <nim@wip.tu-berlin.de>
ES,Buildings,2018,0.78,,PJ,European Commission: District heating and cooling in the European Union (see assumption and/or calculation file),10.09.2025,Nikita Moskalenko <nim@wip.tu-berlin.de>
ES,Buildings,2020,0.78,,PJ,European Commission: District heating and cooling in the European Union (see assumption and/or calculation file),10.09.2025,Nikita Moskalenko <nim@wip.tu-berlin.de>
ES,Buildings,2021,0.78,,PJ,European Commission: District heating and cooling in the European Union (see assumption and/or calculation file),10.09.2025,Nikita Moskalenko <nim@wip.tu-berlin.de>
ES,Buildings,2025,0.78,,PJ,European Commission: District heating and cooling in the European Union (see assumption and/or calculation file),10.09.2025,Nikita Moskalenko <nim@wip.tu-berlin.de>
ES,Buildings,2030,0.74,,PJ,European Commission: District heating and cooling in the European Union (see assumption and/or calculation file),10.09.2025,Nikita Moskalenko <nim@wip.tu-berlin.de>
ES,Buildings,2035,0.7,,PJ,European Commission: District heating and cooling in the European Union (see assumption and/or calculation file),10.09.2025,Nikita Moskalenko <nim@wip.tu-berlin.de>
ES,Buildings,2040,0.66,,PJ,European Commission: District heating and cooling in the European Union (see assumption and/or calculation file),10.09.2025,Nikita Moskalenko <nim@wip.tu-berlin.de>
ES,Buildings,2045,0.62,,PJ,European Commission: District heating and cooling in the European Union (see assumption and/or calculation file),10.09.2025,Nikita Moskalenko <nim@wip.tu-berlin.de>
ES,Buildings,2050,0.59,,PJ,European Commission: District heating and cooling in the European Union (see assumption and/or calculation file),10.09.2025,Nikita Moskalenko <nim@wip.tu-berlin.de>
ES,Buildings,2055,0.59,,PJ,European Commission: District heating and cooling in the European Union (see assumption and/or calculation file),10.09.2025,Nikita Moskalenko <nim@wip.tu-berlin.de>
ES,Buildings,2060,0.59,,PJ,European Commission: District heating and cooling in the European Union (see assumption and/or calculation file),10.09.2025,Nikita Moskalenko <nim@wip.tu-berlin.de>
FI,Buildings,2018,0.91,,PJ,European Commission: District heating and cooling in the European Union (see assumption and/or calculation file),10.09.2025,Nikita Moskalenko <nim@wip.tu-berlin.de>
FI,Buildings,2020,0.91,,PJ,European Commission: District heating and cooling in the European Union (see assumption and/or calculation file),10.09.2025,Nikita Moskalenko <nim@wip.tu-berlin.de>
FI,Buildings,2021,0.91,,PJ,European Commission: District heating and cooling in the European Union (see assumption and/or calculation file),10.09.2025,Nikita Moskalenko <nim@wip.tu-berlin.de>
FI,Buildings,2025,0.91,,PJ,European Commission: District heating and cooling in the European Union (see assumption and/or calculation file),10.09.2025,Nikita Moskalenko <nim@wip.tu-berlin.de>
FI,Buildings,2030,0.86,,PJ,European Commission: District heating and cooling in the European Union (see assumption and/or calculation file),10.09.2025,Nikita Moskalenko <nim@wip.tu-berlin.de>
FI,Buildings,2035,0.82,,PJ,European Commission: District heating and cooling in the European Union (see assumption and/or calculation file),10.09.2025,Nikita Moskalenko <nim@wip.tu-berlin.de>
FI,Buildings,2040,0.77,,PJ,European Commission: District heating and cooling in the European Union (see assumption and/or calculation file),10.09.2025,Nikita Moskalenko <nim@wip.tu-berlin.de>
FI,Buildings,2045,0.73,,PJ,European Commission: District heating and cooling in the European Union (see assumption and/or calculation file),10.09.2025,Nikita Moskalenko <nim@wip.tu-berlin.de>
FI,Buildings,2050,0.68,,PJ,European Commission: District heating and cooling in the European Union (see assumption and/or calculation file),10.09.2025,Nikita Moskalenko <nim@wip.tu-berlin.de>
FI,Buildings,2055,0.68,,PJ,European Commission: District heating and cooling in the European Union (see assumption and/or calculation file),10.09.2025,Nikita Moskalenko <nim@wip.tu-berlin.de>
FI,Buildings,2060,0.68,,PJ,European Commission: District heating and cooling in the European Union (see assumption and/or calculation file),10.09.2025,Nikita Moskalenko <nim@wip.tu-berlin.de>
FR,Buildings,2018,0.87,,PJ,European Commission: District heating and cooling in the European Union (see assumption and/or calculation file),10.09.2025,Nikita Moskalenko <nim@wip.tu-berlin.de>
FR,Buildings,2020,0.87,,PJ,European Commission: District heating and cooling in the European Union (see assumption and/or calculation file),10.09.2025,Nikita Moskalenko <nim@wip.tu-berlin.de>
FR,Buildings,2021,0.87,,PJ,European Commission: District heating and cooling in the European Union (see assumption and/or calculation file),10.09.2025,Nikita Moskalenko <nim@wip.tu-berlin.de>
FR,Buildings,2025,0.87,,PJ,European Commission: District heating and cooling in the European Union (see assumption and/or calculation file),10.09.2025,Nikita Moskalenko <nim@wip.tu-berlin.de>
FR,Buildings,2030,0.83,,PJ,European Commission: District heating and cooling in the European Union (see assumption and/or calculation file),10.09.2025,Nikita Moskalenko <nim@wip.tu-berlin.de>
FR,Buildings,2035,0.78,,PJ,European Commission: District heating and cooling in the European Union (see assumption and/or calculation file),10.09.2025,Nikita Moskalenko <nim@wip.tu-berlin.de>
FR,Buildings,2040,0.74,,PJ,European Commission: District heating and cooling in the European Union (see assumption and/or calculation file),10.09.2025,Nikita Moskalenko <nim@wip.tu-berlin.de>
FR,Buildings,2045,0.7,,PJ,European Commission: District heating and cooling in the European Union (see assumption and/or calculation file),10.09.2025,Nikita Moskalenko <nim@wip.tu-berlin.de>
FR,Buildings,2050,0.65,,PJ,European Commission: District heating and cooling in the European Union (see assumption and/or calculation file),10.09.2025,Nikita Moskalenko <nim@wip.tu-berlin.de>
FR,Buildings,2055,0.65,,PJ,European Commission: District heating and cooling in the European Union (see assumption and/or calculation file),10.09.2025,Nikita Moskalenko <nim@wip.tu-berlin.de>
FR,Buildings,2060,0.65,,PJ,European Commission: District heating and cooling in the European Union (see assumption and/or calculation file),10.09.2025,Nikita Moskalenko <nim@wip.tu-berlin.de>
GR,Buildings,2018,1,,PJ,European Commission: District heating and cooling in the European Union (see assumption and/or calculation file),10.09.2025,Nikita Moskalenko <nim@wip.tu-berlin.de>
GR,Buildings,2020,1,,PJ,European Commission: District heating and cooling in the European Union (see assumption and/or calculation file),10.09.2025,Nikita Moskalenko <nim@wip.tu-berlin.de>
GR,Buildings,2021,1,,PJ,European Commission: District heating and cooling in the European Union (see assumption and/or calculation file),10.09.2025,Nikita Moskalenko <nim@wip.tu-berlin.de>
GR,Buildings,2025,1,,PJ,European Commission: District heating and cooling in the European Union (see assumption and/or calculation file),10.09.2025,Nikita Moskalenko <nim@wip.tu-berlin.de>
GR,Buildings,2030,0.95,,PJ,European Commission: District heating and cooling in the European Union (see assumption and/or calculation file),10.09.2025,Nikita Moskalenko <nim@wip.tu-berlin.de>
GR,Buildings,2035,0.9,,PJ,European Commission: District heating and cooling in the European Union (see assumption and/or calculation file),10.09.2025,Nikita Moskalenko <nim@wip.tu-berlin.de>
GR,Buildings,2040,0.85,,PJ,European Commission: District heating and cooling in the European Union (see assumption and/or calculation file),10.09.2025,Nikita Moskalenko <nim@wip.tu-berlin.de>
GR,Buildings,2045,0.8,,PJ,European Commission: District heating and cooling in the European Union (see assumption and/or calculation file),10.09.2025,Nikita Moskalenko <nim@wip.tu-berlin.de>
GR,Buildings,2050,0.75,,PJ,European Commission: District heating and cooling in the European Union (see assumption and/or calculation file),10.09.2025,Nikita Moskalenko <nim@wip.tu-berlin.de>
GR,Buildings,2055,0.75,,PJ,European Commission: District heating and cooling in the European Union (see assumption and/or calculation file),10.09.2025,Nikita Moskalenko <nim@wip.tu-berlin.de>
GR,Buildings,2060,0.75,,PJ,European Commission: District heating and cooling in the European Union (see assumption and/or calculation file),10.09.2025,Nikita Moskalenko <nim@wip.tu-berlin.de>
HR,Buildings,2018,0.84,,PJ,European Commission: District heating and cooling in the European Union (see assumption and/or calculation file),10.09.2025,Nikita Moskalenko <nim@wip.tu-berlin.de>
HR,Buildings,2020,0.84,,PJ,European Commission: District heating and cooling in the European Union (see assumption and/or calculation file),10.09.2025,Nikita Moskalenko <nim@wip.tu-berlin.de>
HR,Buildings,2021,0.84,,PJ,European Commission: District heating and cooling in the European Union (see assumption and/or calculation file),10.09.2025,Nikita Moskalenko <nim@wip.tu-berlin.de>
HR,Buildings,2025,0.84,,PJ,European Commission: District heating and cooling in the European Union (see assumption and/or calculation file),10.09.2025,Nikita Moskalenko <nim@wip.tu-berlin.de>
HR,Buildings,2030,0.8,,PJ,European Commission: District heating and cooling in the European Union (see assumption and/or calculation file),10.09.2025,Nikita Moskalenko <nim@wip.tu-berlin.de>
HR,Buildings,2035,0.76,,PJ,European Commission: District heating and cooling in the European Union (see assumption and/or calculation file),10.09.2025,Nikita Moskalenko <nim@wip.tu-berlin.de>
HR,Buildings,2040,0.71,,PJ,European Commission: District heating and cooling in the European Union (see assumption and/or calculation file),10.09.2025,Nikita Moskalenko <nim@wip.tu-berlin.de>
HR,Buildings,2045,0.67,,PJ,European Commission: District heating and cooling in the European Union (see assumption and/or calculation file),10.09.2025,Nikita Moskalenko <nim@wip.tu-berlin.de>
HR,Buildings,2050,0.63,,PJ,European Commission: District heating and cooling in the European Union (see assumption and/or calculation file),10.09.2025,Nikita Moskalenko <nim@wip.tu-berlin.de>
HR,Buildings,2055,0.63,,PJ,European Commission: District heating and cooling in the European Union (see assumption and/or calculation file),10.09.2025,Nikita Moskalenko <nim@wip.tu-berlin.de>
HR,Buildings,2060,0.63,,PJ,European Commission: District heating and cooling in the European Union (see assumption and/or calculation file),10.09.2025,Nikita Moskalenko <nim@wip.tu-berlin.de>
HU,Buildings,2018,1,,PJ,European Commission: District heating and cooling in the European Union (see assumption and/or calculation file),10.09.2025,Nikita Moskalenko <nim@wip.tu-berlin.de>
HU,Buildings,2020,1,,PJ,European Commission: District heating and cooling in the European Union (see assumption and/or calculation file),10.09.2025,Nikita Moskalenko <nim@wip.tu-berlin.de>
HU,Buildings,2021,1,,PJ,European Commission: District heating and cooling in the European Union (see assumption and/or calculation file),10.09.2025,Nikita Moskalenko <nim@wip.tu-berlin.de>
HU,Buildings,2025,1,,PJ,European Commission: District heating and cooling in the European Union (see assumption and/or calculation file),10.09.2025,Nikita Moskalenko <nim@wip.tu-berlin.de>
HU,Buildings,2030,0.95,,PJ,European Commission: District heating and cooling in the European Union (see assumption and/or calculation file),10.09.2025,Nikita Moskalenko <nim@wip.tu-berlin.de>
HU,Buildings,2035,0.9,,PJ,European Commission: District heating and cooling in the European Union (see assumption and/or calculation file),10.09.2025,Nikita Moskalenko <nim@wip.tu-berlin.de>
HU,Buildings,2040,0.85,,PJ,European Commission: District heating and cooling in the European Union (see assumption and/or calculation file),10.09.2025,Nikita Moskalenko <nim@wip.tu-berlin.de>
HU,Buildings,2045,0.8,,PJ,European Commission: District heating and cooling in the European Union (see assumption and/or calculation file),10.09.2025,Nikita Moskalenko <nim@wip.tu-berlin.de>
HU,Buildings,2050,0.75,,PJ,European Commission: District heating and cooling in the European Union (see assumption and/or calculation file),10.09.2025,Nikita Moskalenko <nim@wip.tu-berlin.de>
HU,Buildings,2055,0.75,,PJ,European Commission: District heating and cooling in the European Union (see assumption and/or calculation file),10.09.2025,Nikita Moskalenko <nim@wip.tu-berlin.de>
HU,Buildings,2060,0.75,,PJ,European Commission: District heating and cooling in the European Union (see assumption and/or calculation file),10.09.2025,Nikita Moskalenko <nim@wip.tu-berlin.de>
IE,Buildings,2018,0,,PJ,European Commission: District heating and cooling in the European Union (see assumption and/or calculation file),10.09.2025,Nikita Moskalenko <nim@wip.tu-berlin.de>
IE,Buildings,2020,0,,PJ,European Commission: District heating and cooling in the European Union (see assumption and/or calculation file),10.09.2025,Nikita Moskalenko <nim@wip.tu-berlin.de>
IE,Buildings,2021,0,,PJ,European Commission: District heating and cooling in the European Union (see assumption and/or calculation file),10.09.2025,Nikita Moskalenko <nim@wip.tu-berlin.de>
IE,Buildings,2025,0,,PJ,European Commission: District heating and cooling in the European Union (see assumption and/or calculation file),10.09.2025,Nikita Moskalenko <nim@wip.tu-berlin.de>
IE,Buildings,2030,0,,PJ,European Commission: District heating and cooling in the European Union (see assumption and/or calculation file),10.09.2025,Nikita Moskalenko <nim@wip.tu-berlin.de>
IE,Buildings,2035,0,,PJ,European Commission: District heating and cooling in the European Union (see assumption and/or calculation file),10.09.2025,Nikita Moskalenko <nim@wip.tu-berlin.de>
IE,Buildings,2040,0,,PJ,European Commission: District heating and cooling in the European Union (see assumption and/or calculation file),10.09.2025,Nikita Moskalenko <nim@wip.tu-berlin.de>
IE,Buildings,2045,0,,PJ,European Commission: District heating and cooling in the European Union (see assumption and/or calculation file),10.09.2025,Nikita Moskalenko <nim@wip.tu-berlin.de>
IE,Buildings,2050,0,,PJ,European Commission: District heating and cooling in the European Union (see assumption and/or calculation file),10.09.2025,Nikita Moskalenko <nim@wip.tu-berlin.de>
IE,Buildings,2055,0,,PJ,European Commission: District heating and cooling in the European Union (see assumption and/or calculation file),10.09.2025,Nikita Moskalenko <nim@wip.tu-berlin.de>
IE,Buildings,2060,0,,PJ,European Commission: District heating and cooling in the European Union (see assumption and/or calculation file),10.09.2025,Nikita Moskalenko <nim@wip.tu-berlin.de>
IT,Buildings,2018,0.97,,PJ,European Commission: District heating and cooling in the European Union (see assumption and/or calculation file),10.09.2025,Nikita Moskalenko <nim@wip.tu-berlin.de>
IT,Buildings,2020,0.97,,PJ,European Commission: District heating and cooling in the European Union (see assumption and/or calculation file),10.09.2025,Nikita Moskalenko <nim@wip.tu-berlin.de>
IT,Buildings,2021,0.97,,PJ,European Commission: District heating and cooling in the European Union (see assumption and/or calculation file),10.09.2025,Nikita Moskalenko <nim@wip.tu-berlin.de>
IT,Buildings,2025,0.97,,PJ,European Commission: District heating and cooling in the European Union (see assumption and/or calculation file),10.09.2025,Nikita Moskalenko <nim@wip.tu-berlin.de>
IT,Buildings,2030,0.92,,PJ,European Commission: District heating and cooling in the European Union (see assumption and/or calculation file),10.09.2025,Nikita Moskalenko <nim@wip.tu-berlin.de>
IT,Buildings,2035,0.87,,PJ,European Commission: District heating and cooling in the European Union (see assumption and/or calculation file),10.09.2025,Nikita Moskalenko <nim@wip.tu-berlin.de>
IT,Buildings,2040,0.82,,PJ,European Commission: District heating and cooling in the European Union (see assumption and/or calculation file),10.09.2025,Nikita Moskalenko <nim@wip.tu-berlin.de>
IT,Buildings,2045,0.78,,PJ,European Commission: District heating and cooling in the European Union (see assumption and/or calculation file),10.09.2025,Nikita Moskalenko <nim@wip.tu-berlin.de>
IT,Buildings,2050,0.73,,PJ,European Commission: District heating and cooling in the European Union (see assumption and/or calculation file),10.09.2025,Nikita Moskalenko <nim@wip.tu-berlin.de>
IT,Buildings,2055,0.73,,PJ,European Commission: District heating and cooling in the European Union (see assumption and/or calculation file),10.09.2025,Nikita Moskalenko <nim@wip.tu-berlin.de>
IT,Buildings,2060,0.73,,PJ,European Commission: District heating and cooling in the European Union (see assumption and/or calculation file),10.09.2025,Nikita Moskalenko <nim@wip.tu-berlin.de>
LT,Buildings,2018,1,,PJ,European Commission: District heating and cooling in the European Union (see assumption and/or calculation file),10.09.2025,Nikita Moskalenko <nim@wip.tu-berlin.de>
LT,Buildings,2020,1,,PJ,European Commission: District heating and cooling in the European Union (see assumption and/or calculation file),10.09.2025,Nikita Moskalenko <nim@wip.tu-berlin.de>
LT,Buildings,2021,1,,PJ,European Commission: District heating and cooling in the European Union (see assumption and/or calculation file),10.09.2025,Nikita Moskalenko <nim@wip.tu-berlin.de>
LT,Buildings,2025,1,,PJ,European Commission: District heating and cooling in the European Union (see assumption and/or calculation file),10.09.2025,Nikita Moskalenko <nim@wip.tu-berlin.de>
LT,Buildings,2030,0.95,,PJ,European Commission: District heating and cooling in the European Union (see assumption and/or calculation file),10.09.2025,Nikita Moskalenko <nim@wip.tu-berlin.de>
LT,Buildings,2035,0.9,,PJ,European Commission: District heating and cooling in the European Union (see assumption and/or calculation file),10.09.2025,Nikita Moskalenko <nim@wip.tu-berlin.de>
LT,Buildings,2040,0.85,,PJ,European Commission: District heating and cooling in the European Union (see assumption and/or calculation file),10.09.2025,Nikita Moskalenko <nim@wip.tu-berlin.de>
LT,Buildings,2045,0.8,,PJ,European Commission: District heating and cooling in the European Union (see assumption and/or calculation file),10.09.2025,Nikita Moskalenko <nim@wip.tu-berlin.de>
LT,Buildings,2050,0.75,,PJ,European Commission: District heating and cooling in the European Union (see assumption and/or calculation file),10.09.2025,Nikita Moskalenko <nim@wip.tu-berlin.de>
LT,Buildings,2055,0.75,,PJ,European Commission: District heating and cooling in the European Union (see assumption and/or calculation file),10.09.2025,Nikita Moskalenko <nim@wip.tu-berlin.de>
LT,Buildings,2060,0.75,,PJ,European Commission: District heating and cooling in the European Union (see assumption and/or calculation file),10.09.2025,Nikita Moskalenko <nim@wip.tu-berlin.de>
LU,Buildings,2018,0.99,,PJ,European Commission: District heating and cooling in the European Union (see assumption and/or calculation file),10.09.2025,Nikita Moskalenko <nim@wip.tu-berlin.de>
LU,Buildings,2020,0.99,,PJ,European Commission: District heating and cooling in the European Union (see assumption and/or calculation file),10.09.2025,Nikita Moskalenko <nim@wip.tu-berlin.de>
LU,Buildings,2021,0.99,,PJ,European Commission: District heating and cooling in the European Union (see assumption and/or calculation file),10.09.2025,Nikita Moskalenko <nim@wip.tu-berlin.de>
LU,Buildings,2025,0.99,,PJ,European Commission: District heating and cooling in the European Union (see assumption and/or calculation file),10.09.2025,Nikita Moskalenko <nim@wip.tu-berlin.de>
LU,Buildings,2030,0.94,,PJ,European Commission: District heating and cooling in the European Union (see assumption and/or calculation file),10.09.2025,Nikita Moskalenko <nim@wip.tu-berlin.de>
LU,Buildings,2035,0.89,,PJ,European Commission: District heating and cooling in the European Union (see assumption and/or calculation file),10.09.2025,Nikita Moskalenko <nim@wip.tu-berlin.de>
LU,Buildings,2040,0.84,,PJ,European Commission: District heating and cooling in the European Union (see assumption and/or calculation file),10.09.2025,Nikita Moskalenko <nim@wip.tu-berlin.de>
LU,Buildings,2045,0.79,,PJ,European Commission: District heating and cooling in the European Union (see assumption and/or calculation file),10.09.2025,Nikita Moskalenko <nim@wip.tu-berlin.de>
LU,Buildings,2050,0.74,,PJ,European Commission: District heating and cooling in the European Union (see assumption and/or calculation file),10.09.2025,Nikita Moskalenko <nim@wip.tu-berlin.de>
LU,Buildings,2055,0.74,,PJ,European Commission: District heating and cooling in the European Union (see assumption and/or calculation file),10.09.2025,Nikita Moskalenko <nim@wip.tu-berlin.de>
LU,Buildings,2060,0.74,,PJ,European Commission: District heating and cooling in the European Union (see assumption and/or calculation file),10.09.2025,Nikita Moskalenko <nim@wip.tu-berlin.de>
LV,Buildings,2018,0.86,,PJ,European Commission: District heating and cooling in the European Union (see assumption and/or calculation file),10.09.2025,Nikita Moskalenko <nim@wip.tu-berlin.de>
LV,Buildings,2020,0.86,,PJ,European Commission: District heating and cooling in the European Union (see assumption and/or calculation file),10.09.2025,Nikita Moskalenko <nim@wip.tu-berlin.de>
LV,Buildings,2021,0.86,,PJ,European Commission: District heating and cooling in the European Union (see assumption and/or calculation file),10.09.2025,Nikita Moskalenko <nim@wip.tu-berlin.de>
LV,Buildings,2025,0.86,,PJ,European Commission: District heating and cooling in the European Union (see assumption and/or calculation file),10.09.2025,Nikita Moskalenko <nim@wip.tu-berlin.de>
LV,Buildings,2030,0.82,,PJ,European Commission: District heating and cooling in the European Union (see assumption and/or calculation file),10.09.2025,Nikita Moskalenko <nim@wip.tu-berlin.de>
LV,Buildings,2035,0.77,,PJ,European Commission: District heating and cooling in the European Union (see assumption and/or calculation file),10.09.2025,Nikita Moskalenko <nim@wip.tu-berlin.de>
LV,Buildings,2040,0.73,,PJ,European Commission: District heating and cooling in the European Union (see assumption and/or calculation file),10.09.2025,Nikita Moskalenko <nim@wip.tu-berlin.de>
LV,Buildings,2045,0.69,,PJ,European Commission: District heating and cooling in the European Union (see assumption and/or calculation file),10.09.2025,Nikita Moskalenko <nim@wip.tu-berlin.de>
LV,Buildings,2050,0.65,,PJ,European Commission: District heating and cooling in the European Union (see assumption and/or calculation file),10.09.2025,Nikita Moskalenko <nim@wip.tu-berlin.de>
LV,Buildings,2055,0.65,,PJ,European Commission: District heating and cooling in the European Union (see assumption and/or calculation file),10.09.2025,Nikita Moskalenko <nim@wip.tu-berlin.de>
LV,Buildings,2060,0.65,,PJ,European Commission: District heating and cooling in the European Union (see assumption and/or calculation file),10.09.2025,Nikita Moskalenko <nim@wip.tu-berlin.de>
NL,Buildings,2018,0.79,,PJ,European Commission: District heating and cooling in the European Union (see assumption and/or calculation file),10.09.2025,Nikita Moskalenko <nim@wip.tu-berlin.de>
NL,Buildings,2020,0.79,,PJ,European Commission: District heating and cooling in the European Union (see assumption and/or calculation file),10.09.2025,Nikita Moskalenko <nim@wip.tu-berlin.de>
NL,Buildings,2021,0.79,,PJ,European Commission: District heating and cooling in the European Union (see assumption and/or calculation file),10.09.2025,Nikita Moskalenko <nim@wip.tu-berlin.de>
NL,Buildings,2025,0.79,,PJ,European Commission: District heating and cooling in the European Union (see assumption and/or calculation file),10.09.2025,Nikita Moskalenko <nim@wip.tu-berlin.de>
NL,Buildings,2030,0.75,,PJ,European Commission: District heating and cooling in the European Union (see assumption and/or calculation file),10.09.2025,Nikita Moskalenko <nim@wip.tu-berlin.de>
NL,Buildings,2035,0.71,,PJ,European Commission: District heating and cooling in the European Union (see assumption and/or calculation file),10.09.2025,Nikita Moskalenko <nim@wip.tu-berlin.de>
NL,Buildings,2040,0.67,,PJ,European Commission: District heating and cooling in the European Union (see assumption and/or calculation file),10.09.2025,Nikita Moskalenko <nim@wip.tu-berlin.de>
NL,Buildings,2045,0.63,,PJ,European Commission: District heating and cooling in the European Union (see assumption and/or calculation file),10.09.2025,Nikita Moskalenko <nim@wip.tu-berlin.de>
NL,Buildings,2050,0.59,,PJ,European Commission: District heating and cooling in the European Union (see assumption and/or calculation file),10.09.2025,Nikita Moskalenko <nim@wip.tu-berlin.de>
NL,Buildings,2055,0.59,,PJ,European Commission: District heating and cooling in the European Union (see assumption and/or calculation file),10.09.2025,Nikita Moskalenko <nim@wip.tu-berlin.de>
NL,Buildings,2060,0.59,,PJ,European Commission: District heating and cooling in the European Union (see assumption and/or calculation file),10.09.2025,Nikita Moskalenko <nim@wip.tu-berlin.de>
NO,Buildings,2018,0.86,,PJ,European Commission: District heating and cooling in the European Union (see assumption and/or calculation file),10.09.2025,Nikita Moskalenko <nim@wip.tu-berlin.de>
NO,Buildings,2020,0.86,,PJ,European Commission: District heating and cooling in the European Union (see assumption and/or calculation file),19.06.2025,Nikita Moskalenko <nim@wip.tu-berlin.de>
NO,Buildings,2021,0.86,,PJ,European Commission: District heating and cooling in the European Union (see assumption and/or calculation file),19.06.2025,Nikita Moskalenko <nim@wip.tu-berlin.de>
NO,Buildings,2025,0.86,,PJ,European Commission: District heating and cooling in the European Union (see assumption and/or calculation file),19.06.2025,Nikita Moskalenko <nim@wip.tu-berlin.de>
NO,Buildings,2030,0.82,,PJ,European Commission: District heating and cooling in the European Union (see assumption and/or calculation file),19.06.2025,Nikita Moskalenko <nim@wip.tu-berlin.de>
NO,Buildings,2035,0.77,,PJ,European Commission: District heating and cooling in the European Union (see assumption and/or calculation file),19.06.2025,Nikita Moskalenko <nim@wip.tu-berlin.de>
NO,Buildings,2040,0.73,,PJ,European Commission: District heating and cooling in the European Union (see assumption and/or calculation file),19.06.2025,Nikita Moskalenko <nim@wip.tu-berlin.de>
NO,Buildings,2045,0.69,,PJ,European Commission: District heating and cooling in the European Union (see assumption and/or calculation file),19.06.2025,Nikita Moskalenko <nim@wip.tu-berlin.de>
NO,Buildings,2050,0.65,,PJ,European Commission: District heating and cooling in the European Union (see assumption and/or calculation file),19.06.2025,Nikita Moskalenko <nim@wip.tu-berlin.de>
NO,Buildings,2055,0.65,,PJ,European Commission: District heating and cooling in the European Union (see assumption and/or calculation file),19.06.2025,Nikita Moskalenko <nim@wip.tu-berlin.de>
NO,Buildings,2060,0.65,,PJ,European Commission: District heating and cooling in the European Union (see assumption and/or calculation file),19.06.2025,Nikita Moskalenko <nim@wip.tu-berlin.de>
NONEU_Balkan,Buildings,2018,0,,PJ,European Commission: District heating and cooling in the European Union (see assumption and/or calculation file),10.09.2025,Nikita Moskalenko <nim@wip.tu-berlin.de>
NONEU_Balkan,Buildings,2020,0,,PJ,European Commission: District heating and cooling in the European Union (see assumption and/or calculation file),10.09.2025,Nikita Moskalenko <nim@wip.tu-berlin.de>
NONEU_Balkan,Buildings,2021,0,,PJ,European Commission: District heating and cooling in the European Union (see assumption and/or calculation file),10.09.2025,Nikita Moskalenko <nim@wip.tu-berlin.de>
NONEU_Balkan,Buildings,2025,0,,PJ,European Commission: District heating and cooling in the European Union (see assumption and/or calculation file),10.09.2025,Nikita Moskalenko <nim@wip.tu-berlin.de>
NONEU_Balkan,Buildings,2030,0,,PJ,European Commission: District heating and cooling in the European Union (see assumption and/or calculation file),10.09.2025,Nikita Moskalenko <nim@wip.tu-berlin.de>
NONEU_Balkan,Buildings,2035,0,,PJ,European Commission: District heating and cooling in the European Union (see assumption and/or calculation file),10.09.2025,Nikita Moskalenko <nim@wip.tu-berlin.de>
NONEU_Balkan,Buildings,2040,0,,PJ,European Commission: District heating and cooling in the European Union (see assumption and/or calculation file),10.09.2025,Nikita Moskalenko <nim@wip.tu-berlin.de>
NONEU_Balkan,Buildings,2045,0,,PJ,European Commission: District heating and cooling in the European Union (see assumption and/or calculation file),10.09.2025,Nikita Moskalenko <nim@wip.tu-berlin.de>
NONEU_Balkan,Buildings,2050,0,,PJ,European Commission: District heating and cooling in the European Union (see assumption and/or calculation file),10.09.2025,Nikita Moskalenko <nim@wip.tu-berlin.de>
NONEU_Balkan,Buildings,2055,0,,PJ,European Commission: District heating and cooling in the European Union (see assumption and/or calculation file),10.09.2025,Nikita Moskalenko <nim@wip.tu-berlin.de>
NONEU_Balkan,Buildings,2060,0,,PJ,European Commission: District heating and cooling in the European Union (see assumption and/or calculation file),10.09.2025,Nikita Moskalenko <nim@wip.tu-berlin.de>
PL,Buildings,2018,0.85,,PJ,European Commission: District heating and cooling in the European Union (see assumption and/or calculation file),10.09.2025,Nikita Moskalenko <nim@wip.tu-berlin.de>
PL,Buildings,2020,0.85,,PJ,European Commission: District heating and cooling in the European Union (see assumption and/or calculation file),10.09.2025,Nikita Moskalenko <nim@wip.tu-berlin.de>
PL,Buildings,2021,0.85,,PJ,European Commission: District heating and cooling in the European Union (see assumption and/or calculation file),10.09.2025,Nikita Moskalenko <nim@wip.tu-berlin.de>
PL,Buildings,2025,0.85,,PJ,European Commission: District heating and cooling in the European Union (see assumption and/or calculation file),10.09.2025,Nikita Moskalenko <nim@wip.tu-berlin.de>
PL,Buildings,2030,0.81,,PJ,European Commission: District heating and cooling in the European Union (see assumption and/or calculation file),10.09.2025,Nikita Moskalenko <nim@wip.tu-berlin.de>
PL,Buildings,2035,0.77,,PJ,European Commission: District heating and cooling in the European Union (see assumption and/or calculation file),10.09.2025,Nikita Moskalenko <nim@wip.tu-berlin.de>
PL,Buildings,2040,0.72,,PJ,European Commission: District heating and cooling in the European Union (see assumption and/or calculation file),10.09.2025,Nikita Moskalenko <nim@wip.tu-berlin.de>
PL,Buildings,2045,0.68,,PJ,European Commission: District heating and cooling in the European Union (see assumption and/or calculation file),10.09.2025,Nikita Moskalenko <nim@wip.tu-berlin.de>
PL,Buildings,2050,0.64,,PJ,European Commission: District heating and cooling in the European Union (see assumption and/or calculation file),10.09.2025,Nikita Moskalenko <nim@wip.tu-berlin.de>
PL,Buildings,2055,0.64,,PJ,European Commission: District heating and cooling in the European Union (see assumption and/or calculation file),10.09.2025,Nikita Moskalenko <nim@wip.tu-berlin.de>
PL,Buildings,2060,0.64,,PJ,European Commission: District heating and cooling in the European Union (see assumption and/or calculation file),10.09.2025,Nikita Moskalenko <nim@wip.tu-berlin.de>
PT,Buildings,2018,1,,PJ,European Commission: District heating and cooling in the European Union (see assumption and/or calculation file),10.09.2025,Nikita Moskalenko <nim@wip.tu-berlin.de>
PT,Buildings,2020,1,,PJ,European Commission: District heating and cooling in the European Union (see assumption and/or calculation file),10.09.2025,Nikita Moskalenko <nim@wip.tu-berlin.de>
PT,Buildings,2021,1,,PJ,European Commission: District heating and cooling in the European Union (see assumption and/or calculation file),10.09.2025,Nikita Moskalenko <nim@wip.tu-berlin.de>
PT,Buildings,2025,1,,PJ,European Commission: District heating and cooling in the European Union (see assumption and/or calculation file),10.09.2025,Nikita Moskalenko <nim@wip.tu-berlin.de>
PT,Buildings,2030,0.95,,PJ,European Commission: District heating and cooling in the European Union (see assumption and/or calculation file),10.09.2025,Nikita Moskalenko <nim@wip.tu-berlin.de>
PT,Buildings,2035,0.9,,PJ,European Commission: District heating and cooling in the European Union (see assumption and/or calculation file),10.09.2025,Nikita Moskalenko <nim@wip.tu-berlin.de>
PT,Buildings,2040,0.85,,PJ,European Commission: District heating and cooling in the European Union (see assumption and/or calculation file),10.09.2025,Nikita Moskalenko <nim@wip.tu-berlin.de>
PT,Buildings,2045,0.8,,PJ,European Commission: District heating and cooling in the European Union (see assumption and/or calculation file),10.09.2025,Nikita Moskalenko <nim@wip.tu-berlin.de>
PT,Buildings,2050,0.75,,PJ,European Commission: District heating and cooling in the European Union (see assumption and/or calculation file),10.09.2025,Nikita Moskalenko <nim@wip.tu-berlin.de>
PT,Buildings,2055,0.75,,PJ,European Commission: District heating and cooling in the European Union (see assumption and/or calculation file),10.09.2025,Nikita Moskalenko <nim@wip.tu-berlin.de>
PT,Buildings,2060,0.75,,PJ,European Commission: District heating and cooling in the European Union (see assumption and/or calculation file),10.09.2025,Nikita Moskalenko <nim@wip.tu-berlin.de>
RO,Buildings,2018,1,,PJ,European Commission: District heating and cooling in the European Union (see assumption and/or calculation file),10.09.2025,Nikita Moskalenko <nim@wip.tu-berlin.de>
RO,Buildings,2020,1,,PJ,European Commission: District heating and cooling in the European Union (see assumption and/or calculation file),10.09.2025,Nikita Moskalenko <nim@wip.tu-berlin.de>
RO,Buildings,2021,1,,PJ,European Commission: District heating and cooling in the European Union (see assumption and/or calculation file),10.09.2025,Nikita Moskalenko <nim@wip.tu-berlin.de>
RO,Buildings,2025,1,,PJ,European Commission: District heating and cooling in the European Union (see assumption and/or calculation file),10.09.2025,Nikita Moskalenko <nim@wip.tu-berlin.de>
RO,Buildings,2030,0.95,,PJ,European Commission: District heating and cooling in the European Union (see assumption and/or calculation file),10.09.2025,Nikita Moskalenko <nim@wip.tu-berlin.de>
RO,Buildings,2035,0.9,,PJ,European Commission: District heating and cooling in the European Union (see assumption and/or calculation file),10.09.2025,Nikita Moskalenko <nim@wip.tu-berlin.de>
RO,Buildings,2040,0.85,,PJ,European Commission: District heating and cooling in the European Union (see assumption and/or calculation file),10.09.2025,Nikita Moskalenko <nim@wip.tu-berlin.de>
RO,Buildings,2045,0.8,,PJ,European Commission: District heating and cooling in the European Union (see assumption and/or calculation file),10.09.2025,Nikita Moskalenko <nim@wip.tu-berlin.de>
RO,Buildings,2050,0.75,,PJ,European Commission: District heating and cooling in the European Union (see assumption and/or calculation file),10.09.2025,Nikita Moskalenko <nim@wip.tu-berlin.de>
RO,Buildings,2055,0.75,,PJ,European Commission: District heating and cooling in the European Union (see assumption and/or calculation file),10.09.2025,Nikita Moskalenko <nim@wip.tu-berlin.de>
RO,Buildings,2060,0.75,,PJ,European Commission: District heating and cooling in the European Union (see assumption and/or calculation file),10.09.2025,Nikita Moskalenko <nim@wip.tu-berlin.de>
SE,Buildings,2018,0.89,,PJ,European Commission: District heating and cooling in the European Union (see assumption and/or calculation file) + Partner Feedback (165PJ in Buildings),10.09.2025,Nikita Moskalenko <nim@wip.tu-berlin.de>
SE,Buildings,2020,0.89,,PJ,European Commission: District heating and cooling in the European Union (see assumption and/or calculation file) + Partner Feedback (165PJ in Buildings),10.09.2025,Nikita Moskalenko <nim@wip.tu-berlin.de>
SE,Buildings,2021,0.89,,PJ,European Commission: District heating and cooling in the European Union (see assumption and/or calculation file) + Partner Feedback (165PJ in Buildings),10.09.2025,Nikita Moskalenko <nim@wip.tu-berlin.de>
SE,Buildings,2025,0.89,,PJ,European Commission: District heating and cooling in the European Union (see assumption and/or calculation file) + Partner Feedback (165PJ in Buildings),10.09.2025,Nikita Moskalenko <nim@wip.tu-berlin.de>
SE,Buildings,2030,0.85,,PJ,European Commission: District heating and cooling in the European Union (see assumption and/or calculation file) + Partner Feedback (165PJ in Buildings),10.09.2025,Nikita Moskalenko <nim@wip.tu-berlin.de>
SE,Buildings,2035,0.8,,PJ,European Commission: District heating and cooling in the European Union (see assumption and/or calculation file) + Partner Feedback (165PJ in Buildings),10.09.2025,Nikita Moskalenko <nim@wip.tu-berlin.de>
SE,Buildings,2040,0.76,,PJ,European Commission: District heating and cooling in the European Union (see assumption and/or calculation file) + Partner Feedback (165PJ in Buildings),10.09.2025,Nikita Moskalenko <nim@wip.tu-berlin.de>
SE,Buildings,2045,0.71,,PJ,European Commission: District heating and cooling in the European Union (see assumption and/or calculation file) + Partner Feedback (165PJ in Buildings),10.09.2025,Nikita Moskalenko <nim@wip.tu-berlin.de>
SE,Buildings,2050,0.67,,PJ,European Commission: District heating and cooling in the European Union (see assumption and/or calculation file) + Partner Feedback (165PJ in Buildings),10.09.2025,Nikita Moskalenko <nim@wip.tu-berlin.de>
SE,Buildings,2055,0.67,,PJ,European Commission: District heating and cooling in the European Union (see assumption and/or calculation file) + Partner Feedback (165PJ in Buildings),10.09.2025,Nikita Moskalenko <nim@wip.tu-berlin.de>
SE,Buildings,2060,0.67,,PJ,European Commission: District heating and cooling in the European Union (see assumption and/or calculation file) + Partner Feedback (165PJ in Buildings),10.09.2025,Nikita Moskalenko <nim@wip.tu-berlin.de>
SI,Buildings,2018,0.81,,PJ,European Commission: District heating and cooling in the European Union (see assumption and/or calculation file),10.09.2025,Nikita Moskalenko <nim@wip.tu-berlin.de>
SI,Buildings,2020,0.81,,PJ,European Commission: District heating and cooling in the European Union (see assumption and/or calculation file),10.09.2025,Nikita Moskalenko <nim@wip.tu-berlin.de>
SI,Buildings,2021,0.81,,PJ,European Commission: District heating and cooling in the European Union (see assumption and/or calculation file),10.09.2025,Nikita Moskalenko <nim@wip.tu-berlin.de>
SI,Buildings,2025,0.81,,PJ,European Commission: District heating and cooling in the European Union (see assumption and/or calculation file),10.09.2025,Nikita Moskalenko <nim@wip.tu-berlin.de>
SI,Buildings,2030,0.77,,PJ,European Commission: District heating and cooling in the European Union (see assumption and/or calculation file),10.09.2025,Nikita Moskalenko <nim@wip.tu-berlin.de>
SI,Buildings,2035,0.73,,PJ,European Commission: District heating and cooling in the European Union (see assumption and/or calculation file),10.09.2025,Nikita Moskalenko <nim@wip.tu-berlin.de>
SI,Buildings,2040,0.69,,PJ,European Commission: District heating and cooling in the European Union (see assumption and/or calculation file),10.09.2025,Nikita Moskalenko <nim@wip.tu-berlin.de>
SI,Buildings,2045,0.65,,PJ,European Commission: District heating and cooling in the European Union (see assumption and/or calculation file),10.09.2025,Nikita Moskalenko <nim@wip.tu-berlin.de>
SI,Buildings,2050,0.61,,PJ,European Commission: District heating and cooling in the European Union (see assumption and/or calculation file),10.09.2025,Nikita Moskalenko <nim@wip.tu-berlin.de>
SI,Buildings,2055,0.61,,PJ,European Commission: District heating and cooling in the European Union (see assumption and/or calculation file),10.09.2025,Nikita Moskalenko <nim@wip.tu-berlin.de>
SI,Buildings,2060,0.61,,PJ,European Commission: District heating and cooling in the European Union (see assumption and/or calculation file),10.09.2025,Nikita Moskalenko <nim@wip.tu-berlin.de>
SK,Buildings,2018,0.61,,PJ,European Commission: District heating and cooling in the European Union (see assumption and/or calculation file),10.09.2025,Nikita Moskalenko <nim@wip.tu-berlin.de>
SK,Buildings,2020,0.61,,PJ,European Commission: District heating and cooling in the European Union (see assumption and/or calculation file),10.09.2025,Nikita Moskalenko <nim@wip.tu-berlin.de>
SK,Buildings,2021,0.61,,PJ,European Commission: District heating and cooling in the European Union (see assumption and/or calculation file),10.09.2025,Nikita Moskalenko <nim@wip.tu-berlin.de>
SK,Buildings,2025,0.61,,PJ,European Commission: District heating and cooling in the European Union (see assumption and/or calculation file),10.09.2025,Nikita Moskalenko <nim@wip.tu-berlin.de>
SK,Buildings,2030,0.58,,PJ,European Commission: District heating and cooling in the European Union (see assumption and/or calculation file),10.09.2025,Nikita Moskalenko <nim@wip.tu-berlin.de>
SK,Buildings,2035,0.55,,PJ,European Commission: District heating and cooling in the European Union (see assumption and/or calculation file),10.09.2025,Nikita Moskalenko <nim@wip.tu-berlin.de>
SK,Buildings,2040,0.52,,PJ,European Commission: District heating and cooling in the European Union (see assumption and/or calculation file),10.09.2025,Nikita Moskalenko <nim@wip.tu-berlin.de>
SK,Buildings,2045,0.49,,PJ,European Commission: District heating and cooling in the European Union (see assumption and/or calculation file),10.09.2025,Nikita Moskalenko <nim@wip.tu-berlin.de>
SK,Buildings,2050,0.46,,PJ,European Commission: District heating and cooling in the European Union (see assumption and/or calculation file),10.09.2025,Nikita Moskalenko <nim@wip.tu-berlin.de>
SK,Buildings,2055,0.46,,PJ,European Commission: District heating and cooling in the European Union (see assumption and/or calculation file),10.09.2025,Nikita Moskalenko <nim@wip.tu-berlin.de>
SK,Buildings,2060,0.46,,PJ,European Commission: District heating and cooling in the European Union (see assumption and/or calculation file),10.09.2025,Nikita Moskalenko <nim@wip.tu-berlin.de>
TR,Buildings,2018,0,,PJ,European Commission: District heating and cooling in the European Union (see assumption and/or calculation file),10.09.2025,Nikita Moskalenko <nim@wip.tu-berlin.de>
TR,Buildings,2020,0,,PJ,European Commission: District heating and cooling in the European Union (see assumption and/or calculation file),10.09.2025,Nikita Moskalenko <nim@wip.tu-berlin.de>
TR,Buildings,2021,0,,PJ,European Commission: District heating and cooling in the European Union (see assumption and/or calculation file),10.09.2025,Nikita Moskalenko <nim@wip.tu-berlin.de>
TR,Buildings,2025,0,,PJ,European Commission: District heating and cooling in the European Union (see assumption and/or calculation file),10.09.2025,Nikita Moskalenko <nim@wip.tu-berlin.de>
TR,Buildings,2030,0,,PJ,European Commission: District heating and cooling in the European Union (see assumption and/or calculation file),10.09.2025,Nikita Moskalenko <nim@wip.tu-berlin.de>
TR,Buildings,2035,0,,PJ,European Commission: District heating and cooling in the European Union (see assumption and/or calculation file),10.09.2025,Nikita Moskalenko <nim@wip.tu-berlin.de>
TR,Buildings,2040,0,,PJ,European Commission: District heating and cooling in the European Union (see assumption and/or calculation file),10.09.2025,Nikita Moskalenko <nim@wip.tu-berlin.de>
TR,Buildings,2045,0,,PJ,European Commission: District heating and cooling in the European Union (see assumption and/or calculation file),10.09.2025,Nikita Moskalenko <nim@wip.tu-berlin.de>
TR,Buildings,2050,0,,PJ,European Commission: District heating and cooling in the European Union (see assumption and/or calculation file),10.09.2025,Nikita Moskalenko <nim@wip.tu-berlin.de>
TR,Buildings,2055,0,,PJ,European Commission: District heating and cooling in the European Union (see assumption and/or calculation file),10.09.2025,Nikita Moskalenko <nim@wip.tu-berlin.de>
TR,Buildings,2060,0,,PJ,European Commission: District heating and cooling in the European Union (see assumption and/or calculation file),10.09.2025,Nikita Moskalenko <nim@wip.tu-berlin.de>
UK,Buildings,2018,1,,PJ,European Commission: District heating and cooling in the European Union (see assumption and/or calculation file),10.09.2025,Nikita Moskalenko <nim@wip.tu-berlin.de>
UK,Buildings,2020,1,,PJ,European Commission: District heating and cooling in the European Union (see assumption and/or calculation file),10.09.2025,Nikita Moskalenko <nim@wip.tu-berlin.de>
UK,Buildings,2021,1,,PJ,European Commission: District heating and cooling in the European Union (see assumption and/or calculation file),10.09.2025,Nikita Moskalenko <nim@wip.tu-berlin.de>
UK,Buildings,2025,1,,PJ,European Commission: District heating and cooling in the European Union (see assumption and/or calculation file),10.09.2025,Nikita Moskalenko <nim@wip.tu-berlin.de>
UK,Buildings,2030,0.95,,PJ,European Commission: District heating and cooling in the European Union (see assumption and/or calculation file),10.09.2025,Nikita Moskalenko <nim@wip.tu-berlin.de>
UK,Buildings,2035,0.9,,PJ,European Commission: District heating and cooling in the European Union (see assumption and/or calculation file),10.09.2025,Nikita Moskalenko <nim@wip.tu-berlin.de>
UK,Buildings,2040,0.85,,PJ,European Commission: District heating and cooling in the European Union (see assumption and/or calculation file),10.09.2025,Nikita Moskalenko <nim@wip.tu-berlin.de>
UK,Buildings,2045,0.8,,PJ,European Commission: District heating and cooling in the European Union (see assumption and/or calculation file),10.09.2025,Nikita Moskalenko <nim@wip.tu-berlin.de>
UK,Buildings,2050,0.75,,PJ,European Commission: District heating and cooling in the European Union (see assumption and/or calculation file),10.09.2025,Nikita Moskalenko <nim@wip.tu-berlin.de>
UK,Buildings,2055,0.75,,PJ,European Commission: District heating and cooling in the European Union (see assumption and/or calculation file),10.09.2025,Nikita Moskalenko <nim@wip.tu-berlin.de>
UK,Buildings,2060,0.75,,PJ,European Commission: District heating and cooling in the European Union (see assumption and/or calculation file),10.09.2025,Nikita Moskalenko <nim@wip.tu-berlin.de>
AT,Industry,2018,0.16,,PJ,European Commission: District heating and cooling in the European Union (see assumption and/or calculation file),10.09.2025,Nikita Moskalenko <nim@wip.tu-berlin.de>
AT,Industry,2020,0.16,,PJ,European Commission: District heating and cooling in the European Union (see assumption and/or calculation file),10.09.2025,Nikita Moskalenko <nim@wip.tu-berlin.de>
AT,Industry,2021,0.16,,PJ,European Commission: District heating and cooling in the European Union (see assumption and/or calculation file),10.09.2025,Nikita Moskalenko <nim@wip.tu-berlin.de>
AT,Industry,2025,0.16,,PJ,European Commission: District heating and cooling in the European Union (see assumption and/or calculation file),10.09.2025,Nikita Moskalenko <nim@wip.tu-berlin.de>
AT,Industry,2030,0.15,,PJ,European Commission: District heating and cooling in the European Union (see assumption and/or calculation file),10.09.2025,Nikita Moskalenko <nim@wip.tu-berlin.de>
AT,Industry,2035,0.14,,PJ,European Commission: District heating and cooling in the European Union (see assumption and/or calculation file),10.09.2025,Nikita Moskalenko <nim@wip.tu-berlin.de>
AT,Industry,2040,0.14,,PJ,European Commission: District heating and cooling in the European Union (see assumption and/or calculation file),10.09.2025,Nikita Moskalenko <nim@wip.tu-berlin.de>
AT,Industry,2045,0.13,,PJ,European Commission: District heating and cooling in the European Union (see assumption and/or calculation file),10.09.2025,Nikita Moskalenko <nim@wip.tu-berlin.de>
AT,Industry,2050,0.12,,PJ,European Commission: District heating and cooling in the European Union (see assumption and/or calculation file),10.09.2025,Nikita Moskalenko <nim@wip.tu-berlin.de>
AT,Industry,2055,0.12,,PJ,European Commission: District heating and cooling in the European Union (see assumption and/or calculation file),10.09.2025,Nikita Moskalenko <nim@wip.tu-berlin.de>
AT,Industry,2060,0.12,,PJ,European Commission: District heating and cooling in the European Union (see assumption and/or calculation file),10.09.2025,Nikita Moskalenko <nim@wip.tu-berlin.de>
BE,Industry,2018,0.27,,PJ,European Commission: District heating and cooling in the European Union (see assumption and/or calculation file),10.09.2025,Nikita Moskalenko <nim@wip.tu-berlin.de>
BE,Industry,2020,0.27,,PJ,European Commission: District heating and cooling in the European Union (see assumption and/or calculation file),10.09.2025,Nikita Moskalenko <nim@wip.tu-berlin.de>
BE,Industry,2021,0.27,,PJ,European Commission: District heating and cooling in the European Union (see assumption and/or calculation file),10.09.2025,Nikita Moskalenko <nim@wip.tu-berlin.de>
BE,Industry,2025,0.27,,PJ,European Commission: District heating and cooling in the European Union (see assumption and/or calculation file),10.09.2025,Nikita Moskalenko <nim@wip.tu-berlin.de>
BE,Industry,2030,0.26,,PJ,European Commission: District heating and cooling in the European Union (see assumption and/or calculation file),10.09.2025,Nikita Moskalenko <nim@wip.tu-berlin.de>
BE,Industry,2035,0.24,,PJ,European Commission: District heating and cooling in the European Union (see assumption and/or calculation file),10.09.2025,Nikita Moskalenko <nim@wip.tu-berlin.de>
BE,Industry,2040,0.23,,PJ,European Commission: District heating and cooling in the European Union (see assumption and/or calculation file),10.09.2025,Nikita Moskalenko <nim@wip.tu-berlin.de>
BE,Industry,2045,0.22,,PJ,European Commission: District heating and cooling in the European Union (see assumption and/or calculation file),10.09.2025,Nikita Moskalenko <nim@wip.tu-berlin.de>
BE,Industry,2050,0.2,,PJ,European Commission: District heating and cooling in the European Union (see assumption and/or calculation file),10.09.2025,Nikita Moskalenko <nim@wip.tu-berlin.de>
BE,Industry,2055,0.2,,PJ,European Commission: District heating and cooling in the European Union (see assumption and/or calculation file),10.09.2025,Nikita Moskalenko <nim@wip.tu-berlin.de>
BE,Industry,2060,0.2,,PJ,European Commission: District heating and cooling in the European Union (see assumption and/or calculation file),10.09.2025,Nikita Moskalenko <nim@wip.tu-berlin.de>
BG,Industry,2018,0.11,,PJ,European Commission: District heating and cooling in the European Union (see assumption and/or calculation file),10.09.2025,Nikita Moskalenko <nim@wip.tu-berlin.de>
BG,Industry,2020,0.11,,PJ,European Commission: District heating and cooling in the European Union (see assumption and/or calculation file),10.09.2025,Nikita Moskalenko <nim@wip.tu-berlin.de>
BG,Industry,2021,0.11,,PJ,European Commission: District heating and cooling in the European Union (see assumption and/or calculation file),10.09.2025,Nikita Moskalenko <nim@wip.tu-berlin.de>
BG,Industry,2025,0.11,,PJ,European Commission: District heating and cooling in the European Union (see assumption and/or calculation file),10.09.2025,Nikita Moskalenko <nim@wip.tu-berlin.de>
BG,Industry,2030,0.1,,PJ,European Commission: District heating and cooling in the European Union (see assumption and/or calculation file),10.09.2025,Nikita Moskalenko <nim@wip.tu-berlin.de>
BG,Industry,2035,0.1,,PJ,European Commission: District heating and cooling in the European Union (see assumption and/or calculation file),10.09.2025,Nikita Moskalenko <nim@wip.tu-berlin.de>
BG,Industry,2040,0.09,,PJ,European Commission: District heating and cooling in the European Union (see assumption and/or calculation file),10.09.2025,Nikita Moskalenko <nim@wip.tu-berlin.de>
BG,Industry,2045,0.09,,PJ,European Commission: District heating and cooling in the European Union (see assumption and/or calculation file),10.09.2025,Nikita Moskalenko <nim@wip.tu-berlin.de>
BG,Industry,2050,0.08,,PJ,European Commission: District heating and cooling in the European Union (see assumption and/or calculation file),10.09.2025,Nikita Moskalenko <nim@wip.tu-berlin.de>
BG,Industry,2055,0.08,,PJ,European Commission: District heating and cooling in the European Union (see assumption and/or calculation file),10.09.2025,Nikita Moskalenko <nim@wip.tu-berlin.de>
BG,Industry,2060,0.08,,PJ,European Commission: District heating and cooling in the European Union (see assumption and/or calculation file),10.09.2025,Nikita Moskalenko <nim@wip.tu-berlin.de>
CH,Industry,2018,0,,PJ,European Commission: District heating and cooling in the European Union (see assumption and/or calculation file),10.09.2025,Nikita Moskalenko <nim@wip.tu-berlin.de>
CH,Industry,2020,0,,PJ,European Commission: District heating and cooling in the European Union (see assumption and/or calculation file),10.09.2025,Nikita Moskalenko <nim@wip.tu-berlin.de>
CH,Industry,2021,0,,PJ,European Commission: District heating and cooling in the European Union (see assumption and/or calculation file),10.09.2025,Nikita Moskalenko <nim@wip.tu-berlin.de>
CH,Industry,2025,0,,PJ,European Commission: District heating and cooling in the European Union (see assumption and/or calculation file),10.09.2025,Nikita Moskalenko <nim@wip.tu-berlin.de>
CH,Industry,2030,0,,PJ,European Commission: District heating and cooling in the European Union (see assumption and/or calculation file),10.09.2025,Nikita Moskalenko <nim@wip.tu-berlin.de>
CH,Industry,2035,0,,PJ,European Commission: District heating and cooling in the European Union (see assumption and/or calculation file),10.09.2025,Nikita Moskalenko <nim@wip.tu-berlin.de>
CH,Industry,2040,0,,PJ,European Commission: District heating and cooling in the European Union (see assumption and/or calculation file),10.09.2025,Nikita Moskalenko <nim@wip.tu-berlin.de>
CH,Industry,2045,0,,PJ,European Commission: District heating and cooling in the European Union (see assumption and/or calculation file),10.09.2025,Nikita Moskalenko <nim@wip.tu-berlin.de>
CH,Industry,2050,0,,PJ,European Commission: District heating and cooling in the European Union (see assumption and/or calculation file),10.09.2025,Nikita Moskalenko <nim@wip.tu-berlin.de>
CH,Industry,2055,0,,PJ,European Commission: District heating and cooling in the European Union (see assumption and/or calculation file),10.09.2025,Nikita Moskalenko <nim@wip.tu-berlin.de>
CH,Industry,2060,0,,PJ,European Commission: District heating and cooling in the European Union (see assumption and/or calculation file),10.09.2025,Nikita Moskalenko <nim@wip.tu-berlin.de>
CZ,Industry,2018,0.34,,PJ,European Commission: District heating and cooling in the European Union (see assumption and/or calculation file),10.09.2025,Nikita Moskalenko <nim@wip.tu-berlin.de>
CZ,Industry,2020,0.34,,PJ,European Commission: District heating and cooling in the European Union (see assumption and/or calculation file),10.09.2025,Nikita Moskalenko <nim@wip.tu-berlin.de>
CZ,Industry,2021,0.34,,PJ,European Commission: District heating and cooling in the European Union (see assumption and/or calculation file),10.09.2025,Nikita Moskalenko <nim@wip.tu-berlin.de>
CZ,Industry,2025,0.34,,PJ,European Commission: District heating and cooling in the European Union (see assumption and/or calculation file),10.09.2025,Nikita Moskalenko <nim@wip.tu-berlin.de>
CZ,Industry,2030,0.32,,PJ,European Commission: District heating and cooling in the European Union (see assumption and/or calculation file),10.09.2025,Nikita Moskalenko <nim@wip.tu-berlin.de>
CZ,Industry,2035,0.31,,PJ,European Commission: District heating and cooling in the European Union (see assumption and/or calculation file),10.09.2025,Nikita Moskalenko <nim@wip.tu-berlin.de>
CZ,Industry,2040,0.29,,PJ,European Commission: District heating and cooling in the European Union (see assumption and/or calculation file),10.09.2025,Nikita Moskalenko <nim@wip.tu-berlin.de>
CZ,Industry,2045,0.27,,PJ,European Commission: District heating and cooling in the European Union (see assumption and/or calculation file),10.09.2025,Nikita Moskalenko <nim@wip.tu-berlin.de>
CZ,Industry,2050,0.26,,PJ,European Commission: District heating and cooling in the European Union (see assumption and/or calculation file),10.09.2025,Nikita Moskalenko <nim@wip.tu-berlin.de>
CZ,Industry,2055,0.26,,PJ,European Commission: District heating and cooling in the European Union (see assumption and/or calculation file),10.09.2025,Nikita Moskalenko <nim@wip.tu-berlin.de>
CZ,Industry,2060,0.26,,PJ,European Commission: District heating and cooling in the European Union (see assumption and/or calculation file),10.09.2025,Nikita Moskalenko <nim@wip.tu-berlin.de>
DE,Industry,2018,0.22,,PJ,European Commission: District heating and cooling in the European Union (see assumption and/or calculation file),10.09.2025,Nikita Moskalenko <nim@wip.tu-berlin.de>
DE,Industry,2020,0.22,,PJ,European Commission: District heating and cooling in the European Union (see assumption and/or calculation file),10.09.2025,Nikita Moskalenko <nim@wip.tu-berlin.de>
DE,Industry,2021,0.22,,PJ,European Commission: District heating and cooling in the European Union (see assumption and/or calculation file),10.09.2025,Nikita Moskalenko <nim@wip.tu-berlin.de>
DE,Industry,2025,0.22,,PJ,European Commission: District heating and cooling in the European Union (see assumption and/or calculation file),10.09.2025,Nikita Moskalenko <nim@wip.tu-berlin.de>
DE,Industry,2030,0.21,,PJ,European Commission: District heating and cooling in the European Union (see assumption and/or calculation file),10.09.2025,Nikita Moskalenko <nim@wip.tu-berlin.de>
DE,Industry,2035,0.2,,PJ,European Commission: District heating and cooling in the European Union (see assumption and/or calculation file),10.09.2025,Nikita Moskalenko <nim@wip.tu-berlin.de>
DE,Industry,2040,0.19,,PJ,European Commission: District heating and cooling in the European Union (see assumption and/or calculation file),10.09.2025,Nikita Moskalenko <nim@wip.tu-berlin.de>
DE,Industry,2045,0.18,,PJ,European Commission: District heating and cooling in the European Union (see assumption and/or calculation file),10.09.2025,Nikita Moskalenko <nim@wip.tu-berlin.de>
DE,Industry,2050,0.17,,PJ,European Commission: District heating and cooling in the European Union (see assumption and/or calculation file),10.09.2025,Nikita Moskalenko <nim@wip.tu-berlin.de>
DE,Industry,2055,0.17,,PJ,European Commission: District heating and cooling in the European Union (see assumption and/or calculation file),10.09.2025,Nikita Moskalenko <nim@wip.tu-berlin.de>
DE,Industry,2060,0.17,,PJ,European Commission: District heating and cooling in the European Union (see assumption and/or calculation file),10.09.2025,Nikita Moskalenko <nim@wip.tu-berlin.de>
DK,Industry,2018,0.05,,PJ,European Commission: District heating and cooling in the European Union (see assumption and/or calculation file),10.09.2025,Nikita Moskalenko <nim@wip.tu-berlin.de>
DK,Industry,2020,0.05,,PJ,European Commission: District heating and cooling in the European Union (see assumption and/or calculation file),10.09.2025,Nikita Moskalenko <nim@wip.tu-berlin.de>
DK,Industry,2021,0.05,,PJ,European Commission: District heating and cooling in the European Union (see assumption and/or calculation file),10.09.2025,Nikita Moskalenko <nim@wip.tu-berlin.de>
DK,Industry,2025,0.05,,PJ,European Commission: District heating and cooling in the European Union (see assumption and/or calculation file),10.09.2025,Nikita Moskalenko <nim@wip.tu-berlin.de>
DK,Industry,2030,0.05,,PJ,European Commission: District heating and cooling in the European Union (see assumption and/or calculation file),10.09.2025,Nikita Moskalenko <nim@wip.tu-berlin.de>
DK,Industry,2035,0.05,,PJ,European Commission: District heating and cooling in the European Union (see assumption and/or calculation file),10.09.2025,Nikita Moskalenko <nim@wip.tu-berlin.de>
DK,Industry,2040,0.04,,PJ,European Commission: District heating and cooling in the European Union (see assumption and/or calculation file),10.09.2025,Nikita Moskalenko <nim@wip.tu-berlin.de>
DK,Industry,2045,0.04,,PJ,European Commission: District heating and cooling in the European Union (see assumption and/or calculation file),10.09.2025,Nikita Moskalenko <nim@wip.tu-berlin.de>
DK,Industry,2050,0.04,,PJ,European Commission: District heating and cooling in the European Union (see assumption and/or calculation file),10.09.2025,Nikita Moskalenko <nim@wip.tu-berlin.de>
DK,Industry,2055,0.04,,PJ,European Commission: District heating and cooling in the European Union (see assumption and/or calculation file),10.09.2025,Nikita Moskalenko <nim@wip.tu-berlin.de>
DK,Industry,2060,0.04,,PJ,European Commission: District heating and cooling in the European Union (see assumption and/or calculation file),10.09.2025,Nikita Moskalenko <nim@wip.tu-berlin.de>
EE,Industry,2018,0.08,,PJ,European Commission: District heating and cooling in the European Union (see assumption and/or calculation file),10.09.2025,Nikita Moskalenko <nim@wip.tu-berlin.de>
EE,Industry,2020,0.08,,PJ,European Commission: District heating and cooling in the European Union (see assumption and/or calculation file),10.09.2025,Nikita Moskalenko <nim@wip.tu-berlin.de>
EE,Industry,2021,0.08,,PJ,European Commission: District heating and cooling in the European Union (see assumption and/or calculation file),10.09.2025,Nikita Moskalenko <nim@wip.tu-berlin.de>
EE,Industry,2025,0.08,,PJ,European Commission: District heating and cooling in the European Union (see assumption and/or calculation file),10.09.2025,Nikita Moskalenko <nim@wip.tu-berlin.de>
EE,Industry,2030,0.08,,PJ,European Commission: District heating and cooling in the European Union (see assumption and/or calculation file),10.09.2025,Nikita Moskalenko <nim@wip.tu-berlin.de>
EE,Industry,2035,0.07,,PJ,European Commission: District heating and cooling in the European Union (see assumption and/or calculation file),10.09.2025,Nikita Moskalenko <nim@wip.tu-berlin.de>
EE,Industry,2040,0.07,,PJ,European Commission: District heating and cooling in the European Union (see assumption and/or calculation file),10.09.2025,Nikita Moskalenko <nim@wip.tu-berlin.de>
EE,Industry,2045,0.06,,PJ,European Commission: District heating and cooling in the European Union (see assumption and/or calculation file),10.09.2025,Nikita Moskalenko <nim@wip.tu-berlin.de>
EE,Industry,2050,0.06,,PJ,European Commission: District heating and cooling in the European Union (see assumption and/or calculation file),10.09.2025,Nikita Moskalenko <nim@wip.tu-berlin.de>
EE,Industry,2055,0.06,,PJ,European Commission: District heating and cooling in the European Union (see assumption and/or calculation file),10.09.2025,Nikita Moskalenko <nim@wip.tu-berlin.de>
EE,Industry,2060,0.06,,PJ,European Commission: District heating and cooling in the European Union (see assumption and/or calculation file),10.09.2025,Nikita Moskalenko <nim@wip.tu-berlin.de>
ES,Industry,2018,0.22,,PJ,European Commission: District heating and cooling in the European Union (see assumption and/or calculation file),10.09.2025,Nikita Moskalenko <nim@wip.tu-berlin.de>
ES,Industry,2020,0.22,,PJ,European Commission: District heating and cooling in the European Union (see assumption and/or calculation file),10.09.2025,Nikita Moskalenko <nim@wip.tu-berlin.de>
ES,Industry,2021,0.22,,PJ,European Commission: District heating and cooling in the European Union (see assumption and/or calculation file),10.09.2025,Nikita Moskalenko <nim@wip.tu-berlin.de>
ES,Industry,2025,0.22,,PJ,European Commission: District heating and cooling in the European Union (see assumption and/or calculation file),10.09.2025,Nikita Moskalenko <nim@wip.tu-berlin.de>
ES,Industry,2030,0.21,,PJ,European Commission: District heating and cooling in the European Union (see assumption and/or calculation file),10.09.2025,Nikita Moskalenko <nim@wip.tu-berlin.de>
ES,Industry,2035,0.2,,PJ,European Commission: District heating and cooling in the European Union (see assumption and/or calculation file),10.09.2025,Nikita Moskalenko <nim@wip.tu-berlin.de>
ES,Industry,2040,0.19,,PJ,European Commission: District heating and cooling in the European Union (see assumption and/or calculation file),10.09.2025,Nikita Moskalenko <nim@wip.tu-berlin.de>
ES,Industry,2045,0.18,,PJ,European Commission: District heating and cooling in the European Union (see assumption and/or calculation file),10.09.2025,Nikita Moskalenko <nim@wip.tu-berlin.de>
ES,Industry,2050,0.17,,PJ,European Commission: District heating and cooling in the European Union (see assumption and/or calculation file),10.09.2025,Nikita Moskalenko <nim@wip.tu-berlin.de>
ES,Industry,2055,0.17,,PJ,European Commission: District heating and cooling in the European Union (see assumption and/or calculation file),10.09.2025,Nikita Moskalenko <nim@wip.tu-berlin.de>
ES,Industry,2060,0.17,,PJ,European Commission: District heating and cooling in the European Union (see assumption and/or calculation file),10.09.2025,Nikita Moskalenko <nim@wip.tu-berlin.de>
FI,Industry,2018,0.09,,PJ,European Commission: District heating and cooling in the European Union (see assumption and/or calculation file),10.09.2025,Nikita Moskalenko <nim@wip.tu-berlin.de>
FI,Industry,2020,0.09,,PJ,European Commission: District heating and cooling in the European Union (see assumption and/or calculation file),10.09.2025,Nikita Moskalenko <nim@wip.tu-berlin.de>
FI,Industry,2021,0.09,,PJ,European Commission: District heating and cooling in the European Union (see assumption and/or calculation file),10.09.2025,Nikita Moskalenko <nim@wip.tu-berlin.de>
FI,Industry,2025,0.09,,PJ,European Commission: District heating and cooling in the European Union (see assumption and/or calculation file),10.09.2025,Nikita Moskalenko <nim@wip.tu-berlin.de>
FI,Industry,2030,0.09,,PJ,European Commission: District heating and cooling in the European Union (see assumption and/or calculation file),10.09.2025,Nikita Moskalenko <nim@wip.tu-berlin.de>
FI,Industry,2035,0.08,,PJ,European Commission: District heating and cooling in the European Union (see assumption and/or calculation file),10.09.2025,Nikita Moskalenko <nim@wip.tu-berlin.de>
FI,Industry,2040,0.08,,PJ,European Commission: District heating and cooling in the European Union (see assumption and/or calculation file),10.09.2025,Nikita Moskalenko <nim@wip.tu-berlin.de>
FI,Industry,2045,0.07,,PJ,European Commission: District heating and cooling in the European Union (see assumption and/or calculation file),10.09.2025,Nikita Moskalenko <nim@wip.tu-berlin.de>
FI,Industry,2050,0.07,,PJ,European Commission: District heating and cooling in the European Union (see assumption and/or calculation file),10.09.2025,Nikita Moskalenko <nim@wip.tu-berlin.de>
FI,Industry,2055,0.07,,PJ,European Commission: District heating and cooling in the European Union (see assumption and/or calculation file),10.09.2025,Nikita Moskalenko <nim@wip.tu-berlin.de>
FI,Industry,2060,0.07,,PJ,European Commission: District heating and cooling in the European Union (see assumption and/or calculation file),10.09.2025,Nikita Moskalenko <nim@wip.tu-berlin.de>
FR,Industry,2018,0.13,,PJ,European Commission: District heating and cooling in the European Union (see assumption and/or calculation file),10.09.2025,Nikita Moskalenko <nim@wip.tu-berlin.de>
FR,Industry,2020,0.13,,PJ,European Commission: District heating and cooling in the European Union (see assumption and/or calculation file),10.09.2025,Nikita Moskalenko <nim@wip.tu-berlin.de>
FR,Industry,2021,0.13,,PJ,European Commission: District heating and cooling in the European Union (see assumption and/or calculation file),10.09.2025,Nikita Moskalenko <nim@wip.tu-berlin.de>
FR,Industry,2025,0.13,,PJ,European Commission: District heating and cooling in the European Union (see assumption and/or calculation file),10.09.2025,Nikita Moskalenko <nim@wip.tu-berlin.de>
FR,Industry,2030,0.12,,PJ,European Commission: District heating and cooling in the European Union (see assumption and/or calculation file),10.09.2025,Nikita Moskalenko <nim@wip.tu-berlin.de>
FR,Industry,2035,0.12,,PJ,European Commission: District heating and cooling in the European Union (see assumption and/or calculation file),10.09.2025,Nikita Moskalenko <nim@wip.tu-berlin.de>
FR,Industry,2040,0.11,,PJ,European Commission: District heating and cooling in the European Union (see assumption and/or calculation file),10.09.2025,Nikita Moskalenko <nim@wip.tu-berlin.de>
FR,Industry,2045,0.1,,PJ,European Commission: District heating and cooling in the European Union (see assumption and/or calculation file),10.09.2025,Nikita Moskalenko <nim@wip.tu-berlin.de>
FR,Industry,2050,0.1,,PJ,European Commission: District heating and cooling in the European Union (see assumption and/or calculation file),10.09.2025,Nikita Moskalenko <nim@wip.tu-berlin.de>
FR,Industry,2055,0.1,,PJ,European Commission: District heating and cooling in the European Union (see assumption and/or calculation file),10.09.2025,Nikita Moskalenko <nim@wip.tu-berlin.de>
FR,Industry,2060,0.1,,PJ,European Commission: District heating and cooling in the European Union (see assumption and/or calculation file),10.09.2025,Nikita Moskalenko <nim@wip.tu-berlin.de>
GR,Industry,2018,0,,PJ,European Commission: District heating and cooling in the European Union (see assumption and/or calculation file),10.09.2025,Nikita Moskalenko <nim@wip.tu-berlin.de>
GR,Industry,2020,0,,PJ,European Commission: District heating and cooling in the European Union (see assumption and/or calculation file),10.09.2025,Nikita Moskalenko <nim@wip.tu-berlin.de>
GR,Industry,2021,0,,PJ,European Commission: District heating and cooling in the European Union (see assumption and/or calculation file),10.09.2025,Nikita Moskalenko <nim@wip.tu-berlin.de>
GR,Industry,2025,0,,PJ,European Commission: District heating and cooling in the European Union (see assumption and/or calculation file),10.09.2025,Nikita Moskalenko <nim@wip.tu-berlin.de>
GR,Industry,2030,0,,PJ,European Commission: District heating and cooling in the European Union (see assumption and/or calculation file),10.09.2025,Nikita Moskalenko <nim@wip.tu-berlin.de>
GR,Industry,2035,0,,PJ,European Commission: District heating and cooling in the European Union (see assumption and/or calculation file),10.09.2025,Nikita Moskalenko <nim@wip.tu-berlin.de>
GR,Industry,2040,0,,PJ,European Commission: District heating and cooling in the European Union (see assumption and/or calculation file),10.09.2025,Nikita Moskalenko <nim@wip.tu-berlin.de>
GR,Industry,2045,0,,PJ,European Commission: District heating and cooling in the European Union (see assumption and/or calculation file),10.09.2025,Nikita Moskalenko <nim@wip.tu-berlin.de>
GR,Industry,2050,0,,PJ,European Commission: District heating and cooling in the European Union (see assumption and/or calculation file),10.09.2025,Nikita Moskalenko <nim@wip.tu-berlin.de>
GR,Industry,2055,0,,PJ,European Commission: District heating and cooling in the European Union (see assumption and/or calculation file),10.09.2025,Nikita Moskalenko <nim@wip.tu-berlin.de>
GR,Industry,2060,0,,PJ,European Commission: District heating and cooling in the European Union (see assumption and/or calculation file),10.09.2025,Nikita Moskalenko <nim@wip.tu-berlin.de>
HR,Industry,2018,0.16,,PJ,European Commission: District heating and cooling in the European Union (see assumption and/or calculation file),10.09.2025,Nikita Moskalenko <nim@wip.tu-berlin.de>
HR,Industry,2020,0.16,,PJ,European Commission: District heating and cooling in the European Union (see assumption and/or calculation file),10.09.2025,Nikita Moskalenko <nim@wip.tu-berlin.de>
HR,Industry,2021,0.16,,PJ,European Commission: District heating and cooling in the European Union (see assumption and/or calculation file),10.09.2025,Nikita Moskalenko <nim@wip.tu-berlin.de>
HR,Industry,2025,0.16,,PJ,European Commission: District heating and cooling in the European Union (see assumption and/or calculation file),10.09.2025,Nikita Moskalenko <nim@wip.tu-berlin.de>
HR,Industry,2030,0.15,,PJ,European Commission: District heating and cooling in the European Union (see assumption and/or calculation file),10.09.2025,Nikita Moskalenko <nim@wip.tu-berlin.de>
HR,Industry,2035,0.14,,PJ,European Commission: District heating and cooling in the European Union (see assumption and/or calculation file),10.09.2025,Nikita Moskalenko <nim@wip.tu-berlin.de>
HR,Industry,2040,0.14,,PJ,European Commission: District heating and cooling in the European Union (see assumption and/or calculation file),10.09.2025,Nikita Moskalenko <nim@wip.tu-berlin.de>
HR,Industry,2045,0.13,,PJ,European Commission: District heating and cooling in the European Union (see assumption and/or calculation file),10.09.2025,Nikita Moskalenko <nim@wip.tu-berlin.de>
HR,Industry,2050,0.12,,PJ,European Commission: District heating and cooling in the European Union (see assumption and/or calculation file),10.09.2025,Nikita Moskalenko <nim@wip.tu-berlin.de>
HR,Industry,2055,0.12,,PJ,European Commission: District heating and cooling in the European Union (see assumption and/or calculation file),10.09.2025,Nikita Moskalenko <nim@wip.tu-berlin.de>
HR,Industry,2060,0.12,,PJ,European Commission: District heating and cooling in the European Union (see assumption and/or calculation file),10.09.2025,Nikita Moskalenko <nim@wip.tu-berlin.de>
HU,Industry,2018,0,,PJ,European Commission: District heating and cooling in the European Union (see assumption and/or calculation file),10.09.2025,Nikita Moskalenko <nim@wip.tu-berlin.de>
HU,Industry,2020,0,,PJ,European Commission: District heating and cooling in the European Union (see assumption and/or calculation file),10.09.2025,Nikita Moskalenko <nim@wip.tu-berlin.de>
HU,Industry,2021,0,,PJ,European Commission: District heating and cooling in the European Union (see assumption and/or calculation file),10.09.2025,Nikita Moskalenko <nim@wip.tu-berlin.de>
HU,Industry,2025,0,,PJ,European Commission: District heating and cooling in the European Union (see assumption and/or calculation file),10.09.2025,Nikita Moskalenko <nim@wip.tu-berlin.de>
HU,Industry,2030,0,,PJ,European Commission: District heating and cooling in the European Union (see assumption and/or calculation file),10.09.2025,Nikita Moskalenko <nim@wip.tu-berlin.de>
HU,Industry,2035,0,,PJ,European Commission: District heating and cooling in the European Union (see assumption and/or calculation file),10.09.2025,Nikita Moskalenko <nim@wip.tu-berlin.de>
HU,Industry,2040,0,,PJ,European Commission: District heating and cooling in the European Union (see assumption and/or calculation file),10.09.2025,Nikita Moskalenko <nim@wip.tu-berlin.de>
HU,Industry,2045,0,,PJ,European Commission: District heating and cooling in the European Union (see assumption and/or calculation file),10.09.2025,Nikita Moskalenko <nim@wip.tu-berlin.de>
HU,Industry,2050,0,,PJ,European Commission: District heating and cooling in the European Union (see assumption and/or calculation file),10.09.2025,Nikita Moskalenko <nim@wip.tu-berlin.de>
HU,Industry,2055,0,,PJ,European Commission: District heating and cooling in the European Union (see assumption and/or calculation file),10.09.2025,Nikita Moskalenko <nim@wip.tu-berlin.de>
HU,Industry,2060,0,,PJ,European Commission: District heating and cooling in the European Union (see assumption and/or calculation file),10.09.2025,Nikita Moskalenko <nim@wip.tu-berlin.de>
IE,Industry,2018,0,,PJ,European Commission: District heating and cooling in the European Union (see assumption and/or calculation file),10.09.2025,Nikita Moskalenko <nim@wip.tu-berlin.de>
IE,Industry,2020,0,,PJ,European Commission: District heating and cooling in the European Union (see assumption and/or calculation file),10.09.2025,Nikita Moskalenko <nim@wip.tu-berlin.de>
IE,Industry,2021,0,,PJ,European Commission: District heating and cooling in the European Union (see assumption and/or calculation file),10.09.2025,Nikita Moskalenko <nim@wip.tu-berlin.de>
IE,Industry,2025,0,,PJ,European Commission: District heating and cooling in the European Union (see assumption and/or calculation file),10.09.2025,Nikita Moskalenko <nim@wip.tu-berlin.de>
IE,Industry,2030,0,,PJ,European Commission: District heating and cooling in the European Union (see assumption and/or calculation file),10.09.2025,Nikita Moskalenko <nim@wip.tu-berlin.de>
IE,Industry,2035,0,,PJ,European Commission: District heating and cooling in the European Union (see assumption and/or calculation file),10.09.2025,Nikita Moskalenko <nim@wip.tu-berlin.de>
IE,Industry,2040,0,,PJ,European Commission: District heating and cooling in the European Union (see assumption and/or calculation file),10.09.2025,Nikita Moskalenko <nim@wip.tu-berlin.de>
IE,Industry,2045,0,,PJ,European Commission: District heating and cooling in the European Union (see assumption and/or calculation file),10.09.2025,Nikita Moskalenko <nim@wip.tu-berlin.de>
IE,Industry,2050,0,,PJ,European Commission: District heating and cooling in the European Union (see assumption and/or calculation file),10.09.2025,Nikita Moskalenko <nim@wip.tu-berlin.de>
IE,Industry,2055,0,,PJ,European Commission: District heating and cooling in the European Union (see assumption and/or calculation file),10.09.2025,Nikita Moskalenko <nim@wip.tu-berlin.de>
IE,Industry,2060,0,,PJ,European Commission: District heating and cooling in the European Union (see assumption and/or calculation file),10.09.2025,Nikita Moskalenko <nim@wip.tu-berlin.de>
IT,Industry,2018,0.03,,PJ,European Commission: District heating and cooling in the European Union (see assumption and/or calculation file),10.09.2025,Nikita Moskalenko <nim@wip.tu-berlin.de>
IT,Industry,2020,0.03,,PJ,European Commission: District heating and cooling in the European Union (see assumption and/or calculation file),10.09.2025,Nikita Moskalenko <nim@wip.tu-berlin.de>
IT,Industry,2021,0.03,,PJ,European Commission: District heating and cooling in the European Union (see assumption and/or calculation file),10.09.2025,Nikita Moskalenko <nim@wip.tu-berlin.de>
IT,Industry,2025,0.03,,PJ,European Commission: District heating and cooling in the European Union (see assumption and/or calculation file),10.09.2025,Nikita Moskalenko <nim@wip.tu-berlin.de>
IT,Industry,2030,0.03,,PJ,European Commission: District heating and cooling in the European Union (see assumption and/or calculation file),10.09.2025,Nikita Moskalenko <nim@wip.tu-berlin.de>
IT,Industry,2035,0.03,,PJ,European Commission: District heating and cooling in the European Union (see assumption and/or calculation file),10.09.2025,Nikita Moskalenko <nim@wip.tu-berlin.de>
IT,Industry,2040,0.03,,PJ,European Commission: District heating and cooling in the European Union (see assumption and/or calculation file),10.09.2025,Nikita Moskalenko <nim@wip.tu-berlin.de>
IT,Industry,2045,0.02,,PJ,European Commission: District heating and cooling in the European Union (see assumption and/or calculation file),10.09.2025,Nikita Moskalenko <nim@wip.tu-berlin.de>
IT,Industry,2050,0.02,,PJ,European Commission: District heating and cooling in the European Union (see assumption and/or calculation file),10.09.2025,Nikita Moskalenko <nim@wip.tu-berlin.de>
IT,Industry,2055,0.02,,PJ,European Commission: District heating and cooling in the European Union (see assumption and/or calculation file),10.09.2025,Nikita Moskalenko <nim@wip.tu-berlin.de>
IT,Industry,2060,0.02,,PJ,European Commission: District heating and cooling in the European Union (see assumption and/or calculation file),10.09.2025,Nikita Moskalenko <nim@wip.tu-berlin.de>
LT,Industry,2018,0,,PJ,European Commission: District heating and cooling in the European Union (see assumption and/or calculation file),10.09.2025,Nikita Moskalenko <nim@wip.tu-berlin.de>
LT,Industry,2020,0,,PJ,European Commission: District heating and cooling in the European Union (see assumption and/or calculation file),10.09.2025,Nikita Moskalenko <nim@wip.tu-berlin.de>
LT,Industry,2021,0,,PJ,European Commission: District heating and cooling in the European Union (see assumption and/or calculation file),10.09.2025,Nikita Moskalenko <nim@wip.tu-berlin.de>
LT,Industry,2025,0,,PJ,European Commission: District heating and cooling in the European Union (see assumption and/or calculation file),10.09.2025,Nikita Moskalenko <nim@wip.tu-berlin.de>
LT,Industry,2030,0,,PJ,European Commission: District heating and cooling in the European Union (see assumption and/or calculation file),10.09.2025,Nikita Moskalenko <nim@wip.tu-berlin.de>
LT,Industry,2035,0,,PJ,European Commission: District heating and cooling in the European Union (see assumption and/or calculation file),10.09.2025,Nikita Moskalenko <nim@wip.tu-berlin.de>
LT,Industry,2040,0,,PJ,European Commission: District heating and cooling in the European Union (see assumption and/or calculation file),10.09.2025,Nikita Moskalenko <nim@wip.tu-berlin.de>
LT,Industry,2045,0,,PJ,European Commission: District heating and cooling in the European Union (see assumption and/or calculation file),10.09.2025,Nikita Moskalenko <nim@wip.tu-berlin.de>
LT,Industry,2050,0,,PJ,European Commission: District heating and cooling in the European Union (see assumption and/or calculation file),10.09.2025,Nikita Moskalenko <nim@wip.tu-berlin.de>
LT,Industry,2055,0,,PJ,European Commission: District heating and cooling in the European Union (see assumption and/or calculation file),10.09.2025,Nikita Moskalenko <nim@wip.tu-berlin.de>
LT,Industry,2060,0,,PJ,European Commission: District heating and cooling in the European Union (see assumption and/or calculation file),10.09.2025,Nikita Moskalenko <nim@wip.tu-berlin.de>
LU,Industry,2018,0.01,,PJ,European Commission: District heating and cooling in the European Union (see assumption and/or calculation file),10.09.2025,Nikita Moskalenko <nim@wip.tu-berlin.de>
LU,Industry,2020,0.01,,PJ,European Commission: District heating and cooling in the European Union (see assumption and/or calculation file),10.09.2025,Nikita Moskalenko <nim@wip.tu-berlin.de>
LU,Industry,2021,0.01,,PJ,European Commission: District heating and cooling in the European Union (see assumption and/or calculation file),10.09.2025,Nikita Moskalenko <nim@wip.tu-berlin.de>
LU,Industry,2025,0.01,,PJ,European Commission: District heating and cooling in the European Union (see assumption and/or calculation file),10.09.2025,Nikita Moskalenko <nim@wip.tu-berlin.de>
LU,Industry,2030,0.01,,PJ,European Commission: District heating and cooling in the European Union (see assumption and/or calculation file),10.09.2025,Nikita Moskalenko <nim@wip.tu-berlin.de>
LU,Industry,2035,0.01,,PJ,European Commission: District heating and cooling in the European Union (see assumption and/or calculation file),10.09.2025,Nikita Moskalenko <nim@wip.tu-berlin.de>
LU,Industry,2040,0.01,,PJ,European Commission: District heating and cooling in the European Union (see assumption and/or calculation file),10.09.2025,Nikita Moskalenko <nim@wip.tu-berlin.de>
LU,Industry,2045,0.01,,PJ,European Commission: District heating and cooling in the European Union (see assumption and/or calculation file),10.09.2025,Nikita Moskalenko <nim@wip.tu-berlin.de>
LU,Industry,2050,0.01,,PJ,European Commission: District heating and cooling in the European Union (see assumption and/or calculation file),10.09.2025,Nikita Moskalenko <nim@wip.tu-berlin.de>
LU,Industry,2055,0.01,,PJ,European Commission: District heating and cooling in the European Union (see assumption and/or calculation file),10.09.2025,Nikita Moskalenko <nim@wip.tu-berlin.de>
LU,Industry,2060,0.01,,PJ,European Commission: District heating and cooling in the European Union (see assumption and/or calculation file),10.09.2025,Nikita Moskalenko <nim@wip.tu-berlin.de>
LV,Industry,2018,0.14,,PJ,European Commission: District heating and cooling in the European Union (see assumption and/or calculation file),10.09.2025,Nikita Moskalenko <nim@wip.tu-berlin.de>
LV,Industry,2020,0.14,,PJ,European Commission: District heating and cooling in the European Union (see assumption and/or calculation file),10.09.2025,Nikita Moskalenko <nim@wip.tu-berlin.de>
LV,Industry,2021,0.14,,PJ,European Commission: District heating and cooling in the European Union (see assumption and/or calculation file),10.09.2025,Nikita Moskalenko <nim@wip.tu-berlin.de>
LV,Industry,2025,0.14,,PJ,European Commission: District heating and cooling in the European Union (see assumption and/or calculation file),10.09.2025,Nikita Moskalenko <nim@wip.tu-berlin.de>
LV,Industry,2030,0.13,,PJ,European Commission: District heating and cooling in the European Union (see assumption and/or calculation file),10.09.2025,Nikita Moskalenko <nim@wip.tu-berlin.de>
LV,Industry,2035,0.13,,PJ,European Commission: District heating and cooling in the European Union (see assumption and/or calculation file),10.09.2025,Nikita Moskalenko <nim@wip.tu-berlin.de>
LV,Industry,2040,0.12,,PJ,European Commission: District heating and cooling in the European Union (see assumption and/or calculation file),10.09.2025,Nikita Moskalenko <nim@wip.tu-berlin.de>
LV,Industry,2045,0.11,,PJ,European Commission: District heating and cooling in the European Union (see assumption and/or calculation file),10.09.2025,Nikita Moskalenko <nim@wip.tu-berlin.de>
LV,Industry,2050,0.11,,PJ,European Commission: District heating and cooling in the European Union (see assumption and/or calculation file),10.09.2025,Nikita Moskalenko <nim@wip.tu-berlin.de>
LV,Industry,2055,0.11,,PJ,European Commission: District heating and cooling in the European Union (see assumption and/or calculation file),10.09.2025,Nikita Moskalenko <nim@wip.tu-berlin.de>
LV,Industry,2060,0.11,,PJ,European Commission: District heating and cooling in the European Union (see assumption and/or calculation file),10.09.2025,Nikita Moskalenko <nim@wip.tu-berlin.de>
NL,Industry,2018,0.21,,PJ,European Commission: District heating and cooling in the European Union (see assumption and/or calculation file),10.09.2025,Nikita Moskalenko <nim@wip.tu-berlin.de>
NL,Industry,2020,0.21,,PJ,European Commission: District heating and cooling in the European Union (see assumption and/or calculation file),10.09.2025,Nikita Moskalenko <nim@wip.tu-berlin.de>
NL,Industry,2021,0.21,,PJ,European Commission: District heating and cooling in the European Union (see assumption and/or calculation file),10.09.2025,Nikita Moskalenko <nim@wip.tu-berlin.de>
NL,Industry,2025,0.21,,PJ,European Commission: District heating and cooling in the European Union (see assumption and/or calculation file),10.09.2025,Nikita Moskalenko <nim@wip.tu-berlin.de>
NL,Industry,2030,0.2,,PJ,European Commission: District heating and cooling in the European Union (see assumption and/or calculation file),10.09.2025,Nikita Moskalenko <nim@wip.tu-berlin.de>
NL,Industry,2035,0.19,,PJ,European Commission: District heating and cooling in the European Union (see assumption and/or calculation file),10.09.2025,Nikita Moskalenko <nim@wip.tu-berlin.de>
NL,Industry,2040,0.18,,PJ,European Commission: District heating and cooling in the European Union (see assumption and/or calculation file),10.09.2025,Nikita Moskalenko <nim@wip.tu-berlin.de>
NL,Industry,2045,0.17,,PJ,European Commission: District heating and cooling in the European Union (see assumption and/or calculation file),10.09.2025,Nikita Moskalenko <nim@wip.tu-berlin.de>
NL,Industry,2050,0.16,,PJ,European Commission: District heating and cooling in the European Union (see assumption and/or calculation file),10.09.2025,Nikita Moskalenko <nim@wip.tu-berlin.de>
NL,Industry,2055,0.16,,PJ,European Commission: District heating and cooling in the European Union (see assumption and/or calculation file),10.09.2025,Nikita Moskalenko <nim@wip.tu-berlin.de>
NL,Industry,2060,0.16,,PJ,European Commission: District heating and cooling in the European Union (see assumption and/or calculation file),10.09.2025,Nikita Moskalenko <nim@wip.tu-berlin.de>
NO,Industry,2018,0.14,,PJ,European Commission: District heating and cooling in the European Union (see assumption and/or calculation file),10.09.2025,Nikita Moskalenko <nim@wip.tu-berlin.de>
NO,Industry,2020,0.14,,PJ,European Commission: District heating and cooling in the European Union (see assumption and/or calculation file),10.09.2025,Nikita Moskalenko <nim@wip.tu-berlin.de>
NO,Industry,2021,0.14,,PJ,European Commission: District heating and cooling in the European Union (see assumption and/or calculation file),10.09.2025,Nikita Moskalenko <nim@wip.tu-berlin.de>
NO,Industry,2025,0.14,,PJ,European Commission: District heating and cooling in the European Union (see assumption and/or calculation file),10.09.2025,Nikita Moskalenko <nim@wip.tu-berlin.de>
NO,Industry,2030,0.13,,PJ,European Commission: District heating and cooling in the European Union (see assumption and/or calculation file),10.09.2025,Nikita Moskalenko <nim@wip.tu-berlin.de>
NO,Industry,2035,0.13,,PJ,European Commission: District heating and cooling in the European Union (see assumption and/or calculation file),10.09.2025,Nikita Moskalenko <nim@wip.tu-berlin.de>
NO,Industry,2040,0.12,,PJ,European Commission: District heating and cooling in the European Union (see assumption and/or calculation file),10.09.2025,Nikita Moskalenko <nim@wip.tu-berlin.de>
NO,Industry,2045,0.11,,PJ,European Commission: District heating and cooling in the European Union (see assumption and/or calculation file),10.09.2025,Nikita Moskalenko <nim@wip.tu-berlin.de>
NO,Industry,2050,0.11,,PJ,European Commission: District heating and cooling in the European Union (see assumption and/or calculation file),10.09.2025,Nikita Moskalenko <nim@wip.tu-berlin.de>
NO,Industry,2055,0.11,,PJ,European Commission: District heating and cooling in the European Union (see assumption and/or calculation file),10.09.2025,Nikita Moskalenko <nim@wip.tu-berlin.de>
NO,Industry,2060,0.11,,PJ,European Commission: District heating and cooling in the European Union (see assumption and/or calculation file),10.09.2025,Nikita Moskalenko <nim@wip.tu-berlin.de>
NONEU_Balkan,Industry,2018,0,,PJ,European Commission: District heating and cooling in the European Union (see assumption and/or calculation file),10.09.2025,Nikita Moskalenko <nim@wip.tu-berlin.de>
NONEU_Balkan,Industry,2020,0,,PJ,European Commission: District heating and cooling in the European Union (see assumption and/or calculation file),10.09.2025,Nikita Moskalenko <nim@wip.tu-berlin.de>
NONEU_Balkan,Industry,2021,0,,PJ,European Commission: District heating and cooling in the European Union (see assumption and/or calculation file),10.09.2025,Nikita Moskalenko <nim@wip.tu-berlin.de>
NONEU_Balkan,Industry,2025,0,,PJ,European Commission: District heating and cooling in the European Union (see assumption and/or calculation file),10.09.2025,Nikita Moskalenko <nim@wip.tu-berlin.de>
NONEU_Balkan,Industry,2030,0,,PJ,European Commission: District heating and cooling in the European Union (see assumption and/or calculation file),10.09.2025,Nikita Moskalenko <nim@wip.tu-berlin.de>
NONEU_Balkan,Industry,2035,0,,PJ,European Commission: District heating and cooling in the European Union (see assumption and/or calculation file),10.09.2025,Nikita Moskalenko <nim@wip.tu-berlin.de>
NONEU_Balkan,Industry,2040,0,,PJ,European Commission: District heating and cooling in the European Union (see assumption and/or calculation file),10.09.2025,Nikita Moskalenko <nim@wip.tu-berlin.de>
NONEU_Balkan,Industry,2045,0,,PJ,European Commission: District heating and cooling in the European Union (see assumption and/or calculation file),10.09.2025,Nikita Moskalenko <nim@wip.tu-berlin.de>
NONEU_Balkan,Industry,2050,0,,PJ,European Commission: District heating and cooling in the European Union (see assumption and/or calculation file),10.09.2025,Nikita Moskalenko <nim@wip.tu-berlin.de>
NONEU_Balkan,Industry,2055,0,,PJ,European Commission: District heating and cooling in the European Union (see assumption and/or calculation file),10.09.2025,Nikita Moskalenko <nim@wip.tu-berlin.de>
NONEU_Balkan,Industry,2060,0,,PJ,European Commission: District heating and cooling in the European Union (see assumption and/or calculation file),10.09.2025,Nikita Moskalenko <nim@wip.tu-berlin.de>
PL,Industry,2018,0.15,,PJ,European Commission: District heating and cooling in the European Union (see assumption and/or calculation file),10.09.2025,Nikita Moskalenko <nim@wip.tu-berlin.de>
PL,Industry,2020,0.15,,PJ,European Commission: District heating and cooling in the European Union (see assumption and/or calculation file),10.09.2025,Nikita Moskalenko <nim@wip.tu-berlin.de>
PL,Industry,2021,0.15,,PJ,European Commission: District heating and cooling in the European Union (see assumption and/or calculation file),10.09.2025,Nikita Moskalenko <nim@wip.tu-berlin.de>
PL,Industry,2025,0.15,,PJ,European Commission: District heating and cooling in the European Union (see assumption and/or calculation file),10.09.2025,Nikita Moskalenko <nim@wip.tu-berlin.de>
PL,Industry,2030,0.14,,PJ,European Commission: District heating and cooling in the European Union (see assumption and/or calculation file),10.09.2025,Nikita Moskalenko <nim@wip.tu-berlin.de>
PL,Industry,2035,0.14,,PJ,European Commission: District heating and cooling in the European Union (see assumption and/or calculation file),10.09.2025,Nikita Moskalenko <nim@wip.tu-berlin.de>
PL,Industry,2040,0.13,,PJ,European Commission: District heating and cooling in the European Union (see assumption and/or calculation file),10.09.2025,Nikita Moskalenko <nim@wip.tu-berlin.de>
PL,Industry,2045,0.12,,PJ,European Commission: District heating and cooling in the European Union (see assumption and/or calculation file),10.09.2025,Nikita Moskalenko <nim@wip.tu-berlin.de>
PL,Industry,2050,0.11,,PJ,European Commission: District heating and cooling in the European Union (see assumption and/or calculation file),10.09.2025,Nikita Moskalenko <nim@wip.tu-berlin.de>
PL,Industry,2055,0.11,,PJ,European Commission: District heating and cooling in the European Union (see assumption and/or calculation file),10.09.2025,Nikita Moskalenko <nim@wip.tu-berlin.de>
PL,Industry,2060,0.11,,PJ,European Commission: District heating and cooling in the European Union (see assumption and/or calculation file),10.09.2025,Nikita Moskalenko <nim@wip.tu-berlin.de>
PT,Industry,2018,0,,PJ,European Commission: District heating and cooling in the European Union (see assumption and/or calculation file),10.09.2025,Nikita Moskalenko <nim@wip.tu-berlin.de>
PT,Industry,2020,0,,PJ,European Commission: District heating and cooling in the European Union (see assumption and/or calculation file),10.09.2025,Nikita Moskalenko <nim@wip.tu-berlin.de>
PT,Industry,2021,0,,PJ,European Commission: District heating and cooling in the European Union (see assumption and/or calculation file),10.09.2025,Nikita Moskalenko <nim@wip.tu-berlin.de>
PT,Industry,2025,0,,PJ,European Commission: District heating and cooling in the European Union (see assumption and/or calculation file),10.09.2025,Nikita Moskalenko <nim@wip.tu-berlin.de>
PT,Industry,2030,0,,PJ,European Commission: District heating and cooling in the European Union (see assumption and/or calculation file),10.09.2025,Nikita Moskalenko <nim@wip.tu-berlin.de>
PT,Industry,2035,0,,PJ,European Commission: District heating and cooling in the European Union (see assumption and/or calculation file),10.09.2025,Nikita Moskalenko <nim@wip.tu-berlin.de>
PT,Industry,2040,0,,PJ,European Commission: District heating and cooling in the European Union (see assumption and/or calculation file),10.09.2025,Nikita Moskalenko <nim@wip.tu-berlin.de>
PT,Industry,2045,0,,PJ,European Commission: District heating and cooling in the European Union (see assumption and/or calculation file),10.09.2025,Nikita Moskalenko <nim@wip.tu-berlin.de>
PT,Industry,2050,0,,PJ,European Commission: District heating and cooling in the European Union (see assumption and/or calculation file),10.09.2025,Nikita Moskalenko <nim@wip.tu-berlin.de>
PT,Industry,2055,0,,PJ,European Commission: District heating and cooling in the European Union (see assumption and/or calculation file),10.09.2025,Nikita Moskalenko <nim@wip.tu-berlin.de>
PT,Industry,2060,0,,PJ,European Commission: District heating and cooling in the European Union (see assumption and/or calculation file),10.09.2025,Nikita Moskalenko <nim@wip.tu-berlin.de>
RO,Industry,2018,0,,PJ,European Commission: District heating and cooling in the European Union (see assumption and/or calculation file),10.09.2025,Nikita Moskalenko <nim@wip.tu-berlin.de>
RO,Industry,2020,0,,PJ,European Commission: District heating and cooling in the European Union (see assumption and/or calculation file),10.09.2025,Nikita Moskalenko <nim@wip.tu-berlin.de>
RO,Industry,2021,0,,PJ,European Commission: District heating and cooling in the European Union (see assumption and/or calculation file),10.09.2025,Nikita Moskalenko <nim@wip.tu-berlin.de>
RO,Industry,2025,0,,PJ,European Commission: District heating and cooling in the European Union (see assumption and/or calculation file),10.09.2025,Nikita Moskalenko <nim@wip.tu-berlin.de>
RO,Industry,2030,0,,PJ,European Commission: District heating and cooling in the European Union (see assumption and/or calculation file),10.09.2025,Nikita Moskalenko <nim@wip.tu-berlin.de>
RO,Industry,2035,0,,PJ,European Commission: District heating and cooling in the European Union (see assumption and/or calculation file),10.09.2025,Nikita Moskalenko <nim@wip.tu-berlin.de>
RO,Industry,2040,0,,PJ,European Commission: District heating and cooling in the European Union (see assumption and/or calculation file),10.09.2025,Nikita Moskalenko <nim@wip.tu-berlin.de>
RO,Industry,2045,0,,PJ,European Commission: District heating and cooling in the European Union (see assumption and/or calculation file),10.09.2025,Nikita Moskalenko <nim@wip.tu-berlin.de>
RO,Industry,2050,0,,PJ,European Commission: District heating and cooling in the European Union (see assumption and/or calculation file),10.09.2025,Nikita Moskalenko <nim@wip.tu-berlin.de>
RO,Industry,2055,0,,PJ,European Commission: District heating and cooling in the European Union (see assumption and/or calculation file),10.09.2025,Nikita Moskalenko <nim@wip.tu-berlin.de>
RO,Industry,2060,0,,PJ,European Commission: District heating and cooling in the European Union (see assumption and/or calculation file),10.09.2025,Nikita Moskalenko <nim@wip.tu-berlin.de>
SE,Industry,2018,0.11,,PJ,European Commission: District heating and cooling in the European Union (see assumption and/or calculation file) + Partner Feedback (165PJ in Buildings),10.09.2025,Nikita Moskalenko <nim@wip.tu-berlin.de>
SE,Industry,2020,0.11,,PJ,European Commission: District heating and cooling in the European Union (see assumption and/or calculation file) + Partner Feedback (165PJ in Buildings),10.09.2025,Nikita Moskalenko <nim@wip.tu-berlin.de>
SE,Industry,2021,0.11,,PJ,European Commission: District heating and cooling in the European Union (see assumption and/or calculation file) + Partner Feedback (165PJ in Buildings),10.09.2025,Nikita Moskalenko <nim@wip.tu-berlin.de>
SE,Industry,2025,0.11,,PJ,European Commission: District heating and cooling in the European Union (see assumption and/or calculation file) + Partner Feedback (165PJ in Buildings),10.09.2025,Nikita Moskalenko <nim@wip.tu-berlin.de>
SE,Industry,2030,0.1,,PJ,European Commission: District heating and cooling in the European Union (see assumption and/or calculation file) + Partner Feedback (165PJ in Buildings),10.09.2025,Nikita Moskalenko <nim@wip.tu-berlin.de>
SE,Industry,2035,0.1,,PJ,European Commission: District heating and cooling in the European Union (see assumption and/or calculation file) + Partner Feedback (165PJ in Buildings),10.09.2025,Nikita Moskalenko <nim@wip.tu-berlin.de>
SE,Industry,2040,0.09,,PJ,European Commission: District heating and cooling in the European Union (see assumption and/or calculation file) + Partner Feedback (165PJ in Buildings),10.09.2025,Nikita Moskalenko <nim@wip.tu-berlin.de>
SE,Industry,2045,0.09,,PJ,European Commission: District heating and cooling in the European Union (see assumption and/or calculation file) + Partner Feedback (165PJ in Buildings),10.09.2025,Nikita Moskalenko <nim@wip.tu-berlin.de>
SE,Industry,2050,0.08,,PJ,European Commission: District heating and cooling in the European Union (see assumption and/or calculation file) + Partner Feedback (165PJ in Buildings),10.09.2025,Nikita Moskalenko <nim@wip.tu-berlin.de>
SE,Industry,2055,0.08,,PJ,European Commission: District heating and cooling in the European Union (see assumption and/or calculation file) + Partner Feedback (165PJ in Buildings),10.09.2025,Nikita Moskalenko <nim@wip.tu-berlin.de>
SE,Industry,2060,0.08,,PJ,European Commission: District heating and cooling in the European Union (see assumption and/or calculation file) + Partner Feedback (165PJ in Buildings),10.09.2025,Nikita Moskalenko <nim@wip.tu-berlin.de>
SI,Industry,2018,0.19,,PJ,European Commission: District heating and cooling in the European Union (see assumption and/or calculation file),10.09.2025,Nikita Moskalenko <nim@wip.tu-berlin.de>
SI,Industry,2020,0.19,,PJ,European Commission: District heating and cooling in the European Union (see assumption and/or calculation file),10.09.2025,Nikita Moskalenko <nim@wip.tu-berlin.de>
SI,Industry,2021,0.19,,PJ,European Commission: District heating and cooling in the European Union (see assumption and/or calculation file),10.09.2025,Nikita Moskalenko <nim@wip.tu-berlin.de>
SI,Industry,2025,0.19,,PJ,European Commission: District heating and cooling in the European Union (see assumption and/or calculation file),10.09.2025,Nikita Moskalenko <nim@wip.tu-berlin.de>
SI,Industry,2030,0.18,,PJ,European Commission: District heating and cooling in the European Union (see assumption and/or calculation file),10.09.2025,Nikita Moskalenko <nim@wip.tu-berlin.de>
SI,Industry,2035,0.17,,PJ,European Commission: District heating and cooling in the European Union (see assumption and/or calculation file),10.09.2025,Nikita Moskalenko <nim@wip.tu-berlin.de>
SI,Industry,2040,0.16,,PJ,European Commission: District heating and cooling in the European Union (see assumption and/or calculation file),10.09.2025,Nikita Moskalenko <nim@wip.tu-berlin.de>
SI,Industry,2045,0.15,,PJ,European Commission: District heating and cooling in the European Union (see assumption and/or calculation file),10.09.2025,Nikita Moskalenko <nim@wip.tu-berlin.de>
SI,Industry,2050,0.14,,PJ,European Commission: District heating and cooling in the European Union (see assumption and/or calculation file),10.09.2025,Nikita Moskalenko <nim@wip.tu-berlin.de>
SI,Industry,2055,0.14,,PJ,European Commission: District heating and cooling in the European Union (see assumption and/or calculation file),10.09.2025,Nikita Moskalenko <nim@wip.tu-berlin.de>
SI,Industry,2060,0.14,,PJ,European Commission: District heating and cooling in the European Union (see assumption and/or calculation file),10.09.2025,Nikita Moskalenko <nim@wip.tu-berlin.de>
SK,Industry,2018,0.39,,PJ,European Commission: District heating and cooling in the European Union (see assumption and/or calculation file),10.09.2025,Nikita Moskalenko <nim@wip.tu-berlin.de>
SK,Industry,2020,0.39,,PJ,European Commission: District heating and cooling in the European Union (see assumption and/or calculation file),10.09.2025,Nikita Moskalenko <nim@wip.tu-berlin.de>
SK,Industry,2021,0.39,,PJ,European Commission: District heating and cooling in the European Union (see assumption and/or calculation file),10.09.2025,Nikita Moskalenko <nim@wip.tu-berlin.de>
SK,Industry,2025,0.39,,PJ,European Commission: District heating and cooling in the European Union (see assumption and/or calculation file),10.09.2025,Nikita Moskalenko <nim@wip.tu-berlin.de>
SK,Industry,2030,0.37,,PJ,European Commission: District heating and cooling in the European Union (see assumption and/or calculation file),10.09.2025,Nikita Moskalenko <nim@wip.tu-berlin.de>
SK,Industry,2035,0.35,,PJ,European Commission: District heating and cooling in the European Union (see assumption and/or calculation file),10.09.2025,Nikita Moskalenko <nim@wip.tu-berlin.de>
SK,Industry,2040,0.33,,PJ,European Commission: District heating and cooling in the European Union (see assumption and/or calculation file),10.09.2025,Nikita Moskalenko <nim@wip.tu-berlin.de>
SK,Industry,2045,0.31,,PJ,European Commission: District heating and cooling in the European Union (see assumption and/or calculation file),10.09.2025,Nikita Moskalenko <nim@wip.tu-berlin.de>
SK,Industry,2050,0.29,,PJ,European Commission: District heating and cooling in the European Union (see assumption and/or calculation file),10.09.2025,Nikita Moskalenko <nim@wip.tu-berlin.de>
SK,Industry,2055,0.29,,PJ,European Commission: District heating and cooling in the European Union (see assumption and/or calculation file),10.09.2025,Nikita Moskalenko <nim@wip.tu-berlin.de>
SK,Industry,2060,0.29,,PJ,European Commission: District heating and cooling in the European Union (see assumption and/or calculation file),10.09.2025,Nikita Moskalenko <nim@wip.tu-berlin.de>
TR,Industry,2018,0,,PJ,European Commission: District heating and cooling in the European Union (see assumption and/or calculation file),10.09.2025,Nikita Moskalenko <nim@wip.tu-berlin.de>
TR,Industry,2020,0,,PJ,European Commission: District heating and cooling in the European Union (see assumption and/or calculation file),10.09.2025,Nikita Moskalenko <nim@wip.tu-berlin.de>
TR,Industry,2021,0,,PJ,European Commission: District heating and cooling in the European Union (see assumption and/or calculation file),10.09.2025,Nikita Moskalenko <nim@wip.tu-berlin.de>
TR,Industry,2025,0,,PJ,European Commission: District heating and cooling in the European Union (see assumption and/or calculation file),10.09.2025,Nikita Moskalenko <nim@wip.tu-berlin.de>
TR,Industry,2030,0,,PJ,European Commission: District heating and cooling in the European Union (see assumption and/or calculation file),10.09.2025,Nikita Moskalenko <nim@wip.tu-berlin.de>
TR,Industry,2035,0,,PJ,European Commission: District heating and cooling in the European Union (see assumption and/or calculation file),10.09.2025,Nikita Moskalenko <nim@wip.tu-berlin.de>
TR,Industry,2040,0,,PJ,European Commission: District heating and cooling in the European Union (see assumption and/or calculation file),10.09.2025,Nikita Moskalenko <nim@wip.tu-berlin.de>
TR,Industry,2045,0,,PJ,European Commission: District heating and cooling in the European Union (see assumption and/or calculation file),10.09.2025,Nikita Moskalenko <nim@wip.tu-berlin.de>
TR,Industry,2050,0,,PJ,European Commission: District heating and cooling in the European Union (see assumption and/or calculation file),10.09.2025,Nikita Moskalenko <nim@wip.tu-berlin.de>
TR,Industry,2055,0,,PJ,European Commission: District heating and cooling in the European Union (see assumption and/or calculation file),10.09.2025,Nikita Moskalenko <nim@wip.tu-berlin.de>
TR,Industry,2060,0,,PJ,European Commission: District heating and cooling in the European Union (see assumption and/or calculation file),10.09.2025,Nikita Moskalenko <nim@wip.tu-berlin.de>
UK,Industry,2018,0,,PJ,European Commission: District heating and cooling in the European Union (see assumption and/or calculation file),10.09.2025,Nikita Moskalenko <nim@wip.tu-berlin.de>
UK,Industry,2020,0,,PJ,European Commission: District heating and cooling in the European Union (see assumption and/or calculation file),10.09.2025,Nikita Moskalenko <nim@wip.tu-berlin.de>
UK,Industry,2021,0,,PJ,European Commission: District heating and cooling in the European Union (see assumption and/or calculation file),10.09.2025,Nikita Moskalenko <nim@wip.tu-berlin.de>
UK,Industry,2025,0,,PJ,European Commission: District heating and cooling in the European Union (see assumption and/or calculation file),10.09.2025,Nikita Moskalenko <nim@wip.tu-berlin.de>
UK,Industry,2030,0,,PJ,European Commission: District heating and cooling in the European Union (see assumption and/or calculation file),10.09.2025,Nikita Moskalenko <nim@wip.tu-berlin.de>
UK,Industry,2035,0,,PJ,European Commission: District heating and cooling in the European Union (see assumption and/or calculation file),10.09.2025,Nikita Moskalenko <nim@wip.tu-berlin.de>
UK,Industry,2040,0,,PJ,European Commission: District heating and cooling in the European Union (see assumption and/or calculation file),10.09.2025,Nikita Moskalenko <nim@wip.tu-berlin.de>
UK,Industry,2045,0,,PJ,European Commission: District heating and cooling in the European Union (see assumption and/or calculation file),10.09.2025,Nikita Moskalenko <nim@wip.tu-berlin.de>
UK,Industry,2050,0,,PJ,European Commission: District heating and cooling in the European Union (see assumption and/or calculation file),10.09.2025,Nikita Moskalenko <nim@wip.tu-berlin.de>
UK,Industry,2055,0,,PJ,European Commission: District heating and cooling in the European Union (see assumption and/or calculation file),10.09.2025,Nikita Moskalenko <nim@wip.tu-berlin.de>
UK,Industry,2060,0,,PJ,European Commission: District heating and cooling in the European Union (see assumption and/or calculation file),10.09.2025,Nikita Moskalenko <nim@wip.tu-berlin.de>
Africa,Buildings,2018,0,,Fraction,Residential energy use by source IEA 2018 + Industrial energy use by source IEA 2018 (see assumptions),14.07.2026,Julian Bornemann <jb@wip.tu-berlin.de>
Africa,Buildings,2025,0,,Fraction,Residential energy use by source IEA 2018 + Industrial energy use by source IEA 2018 (see assumptions),14.07.2026,Julian Bornemann <jb@wip.tu-berlin.de>
Africa,Buildings,2030,0,,Fraction,Residential energy use by source IEA 2018 + Industrial energy use by source IEA 2018 (see assumptions),14.07.2026,Julian Bornemann <jb@wip.tu-berlin.de>
Africa,Buildings,2035,0,,Fraction,Residential energy use by source IEA 2018 + Industrial energy use by source IEA 2018 (see assumptions),14.07.2026,Julian Bornemann <jb@wip.tu-berlin.de>
Africa,Buildings,2040,0,,Fraction,Residential energy use by source IEA 2018 + Industrial energy use by source IEA 2018 (see assumptions),14.07.2026,Julian Bornemann <jb@wip.tu-berlin.de>
Africa,Buildings,2045,0,,Fraction,Residential energy use by source IEA 2018 + Industrial energy use by source IEA 2018 (see assumptions),14.07.2026,Julian Bornemann <jb@wip.tu-berlin.de>
Africa,Buildings,2050,0,,Fraction,Residential energy use by source IEA 2018 + Industrial energy use by source IEA 2018 (see assumptions),14.07.2026,Julian Bornemann <jb@wip.tu-berlin.de>
Africa,Buildings,2055,0,,Fraction,Residential energy use by source IEA 2018 + Industrial energy use by source IEA 2018 (see assumptions),14.07.2026,Julian Bornemann <jb@wip.tu-berlin.de>
Africa,Buildings,2060,0,,Fraction,Residential energy use by source IEA 2018 + Industrial energy use by source IEA 2018 (see assumptions),14.07.2026,Julian Bornemann <jb@wip.tu-berlin.de>
Asia-Rest,Buildings,2018,0,,Fraction,Residential energy use by source IEA 2018 + Industrial energy use by source IEA 2018 (see assumptions),14.07.2026,Julian Bornemann <jb@wip.tu-berlin.de>
Asia-Rest,Buildings,2025,0,,Fraction,Residential energy use by source IEA 2018 + Industrial energy use by source IEA 2018 (see assumptions),14.07.2026,Julian Bornemann <jb@wip.tu-berlin.de>
Asia-Rest,Buildings,2030,0,,Fraction,Residential energy use by source IEA 2018 + Industrial energy use by source IEA 2018 (see assumptions),14.07.2026,Julian Bornemann <jb@wip.tu-berlin.de>
Asia-Rest,Buildings,2035,0,,Fraction,Residential energy use by source IEA 2018 + Industrial energy use by source IEA 2018 (see assumptions),14.07.2026,Julian Bornemann <jb@wip.tu-berlin.de>
Asia-Rest,Buildings,2040,0,,Fraction,Residential energy use by source IEA 2018 + Industrial energy use by source IEA 2018 (see assumptions),14.07.2026,Julian Bornemann <jb@wip.tu-berlin.de>
Asia-Rest,Buildings,2045,0,,Fraction,Residential energy use by source IEA 2018 + Industrial energy use by source IEA 2018 (see assumptions),14.07.2026,Julian Bornemann <jb@wip.tu-berlin.de>
Asia-Rest,Buildings,2050,0,,Fraction,Residential energy use by source IEA 2018 + Industrial energy use by source IEA 2018 (see assumptions),14.07.2026,Julian Bornemann <jb@wip.tu-berlin.de>
Asia-Rest,Buildings,2055,0,,Fraction,Residential energy use by source IEA 2018 + Industrial energy use by source IEA 2018 (see assumptions),14.07.2026,Julian Bornemann <jb@wip.tu-berlin.de>
Asia-Rest,Buildings,2060,0,,Fraction,Residential energy use by source IEA 2018 + Industrial energy use by source IEA 2018 (see assumptions),14.07.2026,Julian Bornemann <jb@wip.tu-berlin.de>
China,Buildings,2018,0.81,,Fraction,Residential energy use by source IEA 2018 + Industrial energy use by source IEA 2018 (see assumptions),14.07.2026,Julian Bornemann <jb@wip.tu-berlin.de>
China,Buildings,2025,0.77625,,Fraction,Residential energy use by source IEA 2018 + Industrial energy use by source IEA 2018 (see assumptions),14.07.2026,Julian Bornemann <jb@wip.tu-berlin.de>
China,Buildings,2030,0.7425,,Fraction,Residential energy use by source IEA 2018 + Industrial energy use by source IEA 2018 (see assumptions),14.07.2026,Julian Bornemann <jb@wip.tu-berlin.de>
China,Buildings,2035,0.70875,,Fraction,Residential energy use by source IEA 2018 + Industrial energy use by source IEA 2018 (see assumptions),14.07.2026,Julian Bornemann <jb@wip.tu-berlin.de>
China,Buildings,2040,0.675,,Fraction,Residential energy use by source IEA 2018 + Industrial energy use by source IEA 2018 (see assumptions),14.07.2026,Julian Bornemann <jb@wip.tu-berlin.de>
China,Buildings,2045,0.64125,,Fraction,Residential energy use by source IEA 2018 + Industrial energy use by source IEA 2018 (see assumptions),14.07.2026,Julian Bornemann <jb@wip.tu-berlin.de>
China,Buildings,2050,0.6075,,Fraction,Residential energy use by source IEA 2018 + Industrial energy use by source IEA 2018 (see assumptions),14.07.2026,Julian Bornemann <jb@wip.tu-berlin.de>
China,Buildings,2055,0.6075,,Fraction,Residential energy use by source IEA 2018 + Industrial energy use by source IEA 2018 (see assumptions),14.07.2026,Julian Bornemann <jb@wip.tu-berlin.de>
China,Buildings,2060,0.6075,,Fraction,Residential energy use by source IEA 2018 + Industrial energy use by source IEA 2018 (see assumptions),14.07.2026,Julian Bornemann <jb@wip.tu-berlin.de>
Europe,Buildings,2018,0.84,,Fraction,Residential energy use by source IEA 2018 + Industrial energy use by source IEA 2018 (see assumptions),14.07.2026,Julian Bornemann <jb@wip.tu-berlin.de>
Europe,Buildings,2025,0.805,,Fraction,Residential energy use by source IEA 2018 + Industrial energy use by source IEA 2018 (see assumptions),14.07.2026,Julian Bornemann <jb@wip.tu-berlin.de>
Europe,Buildings,2030,0.77,,Fraction,Residential energy use by source IEA 2018 + Industrial energy use by source IEA 2018 (see assumptions),14.07.2026,Julian Bornemann <jb@wip.tu-berlin.de>
Europe,Buildings,2035,0.735,,Fraction,Residential energy use by source IEA 2018 + Industrial energy use by source IEA 2018 (see assumptions),14.07.2026,Julian Bornemann <jb@wip.tu-berlin.de>
Europe,Buildings,2040,0.7,,Fraction,Residential energy use by source IEA 2018 + Industrial energy use by source IEA 2018 (see assumptions),14.07.2026,Julian Bornemann <jb@wip.tu-berlin.de>
Europe,Buildings,2045,0.665,,Fraction,Residential energy use by source IEA 2018 + Industrial energy use by source IEA 2018 (see assumptions),14.07.2026,Julian Bornemann <jb@wip.tu-berlin.de>
Europe,Buildings,2050,0.63,,Fraction,Residential energy use by source IEA 2018 + Industrial energy use by source IEA 2018 (see assumptions),14.07.2026,Julian Bornemann <jb@wip.tu-berlin.de>
Europe,Buildings,2055,0.63,,Fraction,Residential energy use by source IEA 2018 + Industrial energy use by source IEA 2018 (see assumptions),14.07.2026,Julian Bornemann <jb@wip.tu-berlin.de>
Europe,Buildings,2060,0.63,,Fraction,Residential energy use by source IEA 2018 + Industrial energy use by source IEA 2018 (see assumptions),14.07.2026,Julian Bornemann <jb@wip.tu-berlin.de>
FSU,Buildings,2018,0.81,,Fraction,Residential energy use by source IEA 2018 + Industrial energy use by source IEA 2018 (see assumptions),14.07.2026,Julian Bornemann <jb@wip.tu-berlin.de>
FSU,Buildings,2025,0.77625,,Fraction,Residential energy use by source IEA 2018 + Industrial energy use by source IEA 2018 (see assumptions),14.07.2026,Julian Bornemann <jb@wip.tu-berlin.de>
FSU,Buildings,2030,0.7425,,Fraction,Residential energy use by source IEA 2018 + Industrial energy use by source IEA 2018 (see assumptions),14.07.2026,Julian Bornemann <jb@wip.tu-berlin.de>
FSU,Buildings,2035,0.70875,,Fraction,Residential energy use by source IEA 2018 + Industrial energy use by source IEA 2018 (see assumptions),14.07.2026,Julian Bornemann <jb@wip.tu-berlin.de>
FSU,Buildings,2040,0.675,,Fraction,Residential energy use by source IEA 2018 + Industrial energy use by source IEA 2018 (see assumptions),14.07.2026,Julian Bornemann <jb@wip.tu-berlin.de>
FSU,Buildings,2045,0.64125,,Fraction,Residential energy use by source IEA 2018 + Industrial energy use by source IEA 2018 (see assumptions),14.07.2026,Julian Bornemann <jb@wip.tu-berlin.de>
FSU,Buildings,2050,0.6075,,Fraction,Residential energy use by source IEA 2018 + Industrial energy use by source IEA 2018 (see assumptions),14.07.2026,Julian Bornemann <jb@wip.tu-berlin.de>
FSU,Buildings,2055,0.6075,,Fraction,Residential energy use by source IEA 2018 + Industrial energy use by source IEA 2018 (see assumptions),14.07.2026,Julian Bornemann <jb@wip.tu-berlin.de>
FSU,Buildings,2060,0.6075,,Fraction,Residential energy use by source IEA 2018 + Industrial energy use by source IEA 2018 (see assumptions),14.07.2026,Julian Bornemann <jb@wip.tu-berlin.de>
India,Buildings,2018,0,,Fraction,Residential energy use by source IEA 2018 + Industrial energy use by source IEA 2018 (see assumptions),14.07.2026,Julian Bornemann <jb@wip.tu-berlin.de>
India,Buildings,2025,0,,Fraction,Residential energy use by source IEA 2018 + Industrial energy use by source IEA 2018 (see assumptions),14.07.2026,Julian Bornemann <jb@wip.tu-berlin.de>
India,Buildings,2030,0,,Fraction,Residential energy use by source IEA 2018 + Industrial energy use by source IEA 2018 (see assumptions),14.07.2026,Julian Bornemann <jb@wip.tu-berlin.de>
India,Buildings,2035,0,,Fraction,Residential energy use by source IEA 2018 + Industrial energy use by source IEA 2018 (see assumptions),14.07.2026,Julian Bornemann <jb@wip.tu-berlin.de>
India,Buildings,2040,0,,Fraction,Residential energy use by source IEA 2018 + Industrial energy use by source IEA 2018 (see assumptions),14.07.2026,Julian Bornemann <jb@wip.tu-berlin.de>
India,Buildings,2045,0,,Fraction,Residential energy use by source IEA 2018 + Industrial energy use by source IEA 2018 (see assumptions),14.07.2026,Julian Bornemann <jb@wip.tu-berlin.de>
India,Buildings,2050,0,,Fraction,Residential energy use by source IEA 2018 + Industrial energy use by source IEA 2018 (see assumptions),14.07.2026,Julian Bornemann <jb@wip.tu-berlin.de>
India,Buildings,2055,0,,Fraction,Residential energy use by source IEA 2018 + Industrial energy use by source IEA 2018 (see assumptions),14.07.2026,Julian Bornemann <jb@wip.tu-berlin.de>
India,Buildings,2060,0,,Fraction,Residential energy use by source IEA 2018 + Industrial energy use by source IEA 2018 (see assumptions),14.07.2026,Julian Bornemann <jb@wip.tu-berlin.de>
Japan + Republic of Korea,Buildings,2018,0.8,,Fraction,Residential energy use by source IEA 2018 + Industrial energy use by source IEA 2018 (see assumptions),14.07.2026,Julian Bornemann <jb@wip.tu-berlin.de>
Japan + Republic of Korea,Buildings,2025,0.766666667,,Fraction,Residential energy use by source IEA 2018 + Industrial energy use by source IEA 2018 (see assumptions),14.07.2026,Julian Bornemann <jb@wip.tu-berlin.de>
Japan + Republic of Korea,Buildings,2030,0.733333333,,Fraction,Residential energy use by source IEA 2018 + Industrial energy use by source IEA 2018 (see assumptions),14.07.2026,Julian Bornemann <jb@wip.tu-berlin.de>
Japan + Republic of Korea,Buildings,2035,0.7,,Fraction,Residential energy use by source IEA 2018 + Industrial energy use by source IEA 2018 (see assumptions),14.07.2026,Julian Bornemann <jb@wip.tu-berlin.de>
Japan + Republic of Korea,Buildings,2040,0.666666667,,Fraction,Residential energy use by source IEA 2018 + Industrial energy use by source IEA 2018 (see assumptions),14.07.2026,Julian Bornemann <jb@wip.tu-berlin.de>
Japan + Republic of Korea,Buildings,2045,0.633333333,,Fraction,Residential energy use by source IEA 2018 + Industrial energy use by source IEA 2018 (see assumptions),14.07.2026,Julian Bornemann <jb@wip.tu-berlin.de>
Japan + Republic of Korea,Buildings,2050,0.6,,Fraction,Residential energy use by source IEA 2018 + Industrial energy use by source IEA 2018 (see assumptions),14.07.2026,Julian Bornemann <jb@wip.tu-berlin.de>
Japan + Republic of Korea,Buildings,2055,0.6,,Fraction,Residential energy use by source IEA 2018 + Industrial energy use by source IEA 2018 (see assumptions),14.07.2026,Julian Bornemann <jb@wip.tu-berlin.de>
Japan + Republic of Korea,Buildings,2060,0.6,,Fraction,Residential energy use by source IEA 2018 + Industrial energy use by source IEA 2018 (see assumptions),14.07.2026,Julian Bornemann <jb@wip.tu-berlin.de>
Central & South America,Buildings,2018,0,,Fraction,Residential energy use by source IEA 2018 + Industrial energy use by source IEA 2018 (see assumptions),14.07.2026,Julian Bornemann <jb@wip.tu-berlin.de>
Central & South America,Buildings,2025,0,,Fraction,Residential energy use by source IEA 2018 + Industrial energy use by source IEA 2018 (see assumptions),14.07.2026,Julian Bornemann <jb@wip.tu-berlin.de>
Central & South America,Buildings,2030,0,,Fraction,Residential energy use by source IEA 2018 + Industrial energy use by source IEA 2018 (see assumptions),14.07.2026,Julian Bornemann <jb@wip.tu-berlin.de>
Central & South America,Buildings,2035,0,,Fraction,Residential energy use by source IEA 2018 + Industrial energy use by source IEA 2018 (see assumptions),14.07.2026,Julian Bornemann <jb@wip.tu-berlin.de>
Central & South America,Buildings,2040,0,,Fraction,Residential energy use by source IEA 2018 + Industrial energy use by source IEA 2018 (see assumptions),14.07.2026,Julian Bornemann <jb@wip.tu-berlin.de>
Central & South America,Buildings,2045,0,,Fraction,Residential energy use by source IEA 2018 + Industrial energy use by source IEA 2018 (see assumptions),14.07.2026,Julian Bornemann <jb@wip.tu-berlin.de>
Central & South America,Buildings,2050,0,,Fraction,Residential energy use by source IEA 2018 + Industrial energy use by source IEA 2018 (see assumptions),14.07.2026,Julian Bornemann <jb@wip.tu-berlin.de>
Central & South America,Buildings,2055,0,,Fraction,Residential energy use by source IEA 2018 + Industrial energy use by source IEA 2018 (see assumptions),14.07.2026,Julian Bornemann <jb@wip.tu-berlin.de>
Central & South America,Buildings,2060,0,,Fraction,Residential energy use by source IEA 2018 + Industrial energy use by source IEA 2018 (see assumptions),14.07.2026,Julian Bornemann <jb@wip.tu-berlin.de>
Middle East,Buildings,2018,0,,Fraction,Residential energy use by source IEA 2018 + Industrial energy use by source IEA 2018 (see assumptions),14.07.2026,Julian Bornemann <jb@wip.tu-berlin.de>
Middle East,Buildings,2025,0,,Fraction,Residential energy use by source IEA 2018 + Industrial energy use by source IEA 2018 (see assumptions),14.07.2026,Julian Bornemann <jb@wip.tu-berlin.de>
Middle East,Buildings,2030,0,,Fraction,Residential energy use by source IEA 2018 + Industrial energy use by source IEA 2018 (see assumptions),14.07.2026,Julian Bornemann <jb@wip.tu-berlin.de>
Middle East,Buildings,2035,0,,Fraction,Residential energy use by source IEA 2018 + Industrial energy use by source IEA 2018 (see assumptions),14.07.2026,Julian Bornemann <jb@wip.tu-berlin.de>
Middle East,Buildings,2040,0,,Fraction,Residential energy use by source IEA 2018 + Industrial energy use by source IEA 2018 (see assumptions),14.07.2026,Julian Bornemann <jb@wip.tu-berlin.de>
Middle East,Buildings,2045,0,,Fraction,Residential energy use by source IEA 2018 + Industrial energy use by source IEA 2018 (see assumptions),14.07.2026,Julian Bornemann <jb@wip.tu-berlin.de>
Middle East,Buildings,2050,0,,Fraction,Residential energy use by source IEA 2018 + Industrial energy use by source IEA 2018 (see assumptions),14.07.2026,Julian Bornemann <jb@wip.tu-berlin.de>
Middle East,Buildings,2055,0,,Fraction,Residential energy use by source IEA 2018 + Industrial energy use by source IEA 2018 (see assumptions),14.07.2026,Julian Bornemann <jb@wip.tu-berlin.de>
Middle East,Buildings,2060,0,,Fraction,Residential energy use by source IEA 2018 + Industrial energy use by source IEA 2018 (see assumptions),14.07.2026,Julian Bornemann <jb@wip.tu-berlin.de>
North America,Buildings,2018,0,,Fraction,Residential energy use by source IEA 2018 + Industrial energy use by source IEA 2018 (see assumptions),14.07.2026,Julian Bornemann <jb@wip.tu-berlin.de>
North America,Buildings,2025,0,,Fraction,Residential energy use by source IEA 2018 + Industrial energy use by source IEA 2018 (see assumptions),14.07.2026,Julian Bornemann <jb@wip.tu-berlin.de>
North America,Buildings,2030,0,,Fraction,Residential energy use by source IEA 2018 + Industrial energy use by source IEA 2018 (see assumptions),14.07.2026,Julian Bornemann <jb@wip.tu-berlin.de>
North America,Buildings,2035,0,,Fraction,Residential energy use by source IEA 2018 + Industrial energy use by source IEA 2018 (see assumptions),14.07.2026,Julian Bornemann <jb@wip.tu-berlin.de>
North America,Buildings,2040,0,,Fraction,Residential energy use by source IEA 2018 + Industrial energy use by source IEA 2018 (see assumptions),14.07.2026,Julian Bornemann <jb@wip.tu-berlin.de>
North America,Buildings,2045,0,,Fraction,Residential energy use by source IEA 2018 + Industrial energy use by source IEA 2018 (see assumptions),14.07.2026,Julian Bornemann <jb@wip.tu-berlin.de>
North America,Buildings,2050,0,,Fraction,Residential energy use by source IEA 2018 + Industrial energy use by source IEA 2018 (see assumptions),14.07.2026,Julian Bornemann <jb@wip.tu-berlin.de>
North America,Buildings,2055,0,,Fraction,Residential energy use by source IEA 2018 + Industrial energy use by source IEA 2018 (see assumptions),14.07.2026,Julian Bornemann <jb@wip.tu-berlin.de>
North America,Buildings,2060,0,,Fraction,Residential energy use by source IEA 2018 + Industrial energy use by source IEA 2018 (see assumptions),14.07.2026,Julian Bornemann <jb@wip.tu-berlin.de>
Oceania,Buildings,2018,0,,Fraction,Residential energy use by source IEA 2018 + Industrial energy use by source IEA 2018 (see assumptions),14.07.2026,Julian Bornemann <jb@wip.tu-berlin.de>
Oceania,Buildings,2025,0,,Fraction,Residential energy use by source IEA 2018 + Industrial energy use by source IEA 2018 (see assumptions),14.07.2026,Julian Bornemann <jb@wip.tu-berlin.de>
Oceania,Buildings,2030,0,,Fraction,Residential energy use by source IEA 2018 + Industrial energy use by source IEA 2018 (see assumptions),14.07.2026,Julian Bornemann <jb@wip.tu-berlin.de>
Oceania,Buildings,2035,0,,Fraction,Residential energy use by source IEA 2018 + Industrial energy use by source IEA 2018 (see assumptions),14.07.2026,Julian Bornemann <jb@wip.tu-berlin.de>
Oceania,Buildings,2040,0,,Fraction,Residential energy use by source IEA 2018 + Industrial energy use by source IEA 2018 (see assumptions),14.07.2026,Julian Bornemann <jb@wip.tu-berlin.de>
Oceania,Buildings,2045,0,,Fraction,Residential energy use by source IEA 2018 + Industrial energy use by source IEA 2018 (see assumptions),14.07.2026,Julian Bornemann <jb@wip.tu-berlin.de>
Oceania,Buildings,2050,0,,Fraction,Residential energy use by source IEA 2018 + Industrial energy use by source IEA 2018 (see assumptions),14.07.2026,Julian Bornemann <jb@wip.tu-berlin.de>
Oceania,Buildings,2055,0,,Fraction,Residential energy use by source IEA 2018 + Industrial energy use by source IEA 2018 (see assumptions),14.07.2026,Julian Bornemann <jb@wip.tu-berlin.de>
Oceania,Buildings,2060,0,,Fraction,Residential energy use by source IEA 2018 + Industrial energy use by source IEA 2018 (see assumptions),14.07.2026,Julian Bornemann <jb@wip.tu-berlin.de>
Africa,Industry,2018,0,,Fraction,Residential energy use by source IEA 2018 + Industrial energy use by source IEA 2018 (see assumptions),14.07.2026,Julian Bornemann <jb@wip.tu-berlin.de>
Africa,Industry,2025,0,,Fraction,Residential energy use by source IEA 2018 + Industrial energy use by source IEA 2018 (see assumptions),14.07.2026,Julian Bornemann <jb@wip.tu-berlin.de>
Africa,Industry,2030,0,,Fraction,Residential energy use by source IEA 2018 + Industrial energy use by source IEA 2018 (see assumptions),14.07.2026,Julian Bornemann <jb@wip.tu-berlin.de>
Africa,Industry,2035,0,,Fraction,Residential energy use by source IEA 2018 + Industrial energy use by source IEA 2018 (see assumptions),14.07.2026,Julian Bornemann <jb@wip.tu-berlin.de>
Africa,Industry,2040,0,,Fraction,Residential energy use by source IEA 2018 + Industrial energy use by source IEA 2018 (see assumptions),14.07.2026,Julian Bornemann <jb@wip.tu-berlin.de>
Africa,Industry,2045,0,,Fraction,Residential energy use by source IEA 2018 + Industrial energy use by source IEA 2018 (see assumptions),14.07.2026,Julian Bornemann <jb@wip.tu-berlin.de>
Africa,Industry,2050,0,,Fraction,Residential energy use by source IEA 2018 + Industrial energy use by source IEA 2018 (see assumptions),14.07.2026,Julian Bornemann <jb@wip.tu-berlin.de>
Africa,Industry,2055,0,,Fraction,Residential energy use by source IEA 2018 + Industrial energy use by source IEA 2018 (see assumptions),14.07.2026,Julian Bornemann <jb@wip.tu-berlin.de>
Africa,Industry,2060,0,,Fraction,Residential energy use by source IEA 2018 + Industrial energy use by source IEA 2018 (see assumptions),14.07.2026,Julian Bornemann <jb@wip.tu-berlin.de>
Asia-Rest,Industry,2018,1,,Fraction,Residential energy use by source IEA 2018 + Industrial energy use by source IEA 2018 (see assumptions),14.07.2026,Julian Bornemann <jb@wip.tu-berlin.de>
Asia-Rest,Industry,2025,0.958333333,,Fraction,Residential energy use by source IEA 2018 + Industrial energy use by source IEA 2018 (see assumptions),14.07.2026,Julian Bornemann <jb@wip.tu-berlin.de>
Asia-Rest,Industry,2030,0.916666667,,Fraction,Residential energy use by source IEA 2018 + Industrial energy use by source IEA 2018 (see assumptions),14.07.2026,Julian Bornemann <jb@wip.tu-berlin.de>
Asia-Rest,Industry,2035,0.875,,Fraction,Residential energy use by source IEA 2018 + Industrial energy use by source IEA 2018 (see assumptions),14.07.2026,Julian Bornemann <jb@wip.tu-berlin.de>
Asia-Rest,Industry,2040,0.833333333,,Fraction,Residential energy use by source IEA 2018 + Industrial energy use by source IEA 2018 (see assumptions),14.07.2026,Julian Bornemann <jb@wip.tu-berlin.de>
Asia-Rest,Industry,2045,0.791666667,,Fraction,Residential energy use by source IEA 2018 + Industrial energy use by source IEA 2018 (see assumptions),14.07.2026,Julian Bornemann <jb@wip.tu-berlin.de>
Asia-Rest,Industry,2050,0.75,,Fraction,Residential energy use by source IEA 2018 + Industrial energy use by source IEA 2018 (see assumptions),14.07.2026,Julian Bornemann <jb@wip.tu-berlin.de>
Asia-Rest,Industry,2055,0.75,,Fraction,Residential energy use by source IEA 2018 + Industrial energy use by source IEA 2018 (see assumptions),14.07.2026,Julian Bornemann <jb@wip.tu-berlin.de>
Asia-Rest,Industry,2060,0.75,,Fraction,Residential energy use by source IEA 2018 + Industrial energy use by source IEA 2018 (see assumptions),14.07.2026,Julian Bornemann <jb@wip.tu-berlin.de>
China,Industry,2018,0.19,,Fraction,Residential energy use by source IEA 2018 + Industrial energy use by source IEA 2018 (see assumptions),14.07.2026,Julian Bornemann <jb@wip.tu-berlin.de>
China,Industry,2025,0.182083333,,Fraction,Residential energy use by source IEA 2018 + Industrial energy use by source IEA 2018 (see assumptions),14.07.2026,Julian Bornemann <jb@wip.tu-berlin.de>
China,Industry,2030,0.174166667,,Fraction,Residential energy use by source IEA 2018 + Industrial energy use by source IEA 2018 (see assumptions),14.07.2026,Julian Bornemann <jb@wip.tu-berlin.de>
China,Industry,2035,0.16625,,Fraction,Residential energy use by source IEA 2018 + Industrial energy use by source IEA 2018 (see assumptions),14.07.2026,Julian Bornemann <jb@wip.tu-berlin.de>
China,Industry,2040,0.158333333,,Fraction,Residential energy use by source IEA 2018 + Industrial energy use by source IEA 2018 (see assumptions),14.07.2026,Julian Bornemann <jb@wip.tu-berlin.de>
China,Industry,2045,0.150416667,,Fraction,Residential energy use by source IEA 2018 + Industrial energy use by source IEA 2018 (see assumptions),14.07.2026,Julian Bornemann <jb@wip.tu-berlin.de>
China,Industry,2050,0.1425,,Fraction,Residential energy use by source IEA 2018 + Industrial energy use by source IEA 2018 (see assumptions),14.07.2026,Julian Bornemann <jb@wip.tu-berlin.de>
China,Industry,2055,0.1425,,Fraction,Residential energy use by source IEA 2018 + Industrial energy use by source IEA 2018 (see assumptions),14.07.2026,Julian Bornemann <jb@wip.tu-berlin.de>
China,Industry,2060,0.1425,,Fraction,Residential energy use by source IEA 2018 + Industrial energy use by source IEA 2018 (see assumptions),14.07.2026,Julian Bornemann <jb@wip.tu-berlin.de>
Europe,Industry,2018,0.16,,Fraction,Residential energy use by source IEA 2018 + Industrial energy use by source IEA 2018 (see assumptions),14.07.2026,Julian Bornemann <jb@wip.tu-berlin.de>
Europe,Industry,2025,0.153333333,,Fraction,Residential energy use by source IEA 2018 + Industrial energy use by source IEA 2018 (see assumptions),14.07.2026,Julian Bornemann <jb@wip.tu-berlin.de>
Europe,Industry,2030,0.146666667,,Fraction,Residential energy use by source IEA 2018 + Industrial energy use by source IEA 2018 (see assumptions),14.07.2026,Julian Bornemann <jb@wip.tu-berlin.de>
Europe,Industry,2035,0.14,,Fraction,Residential energy use by source IEA 2018 + Industrial energy use by source IEA 2018 (see assumptions),14.07.2026,Julian Bornemann <jb@wip.tu-berlin.de>
Europe,Industry,2040,0.133333333,,Fraction,Residential energy use by source IEA 2018 + Industrial energy use by source IEA 2018 (see assumptions),14.07.2026,Julian Bornemann <jb@wip.tu-berlin.de>
Europe,Industry,2045,0.126666667,,Fraction,Residential energy use by source IEA 2018 + Industrial energy use by source IEA 2018 (see assumptions),14.07.2026,Julian Bornemann <jb@wip.tu-berlin.de>
Europe,Industry,2050,0.12,,Fraction,Residential energy use by source IEA 2018 + Industrial energy use by source IEA 2018 (see assumptions),14.07.2026,Julian Bornemann <jb@wip.tu-berlin.de>
Europe,Industry,2055,0.12,,Fraction,Residential energy use by source IEA 2018 + Industrial energy use by source IEA 2018 (see assumptions),14.07.2026,Julian Bornemann <jb@wip.tu-berlin.de>
Europe,Industry,2060,0.12,,Fraction,Residential energy use by source IEA 2018 + Industrial energy use by source IEA 2018 (see assumptions),14.07.2026,Julian Bornemann <jb@wip.tu-berlin.de>
FSU,Industry,2018,0.19,,Fraction,Residential energy use by source IEA 2018 + Industrial energy use by source IEA 2018 (see assumptions),14.07.2026,Julian Bornemann <jb@wip.tu-berlin.de>
FSU,Industry,2025,0.182083333,,Fraction,Residential energy use by source IEA 2018 + Industrial energy use by source IEA 2018 (see assumptions),14.07.2026,Julian Bornemann <jb@wip.tu-berlin.de>
FSU,Industry,2030,0.174166667,,Fraction,Residential energy use by source IEA 2018 + Industrial energy use by source IEA 2018 (see assumptions),14.07.2026,Julian Bornemann <jb@wip.tu-berlin.de>
FSU,Industry,2035,0.16625,,Fraction,Residential energy use by source IEA 2018 + Industrial energy use by source IEA 2018 (see assumptions),14.07.2026,Julian Bornemann <jb@wip.tu-berlin.de>
FSU,Industry,2040,0.158333333,,Fraction,Residential energy use by source IEA 2018 + Industrial energy use by source IEA 2018 (see assumptions),14.07.2026,Julian Bornemann <jb@wip.tu-berlin.de>
FSU,Industry,2045,0.150416667,,Fraction,Residential energy use by source IEA 2018 + Industrial energy use by source IEA 2018 (see assumptions),14.07.2026,Julian Bornemann <jb@wip.tu-berlin.de>
FSU,Industry,2050,0.1425,,Fraction,Residential energy use by source IEA 2018 + Industrial energy use by source IEA 2018 (see assumptions),14.07.2026,Julian Bornemann <jb@wip.tu-berlin.de>
FSU,Industry,2055,0.1425,,Fraction,Residential energy use by source IEA 2018 + Industrial energy use by source IEA 2018 (see assumptions),14.07.2026,Julian Bornemann <jb@wip.tu-berlin.de>
FSU,Industry,2060,0.1425,,Fraction,Residential energy use by source IEA 2018 + Industrial energy use by source IEA 2018 (see assumptions),14.07.2026,Julian Bornemann <jb@wip.tu-berlin.de>
India,Industry,2018,0,,Fraction,Residential energy use by source IEA 2018 + Industrial energy use by source IEA 2018 (see assumptions),14.07.2026,Julian Bornemann <jb@wip.tu-berlin.de>
India,Industry,2025,0,,Fraction,Residential energy use by source IEA 2018 + Industrial energy use by source IEA 2018 (see assumptions),14.07.2026,Julian Bornemann <jb@wip.tu-berlin.de>
India,Industry,2030,0,,Fraction,Residential energy use by source IEA 2018 + Industrial energy use by source IEA 2018 (see assumptions),14.07.2026,Julian Bornemann <jb@wip.tu-berlin.de>
India,Industry,2035,0,,Fraction,Residential energy use by source IEA 2018 + Industrial energy use by source IEA 2018 (see assumptions),14.07.2026,Julian Bornemann <jb@wip.tu-berlin.de>
India,Industry,2040,0,,Fraction,Residential energy use by source IEA 2018 + Industrial energy use by source IEA 2018 (see assumptions),14.07.2026,Julian Bornemann <jb@wip.tu-berlin.de>
India,Industry,2045,0,,Fraction,Residential energy use by source IEA 2018 + Industrial energy use by source IEA 2018 (see assumptions),14.07.2026,Julian Bornemann <jb@wip.tu-berlin.de>
India,Industry,2050,0,,Fraction,Residential energy use by source IEA 2018 + Industrial energy use by source IEA 2018 (see assumptions),14.07.2026,Julian Bornemann <jb@wip.tu-berlin.de>
India,Industry,2055,0,,Fraction,Residential energy use by source IEA 2018 + Industrial energy use by source IEA 2018 (see assumptions),14.07.2026,Julian Bornemann <jb@wip.tu-berlin.de>
India,Industry,2060,0,,Fraction,Residential energy use by source IEA 2018 + Industrial energy use by source IEA 2018 (see assumptions),14.07.2026,Julian Bornemann <jb@wip.tu-berlin.de>
Japan + Republic of Korea,Industry,2018,0.2,,Fraction,Residential energy use by source IEA 2018 + Industrial energy use by source IEA 2018 (see assumptions),14.07.2026,Julian Bornemann <jb@wip.tu-berlin.de>
Japan + Republic of Korea,Industry,2025,0.191666667,,Fraction,Residential energy use by source IEA 2018 + Industrial energy use by source IEA 2018 (see assumptions),14.07.2026,Julian Bornemann <jb@wip.tu-berlin.de>
Japan + Republic of Korea,Industry,2030,0.183333333,,Fraction,Residential energy use by source IEA 2018 + Industrial energy use by source IEA 2018 (see assumptions),14.07.2026,Julian Bornemann <jb@wip.tu-berlin.de>
Japan + Republic of Korea,Industry,2035,0.175,,Fraction,Residential energy use by source IEA 2018 + Industrial energy use by source IEA 2018 (see assumptions),14.07.2026,Julian Bornemann <jb@wip.tu-berlin.de>
Japan + Republic of Korea,Industry,2040,0.166666667,,Fraction,Residential energy use by source IEA 2018 + Industrial energy use by source IEA 2018 (see assumptions),14.07.2026,Julian Bornemann <jb@wip.tu-berlin.de>
Japan + Republic of Korea,Industry,2045,0.158333333,,Fraction,Residential energy use by source IEA 2018 + Industrial energy use by source IEA 2018 (see assumptions),14.07.2026,Julian Bornemann <jb@wip.tu-berlin.de>
Japan + Republic of Korea,Industry,2050,0.15,,Fraction,Residential energy use by source IEA 2018 + Industrial energy use by source IEA 2018 (see assumptions),14.07.2026,Julian Bornemann <jb@wip.tu-berlin.de>
Japan + Republic of Korea,Industry,2055,0.15,,Fraction,Residential energy use by source IEA 2018 + Industrial energy use by source IEA 2018 (see assumptions),14.07.2026,Julian Bornemann <jb@wip.tu-berlin.de>
Japan + Republic of Korea,Industry,2060,0.15,,Fraction,Residential energy use by source IEA 2018 + Industrial energy use by source IEA 2018 (see assumptions),14.07.2026,Julian Bornemann <jb@wip.tu-berlin.de>
Central & South America,Industry,2018,0,,Fraction,Residential energy use by source IEA 2018 + Industrial energy use by source IEA 2018 (see assumptions),14.07.2026,Julian Bornemann <jb@wip.tu-berlin.de>
Central & South America,Industry,2025,0,,Fraction,Residential energy use by source IEA 2018 + Industrial energy use by source IEA 2018 (see assumptions),14.07.2026,Julian Bornemann <jb@wip.tu-berlin.de>
Central & South America,Industry,2030,0,,Fraction,Residential energy use by source IEA 2018 + Industrial energy use by source IEA 2018 (see assumptions),14.07.2026,Julian Bornemann <jb@wip.tu-berlin.de>
Central & South America,Industry,2035,0,,Fraction,Residential energy use by source IEA 2018 + Industrial energy use by source IEA 2018 (see assumptions),14.07.2026,Julian Bornemann <jb@wip.tu-berlin.de>
Central & South America,Industry,2040,0,,Fraction,Residential energy use by source IEA 2018 + Industrial energy use by source IEA 2018 (see assumptions),14.07.2026,Julian Bornemann <jb@wip.tu-berlin.de>
Central & South America,Industry,2045,0,,Fraction,Residential energy use by source IEA 2018 + Industrial energy use by source IEA 2018 (see assumptions),14.07.2026,Julian Bornemann <jb@wip.tu-berlin.de>
Central & South America,Industry,2050,0,,Fraction,Residential energy use by source IEA 2018 + Industrial energy use by source IEA 2018 (see assumptions),14.07.2026,Julian Bornemann <jb@wip.tu-berlin.de>
Central & South America,Industry,2055,0,,Fraction,Residential energy use by source IEA 2018 + Industrial energy use by source IEA 2018 (see assumptions),14.07.2026,Julian Bornemann <jb@wip.tu-berlin.de>
Central & South America,Industry,2060,0,,Fraction,Residential energy use by source IEA 2018 + Industrial energy use by source IEA 2018 (see assumptions),14.07.2026,Julian Bornemann <jb@wip.tu-berlin.de>
Middle East,Industry,2018,0,,Fraction,Residential energy use by source IEA 2018 + Industrial energy use by source IEA 2018 (see assumptions),14.07.2026,Julian Bornemann <jb@wip.tu-berlin.de>
Middle East,Industry,2025,0,,Fraction,Residential energy use by source IEA 2018 + Industrial energy use by source IEA 2018 (see assumptions),14.07.2026,Julian Bornemann <jb@wip.tu-berlin.de>
Middle East,Industry,2030,0,,Fraction,Residential energy use by source IEA 2018 + Industrial energy use by source IEA 2018 (see assumptions),14.07.2026,Julian Bornemann <jb@wip.tu-berlin.de>
Middle East,Industry,2035,0,,Fraction,Residential energy use by source IEA 2018 + Industrial energy use by source IEA 2018 (see assumptions),14.07.2026,Julian Bornemann <jb@wip.tu-berlin.de>
Middle East,Industry,2040,0,,Fraction,Residential energy use by source IEA 2018 + Industrial energy use by source IEA 2018 (see assumptions),14.07.2026,Julian Bornemann <jb@wip.tu-berlin.de>
Middle East,Industry,2045,0,,Fraction,Residential energy use by source IEA 2018 + Industrial energy use by source IEA 2018 (see assumptions),14.07.2026,Julian Bornemann <jb@wip.tu-berlin.de>
Middle East,Industry,2050,0,,Fraction,Residential energy use by source IEA 2018 + Industrial energy use by source IEA 2018 (see assumptions),14.07.2026,Julian Bornemann <jb@wip.tu-berlin.de>
Middle East,Industry,2055,0,,Fraction,Residential energy use by source IEA 2018 + Industrial energy use by source IEA 2018 (see assumptions),14.07.2026,Julian Bornemann <jb@wip.tu-berlin.de>
Middle East,Industry,2060,0,,Fraction,Residential energy use by source IEA 2018 + Industrial energy use by source IEA 2018 (see assumptions),14.07.2026,Julian Bornemann <jb@wip.tu-berlin.de>
North America,Industry,2018,1,,Fraction,Residential energy use by source IEA 2018 + Industrial energy use by source IEA 2018 (see assumptions),14.07.2026,Julian Bornemann <jb@wip.tu-berlin.de>
North America,Industry,2025,0.958333333,,Fraction,Residential energy use by source IEA 2018 + Industrial energy use by source IEA 2018 (see assumptions),14.07.2026,Julian Bornemann <jb@wip.tu-berlin.de>
North America,Industry,2030,0.916666667,,Fraction,Residential energy use by source IEA 2018 + Industrial energy use by source IEA 2018 (see assumptions),14.07.2026,Julian Bornemann <jb@wip.tu-berlin.de>
North America,Industry,2035,0.875,,Fraction,Residential energy use by source IEA 2018 + Industrial energy use by source IEA 2018 (see assumptions),14.07.2026,Julian Bornemann <jb@wip.tu-berlin.de>
North America,Industry,2040,0.833333333,,Fraction,Residential energy use by source IEA 2018 + Industrial energy use by source IEA 2018 (see assumptions),14.07.2026,Julian Bornemann <jb@wip.tu-berlin.de>
North America,Industry,2045,0.791666667,,Fraction,Residential energy use by source IEA 2018 + Industrial energy use by source IEA 2018 (see assumptions),14.07.2026,Julian Bornemann <jb@wip.tu-berlin.de>
North America,Industry,2050,0.75,,Fraction,Residential energy use by source IEA 2018 + Industrial energy use by source IEA 2018 (see assumptions),14.07.2026,Julian Bornemann <jb@wip.tu-berlin.de>
North America,Industry,2055,0.75,,Fraction,Residential energy use by source IEA 2018 + Industrial energy use by source IEA 2018 (see assumptions),14.07.2026,Julian Bornemann <jb@wip.tu-berlin.de>
North America,Industry,2060,0.75,,Fraction,Residential energy use by source IEA 2018 + Industrial energy use by source IEA 2018 (see assumptions),14.07.2026,Julian Bornemann <jb@wip.tu-berlin.de>
Oceania,Industry,2018,0,,Fraction,Residential energy use by source IEA 2018 + Industrial energy use by source IEA 2018 (see assumptions),14.07.2026,Julian Bornemann <jb@wip.tu-berlin.de>
Oceania,Industry,2025,0,,Fraction,Residential energy use by source IEA 2018 + Industrial energy use by source IEA 2018 (see assumptions),14.07.2026,Julian Bornemann <jb@wip.tu-berlin.de>
Oceania,Industry,2030,0,,Fraction,Residential energy use by source IEA 2018 + Industrial energy use by source IEA 2018 (see assumptions),14.07.2026,Julian Bornemann <jb@wip.tu-berlin.de>
Oceania,Industry,2035,0,,Fraction,Residential energy use by source IEA 2018 + Industrial energy use by source IEA 2018 (see assumptions),14.07.2026,Julian Bornemann <jb@wip.tu-berlin.de>
Oceania,Industry,2040,0,,Fraction,Residential energy use by source IEA 2018 + Industrial energy use by source IEA 2018 (see assumptions),14.07.2026,Julian Bornemann <jb@wip.tu-berlin.de>
Oceania,Industry,2045,0,,Fraction,Residential energy use by source IEA 2018 + Industrial energy use by source IEA 2018 (see assumptions),14.07.2026,Julian Bornemann <jb@wip.tu-berlin.de>
Oceania,Industry,2050,0,,Fraction,Residential energy use by source IEA 2018 + Industrial energy use by source IEA 2018 (see assumptions),14.07.2026,Julian Bornemann <jb@wip.tu-berlin.de>
Oceania,Industry,2055,0,,Fraction,Residential energy use by source IEA 2018 + Industrial energy use by source IEA 2018 (see assumptions),14.07.2026,Julian Bornemann <jb@wip.tu-berlin.de>
Oceania,Industry,2060,0,,Fraction,Residential energy use by source IEA 2018 + Industrial energy use by source IEA 2018 (see assumptions),14.07.2026,Julian Bornemann <jb@wip.tu-berlin.de>
